Answer,Solution,Source,Year,Type,Competition,Difficulty,Img,Problem,AnswerType,modified_problem,review_status
50,,BMT 2012 Individual #1,2012,Algebra,BMT,2.0,,Let $\{a_n\}_{n=1}^{\infty}$ be an arithmetic progression with $a_1 > 0$ and $5a_{13} = 6a_{19}$. What is the smallest integer $n$ such that $a_n < 0$?,aime_ready_integers,N/A,
960,,BMT 2012 Individual #2,2012,Number Theory,BMT,2.5,,Find the smallest number with exactly $28$ divisors.,aime_ready_integers,N/A,
2011,,BMT 2012 Individual #3,2012,Algebra,BMT,2.5,,Find the largest prime factor of $\sum_{n=1}^{\infty} \frac{2012}{n(n+1)(n+2)\cdots(n+2012)}$.,large_integers,Let n be the largest prime factor of $\sum_{n=1}^{\infty} \frac{2012}{n(n+1)(n+2)\cdots(n+2012)}$. Find the remainder when n is divided by 1000.,
1006/4025,,BMT 2012 Individual #4,2012,Counting,BMT,3.0,,"Tyler rolls two $4025$-sided fair dice with sides numbered $1, \dots, 4025$. Given that the number on the first die is greater than or equal to the number on the second die, what is the probability that the number on the first die is less than or equal to $2012$?",fractions,"Tyler rolls two $4025$-sided fair dice with sides numbered $1, \dots, 4025$. Given that the number on the first die is greater than or equal to the number on the second die, let s be the probability that the number on the first die is less than or equal to $2012$. If s can be expressed as m/n, where m and n are relatively prime positive integers, find m + n.",
27,,BMT 2012 Individual #5,2012,Number Theory,BMT,3.5,,"Let $a \uparrow\uparrow b$ be defined recursively as:$$a\uparrow\uparrow b =\begin{cases}a, & b = 1 \\a^{(a \uparrow\uparrow (b-1))}, & b \geq 2\end{cases}$$. What is the remainder of $3 \uparrow\uparrow(3 \uparrow\uparrow (3 \uparrow\uparrow 3))$ when divided by $60$?",aime_ready_integers,N/A,
4,,BMT 2012 Individual #6,2012,Geometry,BMT,3.5,,"Let $ABCD$ be a cyclic quadrilateral, with $AB = 7$, $BC = 11$, $CD = 13$, and $DA = 17$. Let the incircle of $\triangle ABD$ hit $BD$ at $R$ and the incircle of $\triangle CBD$ hit $BD$ at $S$. What is $RS$?",aime_ready_integers,N/A,
2067,,BMT 2012 Individual #7,2012,Number Theory,BMT,4.0,,"Let $a, b, c, d, (a+ b+ c+18+ d), (a+ b+ c+18− d), (b+ c),$ and $(c+d)$ be distinct prime numbers such that $a+ b + c = 2010$, $a, b, c, d\neq 3$, and $d \leq 50$. Find the maximum value of the difference between two of these prime numbers.",large_integers,"Original problem:
Let $a, b, c, d, (a+ b+ c+18+ d), (a+ b+ c+18− d), (b+ c),$ and $(c+d)$ be distinct prime numbers such that $a+ b + c = 2010$, $a, b, c, d\neq 3$, and $d \leq 50$. Let n be the maximum value of the difference between two of these prime numbers. Find the remainder when n is divided by 1000.",
65821,,BMT 2012 Individual #8,2012,Counting,BMT,4.0,,You are tossing an unbiased coin. The last $28$ consecutive flips have all resulted in heads. Let $x$ be the expected number of additional tosses you must make before you get $60$ consecutive heads. Find the sum of all distinct prime factors in $x$.,large_integers,You are tossing an unbiased coin. The last $28$ consecutive flips have all resulted in heads. Let $x$ be the expected number of additional tosses you must make before you get $60$ consecutive heads. Let n be the sum of all distinct prime factors in $x$. Find the remainder when n is divided by 1000.,
540,,BMT 2012 Individual #10,2012,Geometry,BMT,4.5,,"You are at one vertex of an equilateral triangle with side length $1$. All edges of the triangle reflect a laser beam perfectly (angle of incidence equals angle of reflection). Given that the laser beam bounces off exactly $137$ edges and returns to the original vertex without touching any other vertices, let $M$ be the maximum possible distance the beam could have traveled, and $m$ be the minimum possible distance. Find $M^2 - m^2$.",aime_ready_integers,N/A,
4/9,,BmMT 2012 Individual #1,2012,Algebra,BmMT,1.0,,"What is the slope of the line perpendicular to the the graph $ \frac{x}{4} + \frac{y}{9} = 1 $ at $ (0,9) $?",fractions,"What is the slope of the line perpendicular to the the graph $ \frac{x}{4} + \frac{y}{9} = 1 $ at $ (0,9) $? Let s be the slope. If s can be expressed as m/n, where m and n are relatively prime positive integers, find m + n.",
5,,BmMT 2012 Individual #2,2012,Number Theory,BmMT,1.5,,"A boy is standing in the middle of a very long staircase and has two pogo sticks. One allows him to jump $220$ steps up, and the other $125$ steps down. What is the smallest positive step he can reach from his original position?",aime_ready_integers,N/A,
19/27,,BmMT 2012 Individual #3,2012,Counting,BmMT,1.5,,"If you roll three fair six-sided dice, what is the probability that the product of the results is a multiple of $3$?",fractions,"If you roll three fair six-sided dice, let s be the probability that the product of the results is a multiple of $3$. If s can be expressed as m/n, where m and n are relatively prime positive integers, find the value of m + n.",
8,,BmMT 2012 Individual #5,2012,Counting,BmMT,1.5,,"A bag contains red, green, and blue pens, where 30% are red and 20% are green. After adding $10$ blue pens, 60% of the pens are now blue. How many green pens were originally present?",aime_ready_integers,N/A,
9,,BmMT 2012 Individual #6,2012,Number Theory,BmMT,1.0,,What is the last digit of $ 1867^{1982} $?,aime_ready_integers,N/A,
1073701,,BmMT 2012 Individual #8,2012,Number Theory,BmMT,1.5,,"A nice number is a $7$-digit palindrome with no three identical digits, and a pretty number is a nice number containing a $7$. Find the 7th pretty number.",large_integers,"A nice number is a $7$-digit palindrome with no three identical digits, and a pretty number is a nice number containing a $7$. Let n be the 7th pretty number. Find the remainder when n is divided by 1000.",
3/10,,BmMT 2012 Individual #10,2012,Counting,BmMT,2.0,,"Derek has $10$ coins (pennies, nickels, dimes, or quarters) summing to $53$ cents. What is the probability that a random selection of $3$ coins contains all different types?",fractions,"Derek has $10$ coins (pennies, nickels, dimes, or quarters) summing to $53$ cents. Let s be the probability that a random selection of $3$ coins contains all different types. If s can be expressed as m/n, where m and n are relatively prime positive integers, find m + n.",
60,,BmMT 2012 Individual #11,2012,Algebra,BmMT,2.0,,What is the sum of the whole numbers between $ 6\sqrt{10} $ and $ 7\pi $?,aime_ready_integers,N/A,
64π,,BmMT 2012 Individual #12,2012,Geometry,BmMT,2.0,,Find the volume of a cylinder where the radius equals the height and the surface area equals its volume.,pi,"Find the volume of a cylinder where the radius equals the height and the surface area equals its volume. Let n be this volume. If n can be written as aπ, where a is a positive integer, find a.",
π^(1/4),,BmMT 2012 Individual #15,2012,Geometry,BmMT,2.0,,"A square has side length $ s $, a circle has radius $ r $, and both have the same area. If a rectangle with sides $ r, s $ has an integer area, find the smallest $ s $.",misc,N/A,
2400,,BmMT 2012 Individual #16,2012,Counting,BmMT,2.0,,"How many ways can you arrange the letters in ""BERKELEY"" such that no two $E$'s are adjacent?",large_integers,"Let n be the number of ways you can arrange the letters in ""BERKELEY"" such that no two $E$'s are adjacent. Find the remainder when n is divided by 1000.",
22,,BmMT 2012 Individual #17,2012,Counting,BmMT,2.5,,"Kim invites $12$ people to her birthday, but isn't sure if $11$ or $12$ will attend. What is the minimum number of cake slices needed to ensure an equal split among either $11$ or $12$ guests?",aime_ready_integers,N/A,
-71,,BmMT 2012 Individual #20,2012,Algebra,BmMT,2.5,,"Given $ P(x) = ax^4 + bx^3 + cx^2 + dx $ with $ P(-5) = P(-2) = P(2) = P(5) = 1 $, find $ P(10) $.",negative_integers,"Given $ P(x) = ax^4 + bx^3 + cx^2 + dx $ with $ P(-5) = P(-2) = P(2) = P(5) = 1 $, let $n$ be the value of $P(10)$. Find the absolute value of $n$.",
8/5,,BMT 2013 Individual #1,2013,Algebra,BMT,1.0,,"Billy the kid likes to play on escalators! Moving at a constant speed, he manages to climb up one escalator in $24$ seconds and climb back down the same escalator in $40$ seconds. If at any given moment the escalator contains $48$ steps, how many steps can Billy climb in one second?",fractions,"Billy the kid likes to play on escalators! Moving at a constant speed, he manages to climb up one escalator in $24$ seconds and climb back down the same escalator in $40$ seconds. If at any given moment the escalator contains $48$ steps, let s be the number of steps Billy can climb in one second. If s can be expressed as m/n, where m and n are relatively prime positive integers, what is the value of m + n?",
1/120,,BMT 2013 Individual #3,2013,Counting,BMT,1.5,,"Two boxes contain some number of red, yellow, and blue balls. The first box has 3 red, 4 yellow, and 5 blue balls, and the second box has 6 red, 2 yellow, and 7 blue balls. There are two ways to select a ball from these boxes: one could first randomly choose a box and then randomly select a ball or one could put all the balls in the same box and simply randomly select a ball from there. How much greater is the probability of drawing a red ball using the second method than the first?",fractions,"Two boxes contain some number of red, yellow, and blue balls. The first box has 3 red, 4 yellow, and 5 blue balls, and the second box has 6 red, 2 yellow, and 7 blue balls. There are two ways to select a ball from these boxes: one could first randomly choose a box and then randomly select a ball or one could put all the balls in the same box and simply randomly select a ball from there. Let s be the difference in the probability of drawing a red ball using the second method compared to the first. If s can be expressed as m/n, where m and n are relatively prime positive integers, what is the value of m + n?",
294,,BMT 2013 Individual #5,2013,Algebra,BMT,2.5,,"Two positive integers m and n satisfy $$ \max(m,n)=(m-n)^{2} $$ $$\gcd(m,n)=\frac{\min(m,n)}{6} $$. Find $lcm(m,n)$.",aime_ready_integers,N/A,
27,,BMT 2013 Individual #6,2013,Geometry,BMT,2.5,,"Bubble Boy and Bubble Girl live in bubbles of unit radii centered at (20,13) and (0,10) respectively. Because Bubble Boy loves Bubble Girl, he wants to reach her as quickly as possible, but he needs to bring a gift. Luckily, there are plenty of gifts along the x-axis. Assuming that Bubble Girl remains stationary, find the length of the shortest path Bubble Boy can take to visit the x-axis and then reach Bubble Girl (the bubble is a solid boundary, and anything the bubble can touch, Bubble Boy can touch too).",aime_ready_integers,N/A,
√3/42,,BMT 2013 Individual #9,2013,Geometry,BMT,2.5,,"An ant in the xy-plane is at the origin facing in the positive x-direction. The ant then begins a progression of moves, on the $n^{th}$ of which it first walks $\frac{1}{5^{n}}$ units in the direction it is facing and then turns $60^{\circ}$ degrees to the left. After a very large number of moves, the ant's movements begins to converge to a certain point. What is the y-value of this point?",roots,"An ant is situated on the origin of the xy-plane and initially faces the positive x-direction. The ant commences a series of movements where, on the $n^{th}$ move, it walks $\frac{1}{5^{n}}$ units in the direction it is currently facing, then turns $60^{\circ}$ to the left. After a large number of these moves, the ant's trajectory begins to approach a certain point. Let x be the y-coordinate of this point. If x can be written as m√n/k, where m and k are relatively prime positive integers and n is not divisible by the square of a prime, find m + n + k.",
6,,BMT 2013 Individual #11,2013,Algebra,BMT,4.0,,"Let $t=(a,b,c)$ and let us define $f^{1}(t)=(a+b,b+c,c+a)$ and $f^{k}(t)=f^{k-1}(f^{1}(t))$ for all $k>1$. Furthermore, a permutation of t has the same elements, just in a different order (e.g., $(b,c,a)$). If $f^{2013}(s)$ is a permutation of s for some $s=(k,m,n)$, where k, m, and n are integers such that $|k|,|m|,|n|\le10$, how many possible values of s are there?",aime_ready_integers,N/A,
24√3,,BMT 2013 Individual #12,2013,Geometry,BMT,4.0,,"Triangle ABC satisfies the property that $\angle A=a \log x$, $\angle B=a \log 2x$, and $\angle C=a \log 4x$ radians, for some real numbers a and x. If the altitude to side AB has length 8 and the altitude to side BC has length 9, find the area of $\triangle ABC$.",roots,"Triangle ABC satisfies the property that $\angle A=a \log x$, $\angle B=a \log 2x$, and $\angle C=a \log 4x$ radians, for some real numbers a and x. The altitude to side AB has length 8 and the altitude to side BC has length 9. Let x be the area of $\triangle ABC$. If x can be written as m√n/k, where m and k are relatively prime positive integers and n is not divisible by the square of a prime, find m + n + k.",
-2,,BMT 2013 Individual #13,2013,Algebra,BMT,4.5,,"Let $f(n)$ be a function from integers to integers. Suppose $f(11)=1$, and $f(a)f(b)=f(a+b)+f(a-b)$ for all integers $a, b$. Find $f(2013)$.",negative_integers,"Let $f(n)$ be a function from integers to integers. Suppose $f(11)=1$, and $f(a)f(b)=f(a+b)+f(a-b)$ for all integers $a, b$. Let $n$ be equal to $f(2013)$. Find the absolute value of $n$.",
498,,BMT 2013 Individual #14,2013,Geometry,BMT,4.5,,"Triangle ABC has incircle O that is tangent to AC at D. Let M be the midpoint of AC. E lies on BC so that line AE is perpendicular to BO extended. If $AC=2013$, $AB=2014$, $DM=249$, find CE.",aime_ready_integers,N/A,
2001/2,,BMT 2013 Individual #15,2013,Geometry,BMT,4.0,,"Let ABCD be a convex quadrilateral with $\angle ABD=\angle BCD$, $AD=1000$, $BD=2000$, $BC=2001$, and $DC=1999$. Point E is chosen on segment DB such that $\angle ABD=\angle ECD$. Find AE.",fractions,"Let s be the length of AE. If s can be expressed as m/n, where m and n are relatively prime positive integers, find m + n.",
29016,,BMT 2013 Individual #16,2013,Algebra,BMT,5.0,,"Find the sum of all possible n such that n is a positive integer and there exist a, b, c real numbers such that for every integer m, the quantity $\frac{2013m^{3}+am^{2}+bm+c}{n}$ is an integer.",large_integers,"Original problem:
Find the sum of all possible n such that n is a positive integer and there exist a, b, c real numbers such that for every integer m, the quantity $\frac{2013m^{3}+am^{2}+bm+c}{n}$ is an integer. Let n be this sum. Find the remainder when n is divided by 1000.",
2/243,,BMT 2013 Individual #18,2013,Counting,BMT,4.0,,"Paul and his pet octahedron like to play games together. For this game, the octahedron randomly draws an arrow on each of its faces pointing to one of its three edges. Paul then randomly chooses a face and progresses from face to adjacent face, as determined by the arrows on each face, and he wins if he reaches every face of the octahedron. What is the probability that Paul wins?",fractions,"Paul and his pet octahedron like to play games together. For this game, the octahedron randomly draws an arrow on each of its faces pointing to one of its three edges. Paul then randomly chooses a face and progresses from face to adjacent face, as determined by the arrows on each face. Let s be the probability that Paul wins, visiting every face of the octahedron. If s can be expressed as m/n, where m and n are relatively prime positive integers, find the value of m + n.",
14,,BMT 2013 Individual #19,2013,Geometry,BMT,4.5,,"Equilateral triangle ABC is inscribed in a circle. Chord AD meets BC at E. If $DE=2013$, how many scenarios exist such that both DB and DC are integers (two scenarios are different if AB is different or AD is different)?",aime_ready_integers,N/A,
286,,BMT 2013 Team #1,2013,Algebra,BMT,2.5,,"A time is called reflexive if its representation on an analog clock would still be permissible if the hour and minute hand were switched. In a given non-leap day (12:00:00.00 a.m. to 11:59:59.99 p.m.), how many times are reflexive?",aime_ready_integers,N/A,
5,,BMT 2013 Team #2,2013,Algebra,BMT,2.5,,Find the sum of all positive integers N such that $s=\sqrt[3]{2+\sqrt{N}}+\sqrt[3]{2-\sqrt{N}}$ is also a positive integer.,aime_ready_integers,N/A,
4,,BMT 2013 Team #3,2013,Counting,BMT,2.5,,"A round robin tennis tournament is played among 4 friends in which each player plays every other player only one time, resulting in either a win or a loss for each player. If overall placement is determined strictly by how many games each player won, how many possible placements are there at the end of the tournament? For example, Andy and Bob tying for first and Charlie and Derek tying for third would be one possible case.",aime_ready_integers,N/A,
√2,,BMT 2013 Team #5,2013,Geometry,BMT,3.0,,"Circle $C_{1}$ has center O and radius OA, and circle $C_{2}$ has diameter OA. AB is a chord of circle $C_{1}$ and BD may be constructed with D on OA such that BD and OA are perpendicular. Let C be the point where $C_{2}$ and BD intersect. If $AC=1$, find AB.",roots,"Circle $C_{1}$ has center O and radius OA, and circle $C_{2}$ has diameter OA. AB is a chord of circle $C_{1}$ and BD may be constructed with D on OA such that BD and OA are perpendicular. Let C be the point where $C_{2}$ and BD intersect. Let x be the length of AB. If x can be written as √n, where n is not divisible by the square of a prime, find n.",
1990,,BMT 2013 Team #6,2013,Counting,BMT,2.5,,"In a class of 30 students, each students knows exactly six other students. (Of course, knowing is a mutual relation, so if A knows B, then B knows A). A group of three students is balanced if either all three students know each other, or no one knows anyone else within that group. How many balanced groups exist?",large_integers,"In a class of 30 students, each student knows exactly six other students. (Of course, knowing is a mutual relation, so if A knows B, then B knows A). A group of three students is balanced if either all three students know each other, or no one knows anyone else within that group. Let n be the number of balanced groups that exist. Find the remainder when n is divided by 1000.",
1/2,,BMT 2013 Team #7,2013,Algebra,BMT,4.5,,Consider the infinite polynomial $G(x)=F_{1}x+F_{2}x^{2}+F_{3}x^{3}+...$ defined for $0<x<\frac{\sqrt{5}-1}{2}$ where $F_{k}$ is the kth term of the Fibonacci sequence defined to be $F_{k}=F_{k-1}+F_{k-2}$ with $F_{1}=1$ $F_{2}=1$ Determine the value a such that $G(a)=2$.,fractions,"Let s be the value for which $G(s)=2$. If s can be expressed as m/n, where m and n are relatively prime positive integers, find m + n.",
100√10,,BMT 2013 Team #8,2013,Algebra,BMT,4.5,,"A parabola has focus F and vertex V, where $VF=10$ Let AB be a chord of length 100 that passes through F. Determine the area of $\triangle VAB$",roots,"A parabola has focus F and vertex V, with the distance between them being 10 units. There exists a chord AB of the parabola, with a length of 100 units, which passes through point F. Let x be the area of triangle VAB. If x can be expressed in the form of m√n, where m and n are positive integers and n is not divisible by the square of any prime number, find the value of m + n.",
2√2 - 1,,BMT 2013 Team #9,2013,Algebra,BMT,5.5,,"Sequences $x_{n}$ and $y_{n}$ satisfy the simultaneous relationships $x_{k}=x_{k+1}+y_{k+1}$ and $x_{k}>y_{k}$ for all $k\ge1$ Furthermore, either $y_{k}=y_{k+1}$ or $y_{k}=x_{k+1}$. If $x_{1}=3+\sqrt{2}$, $x_{3}=5-\sqrt{2}$, and $y_{1}=y_{5},$ evaluate $$ (y_{1})^{2}+(y_{2})^{2}+(y_{3})^{2}+... $$",roots,"Sequences $x_{n}$ and $y_{n}$ satisfy the simultaneous relationships $x_{k}=x_{k+1}+y_{k+1}$ and $x_{k}>y_{k}$ for all $k\ge1$ Furthermore, either $y_{k}=y_{k+1}$ or $y_{k}=x_{k+1}$. If $x_{1}=3+\sqrt{2}$, $x_{3}=5-\sqrt{2}$, and $y_{1}=y_{5},$ let $x$ be the value of $(y_{1})^{2}+(y_{2})^{2}+(y_{3})^{2}+...$. If $x$ can be written as $m\sqrt{n} - c$, where $m$, $n$, and $c$ are positive integers and $n$ is not divisible by the square of a prime, find $m + n + c$.",
781,,BMT 2013 Discrete #1,2013,Number Theory,BMT,2.5,,A number is between 500 and 1000 and has a remainder of 6 when divided by 25 and a remainder of 7 when divided by 9. Find the only odd number to satisfy these requirements.,aime_ready_integers,N/A,
25/64,,BMT 2013 Discrete #2,2013,Counting,BMT,2.5,,"If I roll three fair 4-sided dice, what is the probability that the sum of the resulting numbers is relatively prime to the product of the resulting numbers?",fractions,"If I roll three fair 4-sided dice, what is the probability that the sum of the resulting numbers is relatively prime to the product of the resulting numbers? Let s be this probability. If s can be expressed as m/n, where m and n are relatively prime positive integers, what is the value of m + n?",
11,,BMT 2013 Discrete #3,2013,Counting,BMT,3.5,,"Suppose we have 2013 piles of coins, with the $i^{th}$ pile containing exactly i coins. We wish to remove the coins in a series of steps. In each step, we are allowed to take away coins from as many piles as we wish, but we have to take the same number of coins from each pile. We cannot take away more coins than a pile actually has. What is the minimum number of steps we have to take?",aime_ready_integers,N/A,
2005,,BMT 2013 Discrete #4,2013,Algebra,BMT,3.5,,"Given $f_{1}=2x-2$ and $k\ge2,$ define $f_{k}(x)=f_{1}(f_{k-1}(x))$ to be a real-valued function of x. Find the remainder when $f_{2013}(2012)$ is divided by the prime 2011.",large_integers,"Original problem:
Given $f_{1}=2x-2$ and $k\ge2,$ define $f_{k}(x)=f_{1}(f_{k-1}(x))$ to be a real-valued function of x. Let n be the value of $f_{2013}(2012)$. Find the remainder when n is divided by 1000.",
2^813,,BMT 2013 Discrete #5,2013,Algebra,BMT,3.5,,Consider the roots of the polynomial $x^{2013}-2^{2013}=0.$ Some of these roots also satisfy $x^{k}-2^{k}=0.$ for some integer $k<2013$ What is the product of this subset of roots?,powers,"Consider the roots of the polynomial $x^{2013}-2^{2013}=0.$ Some of these roots also satisfy $x^{k}-2^{k}=0.$ for some integer $k<2013$ What is the product of this subset of roots expressed in the form a·b^c, where a, b, and c are integers? Finally, find a + b + c.",
143/4096,,BMT 2013 Discrete #6,2013,Counting,BMT,3.5,,A coin is flipped until there is a head followed by two tails. What is the probability that this will take exactly 12 flips?,fractions,"A coin is flipped until there is a head followed by two tails. Let s be the probability that this will take exactly 12 flips. If s can be expressed as m/n, where m and n are relatively prime positive integers, find m + n.",
238,,BMT 2013 Discrete #7,2013,Counting,BMT,3.5,,"Denote by $S(a,b)$ the set of integers k that can be represented as $k=a\cdot m+b\cdot n$, for some non-negative integers m and n. So, for example, $S(2,4)=\{0,2,4,6,...\}$. Then, find the sum of all possible positive integer values of such that $S(18,32)$ is a subset of $S(3,x)$",aime_ready_integers,N/A,
105/22,,BMT 2013 Discrete #8,2013,Counting,BMT,4.0,,Let $f(n)$ take in a nonnegative integer n and return an integer between 0 and $n-1$ at random (with the exception being $f(0)=0$ always). What is the expected value of $f(f(22))$?,fractions,"Let s be the expected value of $f(f(22))$. If s can be expressed as m/n, where m and n are relatively prime positive integers, what is the value of m + n?",
23,,BMT 2013 Discrete #9,2013,Counting,BMT,4.5,,"2013 people sit in a circle, playing a ball game. When one player has a ball, he may only pass it to another player 3, 11, or 61 seats away (in either direction). If $f(A,B)$ represents the minimal number of passes it takes to get the ball from Person A to Person B, what is the maximal possible value of f?",aime_ready_integers,N/A,
75,,BMT 2013 Discrete #10,2013,Number Theory,BMT,6.0,,"Let $\sigma_{n}$ be a permutation of $\{1,...,n\}$ that is, $\sigma_{n}(i)$ is a bijective function from {1,...,n} to itself. Define $f(\sigma)$ to be the number of times we need to apply o to the identity in order to get the identity back. For example, f of the identity is just 1, and all other permutations have $f(\sigma)>1$ What is the smallest n such that there exists a $\sigma_{n}$ with $f(\sigma_{n})=k$?",aime_ready_integers,N/A,
13,,BMT 2013 Geometry #1,2013,Geometry,BMT,1.0,,A rectangle with sides a and b has an area of 24 and a diagonal of length 11. Find the perimeter of this rectangle.,aime_ready_integers,N/A,
21,,BMT 2013 Geometry #2,2013,Geometry,BMT,2.5,,Two rays start from a common point and have an angle of 60 degrees. Circle C is drawn with radius 42 such that it is tangent to the two rays. Find the radius of the circle that has radius smaller than circle C and is also tangent to C and the two rays.,aime_ready_integers,N/A,
(2√2)/3,,BMT 2013 Geometry #3,2013,Geometry,BMT,3.0,,"Given a regular tetrahedron ABCD with center O, find sin $\angle AOB$.",misc,N/A,
1/1296,,BMT 2013 Geometry #4,2013,Geometry,BMT,2.0,,"Two cubes A and B have different side lengths, such that the volume of cube A is numerically equal to the surface area of cube B. If the surface area of cube A is numerically equal to six times the side length of cube B, what is the ratio of the surface area of cube A to the volume of cube B?",fractions,"Two cubes A and B have different side lengths, such that the volume of cube A is numerically equal to the surface area of cube B. If the surface area of cube A is numerically equal to six times the side length of cube B, let s be the ratio of the surface area of cube A to the volume of cube B. If s can be expressed as m/n, where m and n are relatively prime positive integers, what is the value of m + n?",
2π/9 - (√3)/6,,BMT 2013 Geometry #5,2013,Geometry,BMT,2.5,,Points A and B are fixed points in the plane such that $AB=1$ Find the area of the region consisting of all points P such that $\angle APB>120^{\circ}$,misc,N/A,
6√5,,BMT 2013 Geometry #6,2013,Geometry,BMT,3.0,,"Let ABCD be a cyclic quadrilateral where $AB=4.$ $BC=11$, $CD=8$, and $DA=5.$ If BC and DA intersect at X, find the area of $\triangle XAB$.",roots,"Let ABCD be a cyclic quadrilateral with $AB=4,$ $BC=11,$ $CD=8,$ and $DA=5.$ Points B, C, D, and A lie on a circle, and lines BC and DA intersect at point X. Let x be the area of $\triangle XAB.$ If x can be written as m√n/k, where m and k are relatively prime positive integers and n is not divisible by the square of a prime, find m + n + k.",
"[6,6.5]",,BMT 2013 Geometry #7,2013,Geometry,BMT,3.5,,"Let ABC be a triangle with $BC=5$, $CA=3$ and $AB=4$ Variable points P, Q are on segments AB, AC, respectively such that the area of APQ is half of the area of ABC. Let and y be the lengths of perpendiculars drawn from the midpoint of PQ to sides AB and AC, respectively. Find the range of values of $2y+3x$",misc,N/A,
1+√2,,BMT 2013 Geometry #8,2013,Geometry,BMT,4.5,,ABC is an isosceles right triangle with right angle B and $AB=1$ ABC has an incenter at E. The excircle to ABC at side AC is drawn and has center P. Let this excircle be tangent to AB at R. Draw T on the excircle so that RT is the diameter. Extend line BC and draw point D on BC so that DT is perpendicular to RT. Extend AC and let it intersect with DT at G. Let F be the incenter of CDG. Find the area of $\triangle EFP$.,roots,"Triangle ABC is an isosceles right triangle with right angle B and $AB=1$. ABC has an incenter at E. The excircle to ABC at side AC is drawn and has center P. This excircle is tangent to AB at R. Point T is drawn on the excircle such that RT is the diameter. Line BC is extended and point D is drawn on BC such that DT is perpendicular to RT. Line AC is extended to intersect with DT at G. Point F is the incenter of triangle CDG. Let x be the area of $\triangle EFP$. If x can be written as m√n + c, where m, n, and c are positive integers and n is not divisible by the square of a prime, find m + n + c.",
5√2,,BMT 2013 Geometry #9,2013,Geometry,BMT,4.5,,"Let ABC be a triangle. Points D, E, F are on segments BC, CA, AB, respectively. Suppose that $AF=10$, $FB=10$, $BD=12$, $DC=17$, $CE=11$, and $EA=10$ Suppose that the circumcircles of $\triangle BFD$ and $\triangle CED$ intersect again at X. Find the circumradius of $\triangle EXF.$",roots,"In $\triangle ABC$, points $D$, $E$, and $F$ lie on segments $\overline{BC}$, $\overline{CA}$, and $\overline{AB}$ respectively. It is given that $AF=10$, $FB=10$, $BD=12$, $DC=17$, $CE=11$, and $EA=10$. Also, the circumcircles of $\triangle BFD$ and $\triangle CED$ intersect at another point $X$. Let $x$ be the circumradius of $\triangle EXF$. If $x$ can be written in the form $m\sqrt{n}/k$ where $m$ and $k$ are relatively prime positive integers, and $n$ is not divisible by the square of any prime, find the value of $m+n+k$.",
1/110,,BMT 2013 Geometry #10,2013,Geometry,BMT,6.5,,"Let D, E, and F be the points at which the incircle, w, of $\triangle ABC$ is tangent to BC, CA, and AB, respectively. AD intersects w again at T. Extend rays TE, TF to hit line BC at $F^{\prime}$, respectively . If $BC=21,$ $CA=16$ , and $AB=15$ , then find $\frac{1}{DE^{\prime}}-\frac{1}{DF^{\prime}}$",fractions,"Let D, E, and F be the points at which the incircle, w, of $\triangle ABC$ is tangent to BC, CA, and AB, respectively. AD intersects w again at T. Extend rays TE, TF to hit line BC at $F^{\prime}$, respectively . If $BC=21,$ $CA=16$ , and $AB=15$, let s be the difference between the reciprocals of $DE^{\prime}$ and $DF^{\prime}$. If s can be expressed as m/n, where m and n are relatively prime positive integers, find the value of m+n.",
18,,BMT 2014 Individual #1,2014,Number Theory,BMT,1.0,,"A festive number is a four-digit integer containing one of each of the digits 0, 1, 2, and 4 in its decimal representation. How many festive numbers are there?",aime_ready_integers,N/A,
√3,,BMT 2014 Individual #2,2014,Geometry,BMT,1.5,,"Suppose ABC is similar to $\triangle DEF$, with A, B, and C corresponding to D, E, and F respectively. If $AB=EF$ $\overline{BC}=\overline{FD}$ and $\overline{CA}=\overline{DE}=2.$ determine the area of $\triangle ABC$.",roots,"Suppose triangle ABC is similar to triangle DEF, with vertices A, B, and C corresponding to vertices D, E, and F respectively. Given that $AB=EF$, $\overline{BC}=\overline{FD}$ and $\overline{CA}=\overline{DE}=2$, let x be the area of triangle ABC. If x can be written as √n, where n is not divisible by the square of a prime, find n.",
10,,BMT 2014 Individual #3,2014,Counting,BMT,1.5,,"Suppose three boba drinks and four burgers cost 28 dollars, while two boba drinks and six burgers cost \$37.70. If you paid for one boba drink using only pennies, nickels, dimes, and quarters, determine the least number of coins you could use.",aime_ready_integers,N/A,
Bob,,BMT 2014 Individual #4,2014,Logic,BMT,1.5,,"Alice, Bob, Cindy, David, and Emily sit in a circle. Alice refuses to sit to the right of Bob, and Emily sits next to Cindy. If David sits next to two girls, determine who could sit immediately to the right of Alice.",misc,N/A,
1/2,,BMT 2014 Individual #5,2014,Counting,BMT,2.0,,"Fred and George are playing a game in which Fred flips 2014 coins and George flips 2015 coins. Fred wins if he flips at least as many heads as George does, and George wins if he flips more heads than Fred does. Determine the probability that Fred wins.",fractions,"Fred and George are playing a game in which Fred flips 2014 coins and George flips 2015 coins. Fred wins if he flips at least as many heads as George does, and George wins if he flips more heads than Fred does. Let s be the probability that Fred wins. If s can be expressed as m/n, where m and n are relatively prime positive integers, find the value of m + n.",
2350,,BMT 2014 Individual #6,2014,Number Theory,BMT,2.0,,Let m and n be integers such that $m+n$ and $m-n$ are prime numbers less than 100. Find the maximal possible value of mn.,large_integers,Let m and n be integers such that $m+n$ and $m-n$ are prime numbers less than 100. Let n be the maximal possible value of mn. Find the remainder when n is divided by 1000.,
3√3,,BMT 2014 Individual #7,2014,Algebra,BMT,2.0,,"If $f(x,y)=3x^{2}+3xy+1$ and $f(a,b)+1=f(b,a)=42$, then determine $|a+b|$.",roots,"Given that $f(x,y)=3x^{2}+3xy+1$ and $f(a,b)+1=f(b,a)=42$, let x be the absolute value of the sum of a and b. If x can be written as m√n, where m and n are positive integers and n is not divisible by the square of a prime, find m + n.",
8√2/9,,BMT 2014 Individual #8,2014,Geometry,BMT,2.5,,"Line segment AB has length 4 and midpoint M. Let circle $C_{1}$ have diameter AB, and let circle $C_{2}$ have diameter AM. Suppose a tangent of circle $C_{2}$ goes through point B to intersect circle $C_{1}$ at N. Determine the area of triangle AMN.",roots,"A line segment AB is given with length 4, with M marking its midpoint. A circle, $C_{1}$, is drawn with AB as its diameter, and another circle, $C_{2}$, is drawn with AM as its diameter. A tangent line to $C_{2}$ passes through point B to intersect $C_{1}$ at point N. Let x be the area of triangle AMN. If x can be expressed as the form m√n/k, where m and k are relatively prime positive integers and n is not divisible by the square of any prime number, find the sum m + n + k.",
7*3^2014,,BMT 2014 Individual #9,2014,Algebra,BMT,2.5,,"Suppose $a_{1},a_{2},...$ and $b_{1},b_{2},...$ are sequences satisfying $a_{n}+b_{n}=7$ $a_{n}=2b_{n-1}-a_{n-1},$ and $b_{n}=2a_{n-1}-b_{n-1},$ for all n. If $a_{1}=2$, find $(a_{2014})^{2}-(b_{2014})^{2}$",misc,N/A,
3√3,,BMT 2014 Individual #10,2014,Geometry,BMT,3.0,,"A plane intersects a sphere of radius 10 such that the distance from the center of the sphere to the plane is 9. The plane moves toward the center of the bubble at such a rate that the increase in the area of the intersection of the plane and sphere is constant, and it stops once it reaches the center of the circle. Determine the distance from the center of the sphere to the plane after two-thirds of the time has passed.",roots,"A plane intersects a sphere with a radius of 10 units such that the distance from the center of the sphere to the plane is 9 units. The plane moves towards the center of the sphere at a constant rate, increasing the area of the intersection between the plane and the sphere at a constant rate. The plane stops once it reaches the center of the sphere. Let x be the distance from the center of the sphere to the plane after two-thirds of the time has passed. If x can be written as m√n, where m and n are positive integers and n is not divisible by the square of any prime number, find the value of m + n.",
π/2 - 1,,BMT 2014 Individual #11,2014,Geometry,BMT,3.0,,"Suppose x, y, and 1 are side lengths of a triangle T such that $x<1$ and $y<1$ Given x and y are chosen uniformly at random from all possible pairs (x , y), determine the probability that T is obtuse.",misc,N/A,
21,,BMT 2014 Individual #12,2014,Geometry,BMT,3.5,,"Suppose four coplanar points A, B, C, and D satisfy $\overline{AB}=3$, $\overline{BC}=4$, $\overline{CA}=5$, and $\overline{BD}=6$. Determine the maximal possible area of $\triangle ACD$.",aime_ready_integers,N/A,
4 + 4√22,,BMT 2014 Individual #13,2014,Geometry,BMT,3.5,,"A cylinder is inscribed within a sphere of radius 10 such that its volume is almost-half that of the sphere . If almost - half is defined such that the cylinder has volume $\frac{1}{2}+\frac{1}{250}$ times the sphere's volume, find the sum of all possible heights for the cylinder.",roots,"A cylinder is inscribed within a sphere of radius 10 such that its volume is almost-half that of the sphere. If almost-half is defined such that the cylinder has volume $\frac{1}{2}+\frac{1}{250}$ times the sphere's volume. Let x be the sum of all possible heights for the cylinder. If x can be written as m√n + c, where m, n, and c are positive integers and n is not divisible by the square of a prime, find m + n + c.",
21,,BMT 2014 Individual #14,2014,Algebra,BMT,3.5,,"Suppose that $f(x)=\frac{x}{x^{2}-2x+2}$ and $g(x_{1},x_{2},...,x_{7})=f(x_{1})+f(x_{2})+\cdot\cdot\cdot+f(x_{7}).$ If $x_{1},x_{2},...,x_{7}$ are non-negative real numbers with sum $5,$ determine for how many tuples $(x_{1},x_{2},...,x_{7})$ does $g(x_{1},x_{2},...x_{7})$ obtain its maximal value.",aime_ready_integers,N/A,
1/9,,BMT 2014 Individual #15,2014,Counting,BMT,3.0,,"Albert and Kevin are playing a game. Kevin has a 10% chance of winning any given round in the match. If Kevin wins the first game, he wins the match. If not, he requests that the match be extended to a best of 3. If he wins the best of 3, he wins the match. If not, then he requests the match be extended to a best of 5, and so forth. What is the probability that Kevin eventually wins the match? (A best of $2n+1$ match consists of a series of rounds. The first person to reach $n+1$ winning games wins the match)",fractions,"Albert and Kevin are playing a game. Kevin has a 10% chance of winning any given round in the match. If Kevin wins the first game, he wins the match. If not, he requests that the match be extended to a best of 3. If he wins the best of 3, he wins the match. If not, then he requests the match be extended to a best of 5, and so forth. Let s be the probability that Kevin eventually wins the match. If s can be expressed as m/n, where m and n are relatively prime positive integers, what is the value of m + n?",
22,,BMT 2014 Individual #16,2014,Number Theory,BMT,3.0,,Let n be the smallest positive integer such that the number obtained by taking n's rightmost digit (decimal expansion) and moving it to be the leftmost digit is 7 times n. Determine the number of digits in n.,aime_ready_integers,N/A,
504,,BMT 2014 Individual #17,2014,Geometry,BMT,3.5,,"A convex solid is formed in four-dimensional Euclidean space with vertices at the 24 possible permutations of {1,2,3,4} (so (1, 2, 3, 4), (1, 2, 4, 3), etc.). What is the product of the number of faces and edges of this solid?",aime_ready_integers,N/A,
2004,,BMT 2014 Individual #18,2014,Algebra,BMT,3.5,,"Suppose the polynomial $f(x)=x^{2014}$ is equal to $f(x)=\sum_{k=0}^{2014}a_{k}\binom{x}{k}$ for some real numbers $a_{0},...,a_{2014}$ Find the largest integer m such that $2^{m}$ divides $a_{2013}$",large_integers,"Suppose the polynomial $f(x)=x^{2014}$ is equal to $f(x)=\sum_{k=0}^{2014}a_{k}\binom{x}{k}$ for some real numbers $a_{0},...,a_{2014}$. Let n be the largest integer m such that $2^{m}$ divides $a_{2013}$. Find the remainder when n is divided by 1000.",
9,,BMT 2014 Individual #20,2014,Geometry,BMT,4.0,,"Suppose three circles of radius 5 intersect at a common point. If the three (other) pairwise intersections between the circles form a triangle of area 8, find the radius of the smallest possible circle containing all three circles.",aime_ready_integers,N/A,
π√3/6,,BMT 2014 Geometry #1,2014,Geometry,BMT,2.0,,Consider a regular hexagon with an incircle. What is the ratio of the area inside the incircle to the area of the hexagon?,pi,"Problem:
Consider a regular hexagon with an incircle. Let n be the ratio of the area inside the incircle to the area of the hexagon. If n can be written as aπ√b/c, where a, b, and c are positive integers, find a + b + c.",
3√3/2,,BMT 2014 Geometry #2,2014,Geometry,BMT,2.5,,Regular hexagon ABCDEF has side length 2 and center O. The point P is defined as the intersection of AC and OB. Find the area of quadrilateral OPCD.,roots,"Original problem:
Regular hexagon ABCDEF has side length 2 and center O. The point P is defined as the intersection of AC and OB. Let x be the area of quadrilateral OPCD. If x can be written as m√n/k, where m and k are relatively prime positive integers and n is not divisible by the square of a prime, find m + n + k.",
√2,,BMT 2014 Geometry #3,2014,Geometry,BMT,2.5,,Consider an isosceles triangle $ABC(AB=BC).$ Let D be on BC such that AD BC and O be a circle with diameter BC. Suppose that segment AD intersects circle O at E. If $CA=2$ what is CE?,roots,"Consider an isosceles triangle $ABC$ with $AB=BC$. Let $D$ be a point on $BC$ such that $AD$ is perpendicular to $BC$ and let $O$ be a circle with diameter $BC$. Suppose that segment $AD$ intersects circle $O$ at point $E$. Let $x$ be the length of segment $CE$. If $x$ can be written in the form of $\sqrt{n}$, where $n$ is not divisible by the square of a prime, find $n$.",
7+6√2+4√3,,BMT 2014 Geometry #4,2014,Geometry,BMT,3.0,,"A cylinder with length has a radius of 6 meters, and three spheres with radii 3, 4, and 5 meters are placed inside the cylinder. If the spheres are packed into the cylinder such that l is minimized, determine the length 1.",misc,N/A,
1,,BMT 2014 Geometry #6,2014,Geometry,BMT,3.0,,Square ABCD has side length 5 and arc BD with center A. E is the midpoint of AB and CE intersects are BD at F. G is placed onto BC such that FG is perpendicular to BC. What is the length of FG?,aime_ready_integers,N/A,
3(1+√5)/2,,BMT 2014 Geometry #7,2014,Geometry,BMT,3.0,,Consider a parallelogram ABCD. E is a point on ray $\vec{AD}$. BE intersects AC at F and CD at G. If $BF=EG$ and $BC=3.$ find the length of AE.,misc,N/A,
9π/2,,BMT 2014 Geometry #8,2014,Geometry,BMT,2.5,,Semicircle O has diameter $AB=12$ Are $AC=135^{\circ}$ Let D be the midpoint of are AC. Compute the region bounded by the lines CD and DB and the arc CB.,pi,"Semicircle O has diameter $AB=12$ Are $AC=135^{\circ}$ Let D be the midpoint of are AC. Let n be the area of the region bounded by the lines CD and DB and the arc CB. If n can be written as aπ/b, where a, b are positive integers, find a + b.",
36√3,,BMT 2014 Geometry #9,2014,Geometry,BMT,4.0,,Let ABC be a triangle. Construct points $B^{\prime}$ and $C^{\prime}$ such that ACB' and $ABC^{\prime}$ are equilateral triangles that have no overlap with $\Delta ABC$. Let $BB^{\prime}$ and $CC^{\prime}$ intersect at X. If $AX=3$ $BC=4.$ and $CX=5$ find the area of quadrilateral $BCB^{\prime}C^{\prime}$.,roots,"In triangle ABC, points $B'$ and $C'$ are constructed such that triangles ACB' and ABC' are equilateral and do not overlap with triangle ABC. The lines BB' and CC' intersect at point X. Given that AX = 3, BC = 4, and CX = 5, let x be the area of quadrilateral BCB'C'. If x can be expressed in the form m√n, where m and n are positive integers and n is not divisible by the square of a prime, find m + n.",
825/128,,BMT 2014 Geometry #10,2014,Geometry,BMT,4.5,,"Consider 8 points that are a knight's move away from the origin (i.e., the eight points {(2, 1), (2, 1), (1, 2), (1, 2), (-1,2), (-1,-2), (-2, 1), (-2,-1)}). Each point has probability $\frac{1}{2}$ of being visible . What is the expected value of the area of the polygon formed by points that are visible? (If exactly 0, 1, 2 points appear, this area will be zero.)",fractions,"Let s be the expected value of the area of the polygon formed by points that are visible. If s can be expressed as m/n, where m and n are relatively prime positive integers, find the value of m + n.",
41,,BmMT 2013 Individual #1,2013,Algebra,BmMT,1.0,,"Ten math students take a test, and the average score on the test is 28. If five students had an average of 15, what was the average of the other five students' scores?",aime_ready_integers,N/A,
64,,BmMT 2013 Individual #2,2013,Algebra,BmMT,1.0,,"If $a\otimes b=a^{2}+b^{2}+2ab,$ find $(-5\otimes7)\otimes4$",aime_ready_integers,N/A,
15,,BmMT 2013 Individual #4,2013,Geometry,BmMT,1.0,,What is the angle in degrees between the hour hand and the minute hand when the time is 6:30?,aime_ready_integers,N/A,
3,,BmMT 2013 Individual #5,2013,Counting,BmMT,1.0,,"In a small town, there are some cars, tricycles, and spaceships. (Cars have 4 wheels, tricycles have 3 wheels, and spaceships have 6 wheels.) Among the vehicles, there are 24 total wheels. There are more cars than tricycles and more tricycles than spaceships. How many cars are there in the town?",aime_ready_integers,N/A,
1/16,,BmMT 2013 Individual #6,2013,Counting,BmMT,1.0,,You toss five coins one after another. What is the probability that you never get two consecutive heads or two consecutive tails?,fractions,"You toss five coins one after another. Let s be the probability that you never get two consecutive heads or two consecutive tails. If s can be expressed as m/n, where m and n are relatively prime positive integers, find m + n.",
10,,BmMT 2013 Individual #8,2013,Algebra,BmMT,1.5,,"Out of 100 customers at a market, 80 purchased oranges, 60 purchased apples, and 70 purchased bananas. What is the least possible number of customers who bought all three items?",aime_ready_integers,N/A,
Ted,,BmMT 2013 Individual #9,2013,Logic,BmMT,1.5,,"Francis, Ted and Fred planned to eat cookies after dinner. But one of them sneaked off earlier and ate the cookies all by himself. The three say the following:\\ Francis: Fred ate the cookies. \\ Fred: Ted did not eat the cookies. \\ Ted: Francis is lying. \\ If exactly one of them is telling the truth, who ate all the cookies?",misc,N/A,
MTMB,,BmMT 2013 Individual #10,2013,Counting,BmMT,1.5,,"Twelve distinct four-letter ""words"" can be formed by using each of the letters B, M, M, and T exactly once. What is the ninth word when these words are arranged in alphabetical order?",misc,N/A,
24/5,,BmMT 2013 Individual #11,2013,Geometry,BmMT,1.0,,"Let ABC be a triangle with a right angle at A. Suppose $\overline{AB}=6$ and $\overline{AC}=8$ If AD is the perpendicular from A to BC, what is the length of AD?",fractions,"Let s be the length of AD, the perpendicular from A to BC in a right triangle ABC where ∠A is a right angle and $\overline{AB}=6$ and $\overline{AC}=8$. If s can be expressed as m/n, where m and n are relatively prime positive integers, find the value of m + n.",
225,,BmMT 2013 Individual #12,2013,Counting,BmMT,1.5,,How many three digit even numbers are there with an even number of even digits?,aime_ready_integers,N/A,
4,,BmMT 2013 Individual #13,2013,Counting,BmMT,2.0,,"Three boys, Bob, Charles and Derek, and three girls, Alice, Elizabeth and Felicia are all standing in one line. Bob and Derek are each adjacent to precisely one girl, while Felicia is next to two boys. If Alice stands before Charles, who stands before Elizabeth, determine the number of possible ways they can stand in a line.",aime_ready_integers,N/A,
145,,BmMT 2013 Individual #14,2013,Geometry,BmMT,2.0,,"A man 5 foot, 10 inches tall casts a 14 foot shadow. 20 feet behind the man, a flagpole casts a shadow that has a 9 foot overlap with the man's shadow. How tall (in inches) is the flagpole?",aime_ready_integers,N/A,
13,,BmMT 2013 Individual #15,2013,Number Theory,BmMT,2.0,,"lvin has a large bag of balls. He starts throwing away balls as follows: At each step, if he has n balls and 3 divides n, then he throws away a third of the balls. If 3 does not divide n but 2 divides n, then he throws away half of them. If neither 3 nor 2 divides n, he stops throwing away the balls. If he began with 1458 balls, after how many steps does he stop throwing away balls?",aime_ready_integers,N/A,
47/50,,BmMT 2013 Individual #16,2013,Counting,BmMT,2.0,,"Oski has 50 coins that total to a value of 82 cents. You randomly steal one coin and find out that you took a quarter. As to not enrage Oski, you quickly put the coin back into the collection. However, you are both bored and curious and decide to randomly take another coin. What is the probability that this next coin is a penny? (Every coin is either a penny, nickel, dime or quarter).",fractions,"Oski has 50 coins that total to a value of 82 cents. You randomly steal one coin and find out that you took a quarter. As to not enrage Oski, you quickly put the coin back into the collection. However, you are both bored and curious and decide to randomly take another coin. Let s be the probability that this next coin is a penny. If s can be expressed as m/n, where m and n are relatively prime positive integers, what is the sum of m and n?",
2√3,,BmMT 2013 Individual #17,2013,Geometry,BmMT,2.0,,Let ABC be a triangle. Let M be the midpoint of BC. Suppose $\overline{MA}=\overline{MB}=\overline{MC}=2$ and $\angle ACB=30$ Find the area of the triangle.,roots,"Given a triangle ABC with M as the midpoint of BC. Assume that $\overline{MA}=\overline{MB}=\overline{MC}=2$ and $\angle ACB=30$. Let x be the area of triangle ABC. If x can be written as m√n, where m and n are positive integers and n is not divisible by the square of a prime, find m + n.",
1858,,BmMT 2013 Individual #18,2013,Number Theory,BmMT,2.0,,A spirited integer is a positive number representable in the form $20^{n}+13k$ for some positive integer n and any integer k. Determine how many spirited integers are less than 2013.,large_integers,A spirited integer is a positive number representable in the form $20^{n}+13k$ for some positive integer n and any integer k. Let n be the number of spirited integers that are less than 2013. Find the remainder when n is divided by 1000.,
2√65,,BmMT 2013 Individual #19,2013,Geometry,BmMT,2.5,,"Circles of radii 20 and 13 are externally tangent at T. The common external tangent touches the circles at A, and B, respectively where $A\ne B$ The common internal tangent of the circles at T intersects segment AB at X. Find the length of AX.",roots,"Circles of radii 20 and 13 are externally tangent at T. The common external tangent touches the circles at A, and B, respectively where $A\ne B$. The common internal tangent of the circles at T intersects segment AB at X. Let x be the length of AX. If x can be written as 2√n, where n is not divisible by the square of a prime, find n.",
44,,BmMT 2013 Individual #20,2013,Number Theory,BmMT,3.0,,"A finite set of distinct, nonnegative integers $\{a_{1},...,a_{k}\}$ is called admissible if the integer function $f(n)=(n+a_{1})\cdot\cdot\cdot(n+a_{k})$ has no common divisor over all terms; that is, $gcd(f(1),f(2),...,f(n))=1$ for any integer n. How many admissible sets only have members of value less than 10? {4} and {0,2,6} are such sets, but {4,9} and {1,3,5} are not.",aime_ready_integers,N/A,
18,,BmMT 2013 Team #1,2013,Algebra,BmMT,1.0,,"If Bob takes 6 hours to build 4 houses, how many hours will he take to build 12 houses?",aime_ready_integers,N/A,
4/5,,BmMT 2013 Team #2,2013,Algebra,BmMT,1.0,,Compute the value of $\frac{1}{2}+\frac{1}{6}+\frac{1}{12}+\frac{1}{20}$,fractions,"Let s be the sum of the series $\frac{1}{2}+\frac{1}{6}+\frac{1}{12}+\frac{1}{20}$. If s can be expressed as m/n, where m and n are relatively prime positive integers, find the value of m + n.",
119,,BmMT 2013 Team #3,2013,Algebra,BmMT,1.0,,Given a line $2x+5y=170$ find the sum of its x and y-intercepts.,aime_ready_integers,N/A,
Friday,,BmMT 2013 Team #4,2013,Algebra,BmMT,1.0,,"In some future year, BmMT will be held on Saturday, November 19th. In that year, what day of the week will April Fool's Day (April 1st) be?",misc,N/A,
33,,BmMT 2013 Team #5,2013,Algebra,BmMT,1.0,,"We distribute 78 penguins among 10 people in such a way that no person has the same number of penguins and each person has at least one penguin. If Mr. Popper (one of the 10 people) wants to take as many penguins as possible, what is the largest number of penguins that Mr. Popper can take?",aime_ready_integers,N/A,
8/11,,BmMT 2013 Team #6,2013,Counting,BmMT,1.5,,A letter is randomly chosen from the eleven letters of the word MATHEMATICS. What is the probability that this letter has a vertical axis of symmetry?,fractions,"A letter is randomly chosen from the eleven letters of the word MATHEMATICS. Let s be the probability that this letter has a vertical axis of symmetry. If s can be expressed as m/n, where m and n are relatively prime positive integers, find the value of m + n.",
1680,,BmMT 2013 Team #7,2013,Counting,BmMT,1.5,,"Alice, Bob, Cara, David, Eve, Fred, and Grace are sitting in a row. Alice and Bob like to pass notes to each other. However, anyone sitting between Alice and Bob can read the notes they pass. How many ways are there for the students to sit if Eve wants to be able to read Alice and Bob's notes, assuming reflections are distinct?",large_integers,"Alice, Bob, Cara, David, Eve, Fred, and Grace are sitting in a row. Alice and Bob like to pass notes to each other. However, anyone sitting between Alice and Bob can read the notes they pass. How many ways are there for the students to sit if Eve wants to be able to read Alice and Bob's notes, assuming reflections are distinct? Let n be the number of ways. Find the remainder when n is divided by 1000.",
89,,BmMT 2013 Team #8,2013,Counting,BmMT,1.5,,The pages of a book are consecutively numbered from 1 through 480. How many times does the digit 8 appear in this numbering?,aime_ready_integers,N/A,
3π + 6√3,,BmMT 2013 Team #9,2013,Geometry,BmMT,1.5,,"A student draws a flower by drawing a regular hexagon and then constructing semicircular petals on each side of the hexagon. If the hexagon has side length 2, what is the area of the flower?",pi,"A student draws a flower by drawing a regular hexagon and then constructing semicircular petals on each side of the hexagon. If the hexagon has side length 2, let n be the area of the flower. If n can be written in the form of aπ + b√c, where a, b, and c are positive integers, find a + b + c.",
"a=50, b=47",,BmMT 2013 Team #10,2013,Number Theory,BmMT,1.5,,"There are two non-consecutive positive integers a, b such that $a^{2}-b^{2}=291$ Find a and b.",misc,N/A,
10,,BmMT 2013 Team #11,2013,Geometry,BmMT,1.5,,"Let ABC be an equilateral triangle. Let P, Q, R be the midpoints of the sides BC, CA and AB respectively. Suppose the area of triangle PQR is 1. Among the 6 points A, B, C, P, Q, R, how many distinct triangles with area 1 have vertices from that set of 6 points?",aime_ready_integers,N/A,
320,,BmMT 2013 Team #12,2013,Number Theory,BmMT,2.0,,A positive integer is said to be binary-emulating if its base three representation consists of only Os and 1s. Determine the sum of the first 15 binary-emulating numbers.,aime_ready_integers,N/A,
11,,BmMT 2013 Team #13,2013,Number Theory,BmMT,2.0,,"Professor X can choose to assign homework problems from a set of problems labeled 1 to 30, inclusive. No two problems in his assignment can share a common divisor greater than 1. What is the maximum number of problems that Professor X can assign?",aime_ready_integers,N/A,
45,,BmMT 2013 Team #14,2013,Geometry,BmMT,2.0,,"Trapezoid ABCD has legs (non-parallel sides) BC and DA of length 5 and 6 respectively, and there exists a point X on CD such that $\angle XBC=\angle XAD=\angle AXB=90^{\circ}$ Find the area of trapezoid ABCD.",aime_ready_integers,N/A,
35,,BmMT 2013 Team #15,2013,Counting,BmMT,2.0,,"Alice and Bob play a game of Berkeley Ball, in which the first person to win four rounds is the winner. No round can end in a draw. How many distinct games can be played in which Alice is the winner? (Two games are said to be identical if either player wins/loses rounds in the same order in both games.)",aime_ready_integers,N/A,
24,,BmMT 2013 Team #16,2013,Geometry,BmMT,2.0,,"Let ABC be a triangle and M be the midpoint of BC. If $\overline{AB}=\overline{AM}=5$ and $\overline{BC}=12,$ what is the area of triangle ABC?",aime_ready_integers,N/A,
40,,BmMT 2013 Team #17,2013,Number Theory,BmMT,2.0,,"A positive integer n is called good if it can be written as $5x+8y=n$ for positive integers , y. Given that 42, 43, 44, 45 and 46 are good, what is the largest n that is not good?",aime_ready_integers,N/A,
7,,BmMT 2013 Team #19,2013,Geometry,BmMT,2.5,,A circle of integer radius r has a chord PQ of length 8. There is a point X on chord PQ such that $\overline{PX}=2$ and $\overline{XQ}=6$ Call a chord AB euphonic if it contains X and both $\overline{AX}$ and $\overline{XB}$ are integers. What is the minimal possible integer r such that there exist 6 euphonic chords for $X?$,aime_ready_integers,N/A,
25,,BmMT 2013 Team #20,2013,Number Theory,BmMT,2.5,,"On planet Silly-Math, two individuals may play a game where they write the number 324000 on a whiteboard and take turns dividing the number by prime powers numbers of the form $p^{k}$ for some prime p and positive integer k. Divisions are only legal if the resulting number is an integer. The last player to make a move wins. Determine what number the first player should select to divide 324000 by in order to ensure a win.",aime_ready_integers,N/A,
457,,BmMT 2014 Individual #1,2014,Algebra,BmMT,1.0,,Compute $17^{2}+17\cdot7+7^{2}$,aime_ready_integers,N/A,
14,,BmMT 2014 Individual #2,2014,Number Theory,BmMT,1.0,,"You have \$1.17 in the minimum number of quarters, dimes, nickels, and pennies required to make exact change for all amounts up to \$1.17. How many coins do you have?",aime_ready_integers,N/A,
1/2,,BmMT 2014 Individual #3,2014,Counting,BmMT,1.0,,"Suppose that there is a 40% chance it will rain today, and a 20% chance it will rain today and tomorrow. If the chance it will rain tomorrow is independent of whether or not it rained today, what is the probability that it will rain tomorrow? (Express your answer as a percentage.)",fractions,"Suppose that there is a 40% chance it will rain today, and a 20% chance it will rain today and tomorrow. Let s be the probability that it will rain tomorrow, given that this event is independent of whether or not it rained today. If s can be expressed as m/n, where m and n are relatively prime positive integers, what is m + n?",
196,,BmMT 2014 Individual #4,2014,Number Theory,BmMT,1.0,,A number is called boxy if the number of its factors is a perfect square. Find the largest boxy number less than 200.,aime_ready_integers,N/A,
Carl,,BmMT 2014 Individual #5,2014,Logic,BmMT,1.5,,"Alice, Bob, Carl, and Dave are either lying or telling the truth. If the four of them make the following statements, who has the coin?\\ Alice: I have the coin.\\ Bob: Carl has the coin.\\ Carl: Exactly one of us is telling the truth.\\ Dave: The person who has the coin is male.",misc,N/A,
15,,BmMT 2014 Individual #6,2014,Algebra,BmMT,1.5,,"Vicky has a bag holding some blue and some red marbles . Originally $\frac{2}{3}$ of the marbles are red. After Vicky adds 25 blue marbles, $\frac{3}{4}$ of the marbles are blue. How many marbles were originally in the bag?",aime_ready_integers,N/A,
4√3,,BmMT 2014 Individual #7,2014,Geometry,BmMT,1.5,,"Given pentagon ABCDE with $BC=CD=DE=4$, $\angle BCD=90^{\circ}$ and $\angle CDE=135^{\circ}.$ what is the length of BE?",roots,"Given pentagon ABCDE with $BC=CD=DE=4$, $\angle BCD=90^{\circ}$ and $\angle CDE=135^{\circ}$. Let x be the length of BE. If x can be written as m√n, where m and n are positive integers and n is not divisible by the square of a prime, find m + n.",
180/11,,BmMT 2014 Individual #8,2014,Algebra,BmMT,1.5,,"A Berkeley student decides to take a train to San Jose, stopping at Stanford along the way. The distance from Berkeley to Stanford is double the distance from Stanford to San Jose. From Berkeley to Stanford, the train's average speed is 15 meters per second. From Stanford to San Jose, the train's average speed is 20 meters per second. What is the train's average speed for the entire trip?",fractions,"Let s be the train's average speed for the entire trip. If s can be expressed as m/n, where m and n are relatively prime positive integers, what is the sum of m and n?",
32,,BmMT 2014 Individual #9,2014,Geometry,BmMT,1.5,,"Find the area of the convex quadrilateral with vertices at the points (-1,5), (3, 8), (3, -1), and (-1,-2).",aime_ready_integers,N/A,
-8,,BmMT 2014 Individual #10,2014,Algebra,BmMT,1.5,,"In an arithmetic sequence $a_{1},a_{2},a_{3},...,$ twice the sum of the first term and the third term is equal to the fourth term. Find $a_{4}/a_{1}$.",negative_integers,"In an arithmetic sequence $a_{1},a_{2},a_{3},...,$ twice the sum of the first term and the third term is equal to the fourth term. Let n be the ratio of the fourth term to the first term. Find the absolute value of n.",
360,,BmMT 2014 Individual #11,2014,Counting,BmMT,2.0,,"Alice, Bob, Clara, David, Eve, Fred, Greg, Harriet, and Isaac are on a committee. They need to split into three subcommittees of three people each. If no subcommittee can be all male or all female, how many ways are there to do this?",aime_ready_integers,N/A,
5,,BmMT 2014 Individual #12,2014,Algebra,BmMT,2.0,,"Usually, spaceships have 6 wheels. However, there are more advanced spaceships that have 9 wheels. Aliens invade Earth with normal spaceships, advanced spaceships, and, surprisingly, bicycles (which have 2 wheels). There are 10 vehicles and 49 wheels in total. How many bicycles are there?",aime_ready_integers,N/A,
5/36,,BmMT 2014 Individual #13,2014,Counting,BmMT,2.0,,"If you roll three regular six-sided dice, what is the probability that the three numbers showing will form an arithmetic sequence? (The order of the dice does matter, but we count both (1, 3, 2) and (1, 2, 3) as arithmetic sequences.)",fractions,"If you roll three regular six-sided dice, what is the likelihood that the three numbers showing will form an arithmetic sequence? (The order of the dice does matter, but we count both (1, 3, 2) and (1, 2, 3) as arithmetic sequences.) Let s be this likelihood. If s can be expressed as m/n, where m and n are relatively prime positive integers, what is the sum of m and n?",
27√3,,BmMT 2014 Individual #14,2014,Geometry,BmMT,2.0,,"Given regular hexagon ABCDEF with center O and side length 6, what is the area of pentagon ABODE?",roots,"Given a regular hexagon ABCDEF with center O and side length 6, let x be the area of pentagon ABODE. If x can be written as m√n, where m and n are positive integers and n is not divisible by the square of a prime, find m + n.",
25,,BmMT 2014 Individual #15,2014,Counting,BmMT,2.0,,"Sophia, Emma, and Olivia are eating dinner together. The only dishes they know how to make are apple pie, hamburgers, hotdogs, cheese pizza, and ice cream. If Sophia doesn't eat dessert, Emma is vegetarian, and Olivia is allergic to apples, how many different options are there for dinner if each person must have at least one dish that they can eat?",aime_ready_integers,N/A,
-34,,BmMT 2014 Individual #16,2014,Algebra,BmMT,2.0,,"Consider the graph of $f(x)=x^{3}+x+2014.$ A line intersects this cubic at three points, two of which have -coordinates 20 and 14. Find the x-coordinate of the third intersection point.",negative_integers,"Consider the graph of $f(x)=x^{3}+x+2014.$ A line intersects this cubic at three points, two of which have -coordinates 20 and 14. Let n be the x-coordinate of the third intersection point. Find the absolute value of n.",
140π,,BmMT 2014 Individual #17,2014,Geometry,BmMT,2.0,,"A frustum can be formed from a right circular cone by cutting of the tip of the cone with a cut perpendicular to the height. What is the surface area of such a frustum with lower radius 8, upper radius 4, and height 3?",pi,"A frustum can be formed from a right circular cone by cutting off the tip of the cone with a cut perpendicular to the height. Let n be the surface area of such a frustum with lower radius 8, upper radius 4, and height 3. If n can be written in the form of aπ, where a is a positive integer, find the value of a.",
3/8,,BmMT 2014 Individual #18,2014,Geometry,BmMT,2.0,,"A quadrilateral ABCD is defined by the points $A=(2,-1)$ , $B=(3,6)$ $C=(6,10)$ and $D=(5,-2)$. Let I be the line that intersects and is perpendicular to the shorter diagonal at its midpoint. What is the slope of l?",fractions,"A quadrilateral ABCD is defined by the points $A=(2,-1)$ , $B=(3,6)$ $C=(6,10)$ and $D=(5,-2)$. Let I be the line that intersects and is perpendicular to the shorter diagonal at its midpoint. Let s be the slope of l. If s can be expressed as m/n, where m and n are relatively prime positive integers, find the value of m + n.",
987,,BmMT 2014 Individual #19,2014,Algebra,BmMT,2.0,,"Consider the sequence $1,1,2,2,3,3,3,5,5,5,5,5,...$ where the elements are Fibonacci numbers and the Fibonacci number $F_{n}$ appears $F_{n}$ times. Find the 2014th element of this sequence. (The Fibonacci numbers are defined as $F_{1}=F_{2}=1$ and for $n>2$, $F_{n}=F_{n-1}+F_{n-2}.)$",aime_ready_integers,N/A,
207,,BmMT 2014 Individual #20,2014,Number Theory,BmMT,2.0,,"Call a positive integer top-heavy if at least half of its digits are in the set {7,8,9}. How many three digit top-heavy numbers exist? (No number can have a leading zero.)",aime_ready_integers,N/A,
4/9,,BmMT 2014 Team #1,2014,Counting,BmMT,1.0,,Roll two dice. What is the probability that the sum of the rolls is prime?,fractions,"Roll two dice. Let s be the probability that the sum of the rolls is prime. If s can be expressed as m/n, where m and n are relatively prime positive integers, find m + n.",
2870,,BmMT 2014 Team #2,2014,Number Theory,BmMT,1.0,,Compute the sum of the first 20 squares.,large_integers,Compute the sum of the first 20 squares. Let n be this sum. Find the remainder when n is divided by 1000.,
719,,BmMT 2014 Team #3,2014,Number Theory,BmMT,1.0,,"How many integers between 0 and 999 are not divisible by 7, 11, or 13?",aime_ready_integers,N/A,
49,,BmMT 2014 Team #4,2014,Algebra,BmMT,1.0,,"Compute the number of ways to make 50 cents using only pennies, nickels, dimes, and quarters.",aime_ready_integers,N/A,
90000,,BmMT 2014 Team #5,2014,Geometry,BmMT,1.0,,"A rectangular prism has side lengths 1, 1, and 2. What is the product of the lengths of all of the diagonals?",large_integers,"A rectangular prism has side lengths 1, 1, and 2. Let n be the product of the lengths of all of the diagonals. Find the remainder when n is divided by 1000.",
1,,BmMT 2014 Team #6,2014,Number Theory,BmMT,1.0,,What is the last digit of $7682321^{432}?$,aime_ready_integers,N/A,
9+6√3,,BmMT 2014 Team #7,2014,Geometry,BmMT,1.5,,"Given square ABCD with side length 3, we construct two regular hexagons on sides AB and CD such that the hexagons contain the square. What is the area of the intersection of the two hexagons?",roots,"Given square ABCD with side length 3, two regular hexagons are constructed on sides AB and CD such that the hexagons contain the square. Let x be the area of the intersection of the two hexagons. If x can be written in the form m√n + c, where m, n, and c are positive integers and n is not divisible by the square of a prime, find m + n + c.",
35,,BmMT 2014 Team #8,2014,Algebra,BmMT,1.5,,"Brooke is driving a car at a steady speed. When she passes a stopped police officer, she begins decelerating at a rate of 10 miles per hour per minute until she reaches the speed limit of 25 miles per hour. However, when Brooke passed the police officer, he immediately began accelerating at a rate of 20 miles per hour per minute until he reaches the rate of 40 miles per hour. If the police officer catches up to Brooke after 3 minutes, how fast was Brooke driving initially?",aime_ready_integers,N/A,
"(34, 55)",,BmMT 2014 Team #9,2014,Number Theory,BmMT,1.5,,"Find the ordered pair of positive integers (x , y) such that $144x-89y=1$ and x is minimal.",misc,N/A,
50,,BmMT 2014 Team #10,2014,Number Theory,BmMT,1.5,,How many zeroes does the product of the positive factors of 10000 (including 1 and 10000) have?,aime_ready_integers,N/A,
361,,BmMT 2014 Team #11,2014,Counting,BmMT,2.0,,"There is a square configuration of desks. It is known that one can rearrange these desks such that it has 7 fewer rows but 10 more columns, with 13 desks remaining. How many desks are there in the square configuration?",aime_ready_integers,N/A,
183,,BmMT 2014 Team #12,2014,Number Theory,BmMT,2.0,,"Given that there are 168 primes with 3 digits or less, how many numbers between 1 and 1000 inclusive have a prime number of factors?",aime_ready_integers,N/A,
π/3 - √3/4,,BmMT 2014 Team #14,2014,Geometry,BmMT,2.0,,Let E be a random point inside rectangle ABCD with side lengths $AB=2$ and $BC=1.$ What is the probability that angles ABE and CDE are both obtuse?,misc,N/A,
715,,BmMT 2014 Team #15,2014,Geometry,BmMT,2.0,,"Draw all of the diagonals of a regular 13-gon. Given that no three diagonals meet at points other than the vertices of the 13-gon, how many intersection points lie strictly inside the 13-gon?",aime_ready_integers,N/A,
$1.92,,BmMT 2014 Team #16,2014,Algebra,BmMT,2.0,,"A box of pencils costs the same as 11 erasers and 7 pencils. A box of erasers costs the same as 6 erasers and a pencil. A box of empty boxes and an eraser costs the same as a pencil. Given that boxes cost a penny and each of the boxes contain an equal number of objects, how much does it costs to buy a box of pencils and a box of erasers combined?",misc,N/A,
"31, 15121",,BmMT 2014 Team #18,2014,Number Theory,BmMT,2.5,,"Given that $468751=5^{8}+5^{7}+1$ is a product of two primes, find both of them.",misc,N/A,
4/7,,BmMT 2014 Team #19,2014,Counting,BmMT,2.5,,"Your wardrobe contains two red socks, two green socks, two blue socks, and two yellow socks. It is currently dark right now, but you decide to pair up the socks randomly. What is the probability that none of the pairs are of the same color?",fractions,"Your wardrobe contains two red socks, two green socks, two blue socks, and two yellow socks. It is currently dark right now, but you decide to pair up the socks randomly. Let s be the probability that none of the pairs are of the same color. If s can be expressed as m/n, where m and n are relatively prime positive integers, what is the value of m + n?",
1/7,,BmMT 2014 Team #20,2014,Geometry,BmMT,2.5,,"Consider a cylinder with height 20 and radius 14. Inside the cylinder, we construct two right cones also with height 20 and radius 14, such that the two cones share the two bases of the cylinder respectively. What is the volume ratio of the intersection of the two cones and the union of the two cones?",fractions,"Consider a cylinder with height 20 and radius 14. Inside the cylinder, we construct two right cones also with height 20 and radius 14, such that the two cones share the two bases of the cylinder respectively. Let s be the volume ratio of the intersection of the two cones and the union of the two cones. If s can be expressed as m/n, where m and n are relatively prime positive integers, find the value of m + n.",
315,,BMT 2016 Individual #1,2016,Number Theory,BMT,1.0,,"What is the sum of all positive integers less than 30 divisible by 2, 3, or 5?",aime_ready_integers,N/A,
0,,BMT 2016 Individual #2,2016,Algebra,BMT,1.5,,Define $a*b$ to be $2ab+a+b.$ What is $((3*4)*5)-(4*(5*3))$?,aime_ready_integers,N/A,
12/5,,BMT 2016 Individual #4,2016,Geometry,BMT,2.0,,"Let ABC be have side lengths 3, 4, and 5. Let P be a point in side ABC. What is the minimum sum of lengths of the altitudes from P to the side lengths of ABC?",fractions,"Let ABC be a triangle with side lengths 3, 4, and 5. Let P be a point on side ABC. Now let s be the minimum sum of lengths of the altitudes from P to the sides of triangle ABC. If s can be expressed as m/n, where m and n are relatively prime positive integers, find the value of m + n.",
552,,BMT 2016 Individual #5,2016,Algebra,BMT,2.5,,"Positive integers x, y, z satisfy $(x+yi)^{2}-46i=z.$ What is $x+y+z$?",aime_ready_integers,N/A,
25,,BMT 2016 Individual #6,2016,Algebra,BMT,2.5,,"Let $g_{0}=1$ $g_{1}=2,$ and $g_{n}=g_{n-1}+2g_{n-2}+3g_{n-3}$. For how many $0\le i\le100$ is it that $g_{i}$ is divisible by 5?",aime_ready_integers,N/A,
2,,BMT 2016 Individual #7,2016,Algebra,BMT,2.5,,"Define $P(\tau)=(\tau+1)^{3}$. If $x+y=0$, what is the minimum possible value of $P(x)+P(y)$?",aime_ready_integers,N/A,
\cbrt(9) - 2,,BMT 2016 Individual #8,2016,Algebra,BMT,2.5,,Simplify $\frac{1}{\sqrt[3]{81}+\sqrt[3]{72}+\sqrt[3]{64}}$,misc,N/A,
400/9,,BMT 2016 Individual #9,2016,Counting,BMT,3.0,,"On $5\times5$ grid of lattice points, every point is uniformly randomly colored blue, red, or green. Find the expected number of monochromatic triangles T with vertices chosen from the lattice grid, such that some two sides of T are parallel to the axis.",fractions,"Let s be the expected number of monochromatic triangles T with vertices chosen from the lattice grid, such that some two sides of T are parallel to the axis. If s can be expressed as m/n, where m and n are relatively prime positive integers, find the value of m + n.",
1/6,,BMT 2016 Individual #10,2016,Algebra,BMT,3.0,,Define $T_{n}=\sum_{i=1}^{n}i(n+1-i).$ Find $lim_{n\rightarrow\infty}\frac{T_{n}}{n^{3}}$,fractions,"Let s be the limit as n approaches infinity of the ratio of $T_{n}$ to $n^{3}$. If s can be expressed as a fraction m/n, where m and n are relatively prime positive integers, find the sum m + n.",
"-1/2, 1/2, 3/2",,BMT 2016 Individual #11,2016,Algebra,BMT,2.5,,The roots of the polynomial $x^{3}-\frac{3}{2}x^{2}-\frac{1}{4}x+\frac{3}{8}=0$ are in arithmetic progression . What are they?,misc,N/A,
6435,,BMT 2016 Individual #12,2016,Counting,BMT,3.0,,What is the number of nondecreasing positive integer sequences of length 7 whose last term is at most 9?,large_integers,What is the number of nondecreasing positive integer sequences of length 7 whose last term is at most 9? Let n be this number. Find the remainder when n is divided by 1000.,
20/7,,BMT 2016 Individual #13,2016,Algebra,BMT,3.5,,"The quartic equation $y=x^{4}+2x^{3}-20x^{2}+8x+64$ contains the points (-6, 160), (-3, -113) and (2,32). A cubic $y=ax^{3}+bx+c$ also contains these points. Determine the x-coordinate of the fourth intersection of the cubic with the quartic.",fractions,"The quartic equation $y=x^{4}+2x^{3}-20x^{2}+8x+64$ contains the points (-6, 160), (-3, -113) and (2,32). A cubic $y=ax^{3}+bx+c$ also contains these points. Let s be the x-coordinate of the fourth intersection of the cubic with the quartic. If s can be expressed as m/n, where m and n are relatively prime positive integers, find the sum m + n.",
2 + (√2 + √6)/2,,BMT 2016 Individual #14,2016,Geometry,BMT,3.5,,"Three circles of radius 1 are inscribed in a square of side length s, such that the circles do not overlap or coincide with each other. What is the minimum s where such a configuration is possible?",misc,N/A,
30,,BMT 2016 Individual #15,2016,Counting,BMT,3.5,,"How many ways can we pick four 3-element subsets of {1, 2,..., 6} so that each pair of subsets share exactly one element?",aime_ready_integers,N/A,
(3-√3)/6,,BMT 2016 Individual #16,2016,Geometry,BMT,3.5,,"What is the radius of the largest sphere that fits inside the tetrahedron whose vertices are the points (0,0,0), (1,0,0), (0,1,0), (0, 0, 1)?",misc,N/A,
3√3/2 + 3,,BMT 2016 Individual #17,2016,Geometry,BMT,3.5,,"Consider triangle ABC in xy-plane where A is at the origin, B lies on the positive r-axis, C is on the upper right quadrant, and $A=30^{\circ}$, $B=60^{\circ}$, $C=90^{\circ}$. Let the length $BC=1$ Draw the angle bisector l of angle C, and let this intersect the y-axis at D. What is the area of quadrilateral ADBC?",misc,N/A,
π,,BMT 2016 Individual #18,2016,Number Theory,BMT,3.5,,Define $r_{n}$ to be the number of integer solutions to $x^{2}+y^{2}=n.$ Determine $lim_{n\rightarrow\infty}\frac{r_{1}+r_{2}...+r_{n}}{n}.$,pi,"Define $r_{n}$ to be the number of integer solutions to $x^{2}+y^{2}=n.$ Let $n$ be 1000 times the limit as $m$ approaches infinity of $\frac{r_{1}+r_{2}...+r_{m}}{m}$. If $n$ can be written in the form $a\pi + b$, where $a$ and $b$ are positive integers, find $a + b$.",
√10/20,,BMT 2016 Individual #19,2016,Geometry,BMT,4.0,,"Regular tetrahedron $P_{1}P_{2}P_{3}P_{4}$ has side length 1. Define $P_{i}$ for $i>4$ to be the centroid of tetrahedron $P_{i-1}P_{i-2}P_{i-3}P_{i-4},$ and $P_{\infty}=lim_{n\rightarrow\infty}P_{n}.$ What is the length of $P_{5}P_{\infty}$ ?",roots,"Regular tetrahedron $P_{1}P_{2}P_{3}P_{4}$ has side length 1. Define $P_{i}$ for $i>4$ to be the centroid of tetrahedron $P_{i-1}P_{i-2}P_{i-3}P_{i-4},$ and $P_{\infty}=lim_{n\rightarrow\infty}P_{n}.$ Let x be the length of $P_{5}P_{\infty}$. If x can be written as m√n/k, where m and k are relatively prime positive integers and n is not divisible by the square of a prime, find m + n + k.",
2,,BMT 2016 Individual #20,2016,Algebra,BMT,4.0,,Find $\prod_{k=1}^{2017}e^{\pi ik/2017}2~cos(\frac{\pi k}{2017})$,aime_ready_integers,N/A,
-1,,BMT 2016 Team #1,2016,Algebra,BMT,2.5,,"Define $a_{n}$ such that $a_{1}=\sqrt{3}$ and for all integers $i, a_{i+1}=a_{i}^{2}-2$. What is $a_{2016}$ ?",negative_integers,"Define $a_{n}$ such that $a_{1}=\sqrt{3}$ and for all integers $i, a_{i+1}=a_{i}^{2}-2$. Let $n$ be the value of $a_{2016}$. Find the absolute value of $n$.",
√2 - 1,,BMT 2016 Team #2,2016,Geometry,BMT,2.5,,"Jennifer wants to do origami, and she has a square of side length 1. However, she would prefer to use a regular octagon for her origami, so she decides to cut the four corners of the square to get a regular octagon. Once she does so, what will be the side length of the octagon Jennifer obtains?",roots,"Jennifer wants to do origami, and she has a square of side length 1. However, she would prefer to use a regular octagon for her origami, so she decides to cut the four corners of the square to get a regular octagon. Let x be the side length of the octagon Jennifer obtains. If x can be written in the form of m√n - c, where m, n, and c are positive integers and n is not divisible by the square of a prime, find m + n + c.",
4,,BMT 2016 Team #3,2016,Algebra,BMT,2.0,,A little boy takes a 12 in long strip of paper and makes a Mobius strip out of it by tapping the ends together after adding a half twist. He then takes a 1 inch long train model and runs it along the center of the strip at a speed of 12 inches per minute. How long does it take the train model to make two full complete loops around the Mobius strip? A complete loop is one that results in the train returning to its starting point.,aime_ready_integers,N/A,
(1+√3)/2,,BMT 2016 Team #5,2016,Geometry,BMT,2.5,,"Let $A B C$ be a right triangle with $A B=B C=2$. Let $A C D$ be a right triangle with angle $D A C=30$ degrees and angle $D C A=60$ degrees. Given that $A B C$ and $A C D$ do not overlap, what is the area of triangle $B C D$ ?",misc,N/A,
19,,BMT 2016 Team #6,2016,Number Theory,BMT,3.0,,How many integers less than 400 have exactly 3 factors that are perfect squares?,aime_ready_integers,N/A,
4,,BMT 2016 Team #7,2016,Algebra,BMT,4.5,,"Suppose $f(x, y)$ is a function that takes in two integers and outputs a real number, such that it satisfies

$$f(x, y)=\frac{f(x, y+1)+f(x, y-1)}{2}$$
$$f(x, y)=\frac{f(x+1, y)+f(x-1, y)}{2}$$ 

What is the minimum number of pairs $(x, y)$ we need to evaluate to be able to uniquely determine $f$ ?",aime_ready_integers,N/A,
1716,,BMT 2016 Team #8,2016,Counting,BMT,3.0,,"How many ways are there to divide 10 candies between 3 Berkeley students and 4 Stanford students, if each Berkeley student must get at least one candy? All students are distinguishable from each other; all candies are indistinguishable.",large_integers,"How many ways are there to divide 10 candies between 3 Berkeley students and 4 Stanford students, if each Berkeley student must get at least one candy? All students are distinguishable from each other; all candies are indistinguishable. Let n be the number of ways. Find the remainder when n is divided by 1000.",
44,,BMT 2016 Team #9,2016,Counting,BMT,3.5,,"How many subsets (including the empty-set) of $\{1,2 \ldots, 6\}$ do not have three consecutive integers?\\",aime_ready_integers,N/A,
√2 + √5 + √13,,BMT 2016 Team #10,2016,Geometry,BMT,3.5,,"What is the smallest possible perimeter of a triangle with integer coordinate vertices, area $\frac{1}{2}$, and no side parallel to an axis?\\",misc,N/A,
2017,,BMT 2016 Team #11,2016,Geometry,BMT,3.5,,"Circles $C_{1}$ and $C_{2}$ intersect at points $X$ and $Y$. Point $A$ is a point on $C_{1}$ such that the tangent line with respect to $C_{1}$ passing through $A$ intersects $C_{2}$ at $B$ and $C$, with $A$ closer to $B$ than $C$, such that 2016 $\cdot A B=B C$. Line $X Y$ intersects line $A C$ at $D$. If circles $C_{1}$ and $C_{2}$ have radii of 20 and 16 , respectively, find the ratio of $\sqrt{1+B C / B D}$.",large_integers,Let $n$ be the ratio of $\sqrt{1+B C / B D}$. Find the remainder when $n$ is divided by 1000.,
3/8,,BMT 2016 Team #12,2016,Geometry,BMT,4.0,,Consider a solid hemisphere of radius 1. Find the distance from its center of mass to the base.\\,fractions,"Consider a solid hemisphere of radius 1. Let s be the distance from its center of mass to the base. If s can be expressed as m/n, where m and n are relatively prime positive integers, find m + n.",
10201/100,,BMT 2016 Team #13,2016,Counting,BMT,4.0,,"Consider an urn containing 51 white and 50 black balls. Every turn, we randomly pick a ball, record the color of the ball, and then we put the ball back into the urn. We stop picking when we have recorded $n$ black balls, where $n$ is an integer randomly chosen from $\{1,2, \ldots, 100\}$ What is the expected number of turns?",fractions,"Consider an urn containing 51 white and 50 black balls. Every turn, we randomly pick a ball, record the color of the ball, and then we put the ball back into the urn. We stop picking when we have recorded $n$ black balls, where $n$ is an integer randomly chosen from $\{1,2, \ldots, 100\}$. Let s be the expected number of turns. If s can be expressed as m/n, where m and n are relatively prime positive integers, find m + n. If m + n exceeds 1000, find instead the remainder when m + n is divided by 1000.",
16,,BMT 2016 Team #15,2016,Algebra,BMT,4.5,,"Let $s_{1}, s_{2}, s_{3}$ be the three roots of $x^{3}+x^{2}+\frac{9}{2} x+9$. $$ \prod_{i=1}^{3}\left(4 s_{i}^{4}+81\right) $$ can be written as $2^{a} 3^{b} 5^{c}$. Find $a+b+c$.",aime_ready_integers,N/A,
3003001,,BMT 2016 Analysis #1,2016,Algebra,BMT,2.0,,Evaluate $1001^{3}-1000^{3}$,large_integers,Evaluate $1001^{3}-1000^{3}$. Let n be this value. Find the remainder when n is divided by 1000.,
"(16,2)",,BMT 2016 Analysis #2,2016,Algebra,BMT,2.5,,"Find an integer pair of solutions $(x, y)$ to the following system of equations. 
$$\log _{2}\left(y^{x}\right)=16 $$,
$$\log _{2}\left(x^{y}\right)=8 $$",misc,N/A,
3/20,,BMT 2016 Analysis #3,2016,Algebra,BMT,3.0,,"A half-mile long train is traveling at a speed of 90 miles per hour. As it enters a 1 mile long tunnel, Steve starts running from the back of the train to the front of the train at a speed of 10 miles per hour. When Steve is out of the tunnel, he stops running. How far along the train has Steve run in miles?",fractions,"Let s be the distance along the train Steve has run in miles. If s can be expressed as m/n, where m and n are relatively prime positive integers, what is the value of m + n?",
4,,BMT 2016 Analysis #4,2016,Algebra,BMT,3.0,,An geometric progression starting at $a_{0}=3$ has an even number of terms. Suppose the difference between the odd indexed terms and even indexed terms is 39321 and that the sum of the first and last term is 49155 . Find the common ratio of this geometric progression.,aime_ready_integers,N/A,
89/2,,BMT 2016 Analysis #5,2016,Algebra,BMT,4.0,,Find $$ \frac{\tan 1^{\circ}}{1+\tan 1^{\circ}}+\frac{\tan 2^{\circ}}{1+\tan 2^{\circ}}+\ldots+\frac{\tan 89^{\circ}}{1+\tan 89^{\circ}}$$,fractions,"Let s be the sum of the series $$ \frac{\tan 1^{\circ}}{1+\tan 1^{\circ}}+\frac{\tan 2^{\circ}}{1+\tan 2^{\circ}}+\ldots+\frac{\tan 89^{\circ}}{1+\tan 89^{\circ}}$$. If s can be expressed as m/n, where m and n are relatively prime positive integers, find the value of m + n.",
-434,,BMT 2016 Analysis #7,2016,Algebra,BMT,4.5,,Find the coefficient of $x^{2}$ in the following polynomial $$(1-x)^{2}(1+2 x)^{2}(1-3 x)^{2} \ldots(1-11 x)^{2}$$,negative_integers,"Let $n$ be the coefficient of $x^{2}$ in the following polynomial $$(1-x)^{2}(1+2 x)^{2}(1-3 x)^{2} \ldots(1-11 x)^{2}$$

Find the absolute value of $n$.",
√6/3,,BMT 2016 Analysis #10,2016,Algebra,BMT,5.0,,Evaluate $$\sum_{k=0}^{\infty}\left(\frac{-1}{8}\right)^{k}\binom{2 k}{k}$$,roots,"Consider the infinite series $$\sum_{k=0}^{\infty}\left(\frac{-1}{8}\right)^{k}\binom{2 k}{k}.$$ Let x be the sum of this series. If x can be written as m√n/k, where m and k are relatively prime positive integers and n is not divisible by the square of a prime, find m + n + k.",
3,,BMT 2016 Discrete #1,2016,Counting,BMT,2.5,,A bag is filled with quarters and nickels. The average value when pulling out a coin is 10 cents. What is the least number of nickels in the bag possible?,aime_ready_integers,N/A,
768,,BMT 2016 Discrete #2,2016,Counting,BMT,2.0,,"How many integers from 1 to 2016 are divisible by 3 or 7 , but not 21 ?",aime_ready_integers,N/A,
3744,,BMT 2016 Discrete #3,2016,Counting,BMT,2.5,,How many five-card hands from a standard deck of 52 cards are full houses? A full house consists of 3 cards of one rank and 2 cards of another rank.,large_integers,How many five-card hands from a standard deck of 52 cards are full houses? A full house consists of 3 cards of one rank and 2 cards of another rank. Let n be the number of such hands. Find the remainder when n is divided by 1000.,
56,,BMT 2016 Discrete #4,2016,Counting,BMT,3.0,,Three 3-legged (distinguishable) Stanfurdians take off their socks and trade them with each other. How many ways is this possible if everyone ends up with exactly 3 socks and nobody gets any of their own socks? All socks originating from the Stanfurdians are distinguishable from each other. All Stanfurdian feet are indistinguishable from other feet of the same Stanfurdian.,aime_ready_integers,N/A,
73,,BMT 2016 Discrete #9,2016,Number Theory,BMT,3.0,,$(\sqrt{6}+\sqrt{7})^{1000}$ in base ten has a tens digit of $a$ and a ones digit of $b$. Determine $10 a+b$.,aime_ready_integers,N/A,
16,,BMT 2016 Geometry #1,2016,Geometry,BMT,2.0,,A $2 \times 4 \times 8$ rectangular prism and a cube have the same volume. What is the difference between their surface areas?,aime_ready_integers,N/A,
42,,BMT 2016 Geometry #2,2016,Geometry,BMT,2.5,,"Cyclic quadrilateral $A B C D$ has side lengths $A B=6, B C=7, C D=7, D A=6$. What is the area of $A B C D$ ?",aime_ready_integers,N/A,
13/31,,BMT 2016 Geometry #3,2016,Geometry,BMT,2.5,,"Let $S$ be the set of all non-degenerate triangles with integer sidelengths, such that two of the sides are 20 and 16. Suppose we pick a triangle, at random, from this set. What is the probability that it is acute?",fractions,"Let $S$ be the set of all non-degenerate triangles with integer sidelengths, such that two of the sides are 20 and 16. Let p be the probability that a triangle picked at random from this set is acute. If p can be expressed as m/n, where m and n are relatively prime positive integers, find the sum m + n.",
√3/3 + 1/2,,BMT 2016 Geometry #4,2016,Geometry,BMT,2.5,,"$A B C$ is an equilateral triangle, and $A D E F$ is a square. If $D$ lies on side $A B$ and $E$ lies on side $B C$, what is the ratio of the area of the equilateral triangle to the area of the square?",misc,N/A,
129,,BMT 2016 Geometry #5,2016,Geometry,BMT,2.5,,"Convex pentagon $A B C D E$ has the property that $\angle A D B=20^{\circ}, \angle B E C=16^{\circ}, \angle C A D=3^{\circ}$, and $\angle D B E=12^{\circ}$. What is the measure of $\angle E C A$ ?",aime_ready_integers,N/A,
28,,BMT 2016 Geometry #6,2016,Geometry,BMT,3.0,,"Triangle $A B C$ has sidelengths $A B=13, A C=14$, and $B C=15$ and centroid $G$. What is the area of the triangle with sidelengths $A G, B G$, and $C G$ ?",aime_ready_integers,N/A,
(1+√3)/2,,BMT 2016 Geometry #7,2016,Geometry,BMT,3.0,,"Let $A B C$ be a right triangle with $A B=B C=2$. Construct point $D$ such that $\angle D A C=30^{\circ}$ and $\angle D C A=60^{\circ}$, and $\angle B C D>90^{\circ}$. Compute the area of triangle $B C D$.",misc,N/A,
13,,BMT 2016 Geometry #9,2016,Geometry,BMT,3.5,,"Given right triangle $A B C$ with right angle at $C$, construct three external squares $A B D E$, $B C F G$, and $A C H I$. If $D G=19$ and $E I=22$, compute the length of $F H$.",aime_ready_integers,N/A,
8π/3,,BMT 2016 Geometry #10,2016,Geometry,BMT,4.0,,"Triangle $A B C$ has side lengths $A B=5, B C=9$, and $A C=6$. Define the incircle of $A B C$ to be $C_{1}$. Then, define $C_{i}$ for $i>1$ to be externally tangent to $C_{i-1}$ and tangent to $A B$ and $B C$. Compute the sum of the areas of all circles $C_{n}$.",pi,"Triangle $A B C$ has side lengths $A B=5, B C=9$, and $A C=6$. Define the incircle of $A B C$ to be $C_{1}$. Then, define $C_{i}$ for $i>1$ to be externally tangent to $C_{i-1}$ and tangent to $A B$ and $B C$. Let $n$ be the sum of the areas of all circles $C_{n}$. If $n$ can be written as $aπ/b$, where $a$, $b$ are positive integers, find $a + b$.",
35,,BmMT 2016 Individual #1,2016,Algebra,BmMT,1.0,,"David is taking a 50 -question test, and he needs to answer at least $70 %$ of the questions correctly in order to pass the test. What is the minimum number of questions he must answer correctly in order to pass the test?",aime_ready_integers,N/A,
35,,BmMT 2016 Individual #2,2016,Counting,BmMT,1.0,,"You decide to flip a coin some number of times, and record each of the results. You stop flipping the coin once you have recorded either 20 heads, or 16 tails. What is the maximum number of times that you could have flipped the coin?",aime_ready_integers,N/A,
14,,BmMT 2016 Individual #3,2016,Geometry,BmMT,1.0,,"The width of a rectangle is half of its length. Its area is 98 square meters. What is the length of the rectangle, in meters?",aime_ready_integers,N/A,
40,,BmMT 2016 Individual #4,2016,Algebra,BmMT,1.0,,"Carol is twice as old as her younger brother, and Carol's mother is 4 times as old as Carol is. The total age of all three of them is 55 . How old is Carol's mother?",aime_ready_integers,N/A,
585,,BmMT 2016 Individual #5,2016,Algebra,BmMT,1.0,,What is the sum of all two-digit multiples of 9?,aime_ready_integers,N/A,
2020,,BmMT 2016 Individual #6,2016,Number Theory,BmMT,1.0,,"The number 2016 is divisible by its last two digits, meaning that 2016 is divisible by 16 . What is the smallest integer larger than 2016 that is also divisible by its last two digits?",large_integers,"The number 2016 is divisible by its last two digits, meaning that 2016 is divisible by 16. What is the smallest integer larger than 2016 that is also divisible by its last two digits? Let n be this integer. Find the remainder when n is divided by 1000.",
16,,BmMT 2016 Individual #7,2016,Geometry,BmMT,1.5,,Let $Q$ and $R$ both be squares whose perimeters add to 80 . The area of $Q$ to the area of $R$ is in a ratio of $16: 1$. Find the side length of $Q$.,aime_ready_integers,N/A,
9,,BmMT 2016 Individual #8,2016,Counting,BmMT,2.0,,"How many 8 -digit positive integers have the property that the digits are strictly increasing from left to right? For instance, 12356789 is an example of such a number, while 12337889 is not.",aime_ready_integers,N/A,
5,,BmMT 2016 Individual #9,2016,Algebra,BmMT,1.5,,"During a game, Steve Korry attempts 20 free throws, making 16 of them. How many more free throws does he have to attempt to finish the game with $84 %$ accuracy, assuming he makes them all?",aime_ready_integers,N/A,
120,,BmMT 2016 Individual #10,2016,Counting,BmMT,2.0,,How many different ways are there to arrange the letters MILKTEA such that TEA is a contiguous substring?,aime_ready_integers,N/A,
1/10,,BmMT 2016 Individual #11,2016,Counting,BmMT,2.0,,Suppose you roll two fair 20 -sided dice. What is the probability that their sum is divisible by 10 ?,fractions,"Suppose you roll two fair 20 -sided dice. Let s be the probability that their sum is divisible by 10. If s can be expressed as m/n, where m and n are relatively prime positive integers, what is m + n?",
13,,BmMT 2016 Individual #12,2016,Geometry,BmMT,2.5,,"Suppose that two of the three sides of an acute triangle have lengths 20 and 16 , respectively. How many possible integer values are there for the length of the third side?",aime_ready_integers,N/A,
1125,,BmMT 2016 Individual #13,2016,Algebra,BmMT,2.0,,"Suppose that between Beijing and Shanghai, an airplane travels 500 miles per hour, while a train travels at 300 miles per hour. You must leave for the airport 2 hours before your flight, and must leave for the train station 30 minutes before your train. Suppose that the two methods of transportation will take the same amount of time in total. What is the distance, in miles, between the two cities?",large_integers,"Suppose that between Beijing and Shanghai, an airplane travels 500 miles per hour, while a train travels at 300 miles per hour. You must leave for the airport 2 hours before your flight, and must leave for the train station 30 minutes before your train. Suppose that the two methods of transportation will take the same amount of time in total. Let n be the distance, in miles, between the two cities. Find the remainder when n is divided by 1000.",
5,,BmMT 2016 Individual #14,2016,Geometry,BmMT,2.5,,How many nondegenerate triangles (triangles where the three vertices are not collinear) with integer side lengths have a perimeter of 16 ? Two triangles are considered distinct if they are not congruent.,aime_ready_integers,N/A,
3/7,,BmMT 2016 Individual #15,2016,Algebra,BmMT,1.5,,"John can drive 100 miles per hour on a paved road and 30 miles per hour on a gravel road. If it takes John 100 minutes to drive a road that is 100 miles long, what fraction of the time does John spend on the paved road?",fractions,"Let s be the fraction of time John spends on the paved road. If s can be expressed as m/n, where m and n are relatively prime positive integers, what is the value of m + n?",
37/72,,BmMT 2016 Individual #16,2016,Counting,BmMT,2.0,,"Alice rolls one pair of 6 -sided dice, and Bob rolls another pair of 6 -sided dice. What is the probability that at least one of Alice's dice shows the same number as at least one of Bob's dice?",fractions,"Alice rolls one pair of 6 -sided dice, and Bob rolls another pair of 6 -sided dice. Let s be the probability that at least one of Alice's dice shows the same number as at least one of Bob's dice. If s can be expressed as m/n, where m and n are relatively prime positive integers, find m + n.",
48,,BmMT 2016 Individual #17,2016,Number Theory,BmMT,2.5,,"When $20^{16}$ is divided by $16^{20}$ and expressed in decimal form, what is the number of digits to the right of the decimal point? Trailing zeroes should not be included.",aime_ready_integers,N/A,
63,,BmMT 2016 Individual #18,2016,Counting,BmMT,3.0,,"Suppose you have a $20 \times 16$ bar of chocolate squares. You want to break the bar into smaller chunks, so that after some sequence of breaks, no piece has an area of more than 5 . What is the minimum possible number of times that you must break the bar? For an example of how breaking the chocolate works, suppose we have a $2 \times 2$ bar and wish to break it entirely into $1 \times 1$ bars. We can break it once to get two $2 \times 1$ bars. Then, we would have to break each of these individual bars in half in order to get all the bars to be size $1 \times 1$, and we end up using 3 breaks in total.",aime_ready_integers,N/A,
11760,,BmMT 2016 Individual #19,2016,Counting,BmMT,3.0,,"A class of 10 students decides to form two distinguishable committees, each with 3 students. In how many ways can they do this, if the two committees can have no more than one student in common?",large_integers,"A class of 10 students decides to form two distinguishable committees, each with 3 students. In how many ways can they do this, if the two committees can have no more than one student in common? Let n be this quantity. Find the remainder when n is divided by 1000.",
82,,BmMT 2016 Individual #20,2016,Geometry,BmMT,3.5,,"You have been told that you are allowed to draw a convex polygon in the Cartesian plane, with the requirements that each of the vertices has integer coordinates whose values range from 0 to 10 inclusive, and that no pair of vertices can share the same $x$ or $y$ coordinate value (so for example, you could not use both $(1,2)$ and $(1,4)$ in your polygon, but $(1,2)$ and $(2,1)$ is fine). What is the largest possible area that your polygon can have?",aime_ready_integers,N/A,
127,,BmMT 2016 Team #1,2016,Algebra,BmMT,1.0,,"BmMT is in a week, and we don't have any problems! Let's write 1 on the first day, 2 on the second day, 4 on the third, 8 on the fourth, 16 on the fifth, 32 on the sixth, and 64 on the seventh. After seven days, how many problems will we have written in total?",aime_ready_integers,N/A,
7.9,,BmMT 2016 Team #2,2016,Algebra,BmMT,1.0,,"100 students are taking a ten-point exam. 50 students scored 8 points, 30 students scored 7 points, and the rest scored 9 points. What is the average score for the exam?",misc,N/A,
16,,BmMT 2016 Team #3,2016,Counting,BmMT,1.0,,"Rebecca has four pairs of shoes. Rebecca may or may not wear matching shoes. However, she will always use a left-shoe for her left foot and a right-shoe for her right foot. How many ways can Rebecca wear shoes?",aime_ready_integers,N/A,
15,,BmMT 2016 Team #4,2016,Counting,BmMT,1.0,,"A council of 111 mathematicians voted on whether to hold their conference in Beijing or Shanghai. The outcome of an initial vote was 70 votes in favor of Beijing, and 41 votes in favor of Shanghai. If the vote were to be held again, what is the minimum number of mathematicians that would have to change their votes in order for Shanghai to win a majority of votes?",aime_ready_integers,N/A,
40,,BmMT 2016 Team #5,2016,Geometry,BmMT,1.0,,"What is the area of the triangle bounded by the line $20 x+16 y=160$, the $x$-axis, and the $y$-axis?",aime_ready_integers,N/A,
40,,BmMT 2016 Team #6,2016,Number Theory,BmMT,1.5,,"Suppose that 3 runners start running from the start line around a circular 800 -meter track and that their speeds are 100,160 , and 200 meters per minute, respectively. How many minutes will they run before all three are next at the start line at the same time?",aime_ready_integers,N/A,
3600π,,BmMT 2016 Team #7,2016,Geometry,BmMT,1.5,,"Brian's lawn is in the shape of a circle, with radius 10 meters. Brian can throw a frisbee up to 50 meters from where he stands. What is the area of the region (in square meters) in which the frisbee can land, if Brian can stand anywhere on his lawn?",pi,"Brian's lawn is in the shape of a circle, with radius 10 meters. Brian can throw a frisbee up to 50 meters from where he stands. Let n be the area of the region (in square meters) in which the frisbee can land, if Brian can stand anywhere on his lawn. If n can be written as aπ, where a is a positive integer, find a.",
1875,,BmMT 2016 Team #8,2016,Counting,BmMT,1.5,,"A seven digit number is called ""bad"" if exactly four of its digits are 0 and the rest are odd. How many seven digit numbers are bad?",large_integers,"A seven digit number is called ""bad"" if exactly four of its digits are 0 and the rest are odd. Let n be the number of such seven digit numbers. Find the remainder when n is divided by 1000.",
9/50,,BmMT 2016 Team #9,2016,Counting,BmMT,1.5,,Suppose you have a 3 -digit number with only even digits. What is the probability that twice that number also has only even digits?,fractions,"Suppose you have a 3 -digit number with only even digits. Let s be the probability that twice that number also has only even digits. If s can be expressed as m/n, where m and n are relatively prime positive integers, find m + n.",
2/5,,BmMT 2016 Team #10,2016,Counting,BmMT,2.0,,"You have a flight on Air China from Beijing to New York. The flight will depart any time between 1 p.m. and 6 p.m., uniformly at random. Your friend, Henry, is flying American Airlines, also from Beijing to New York. Henry's flight will depart any time between 3 p.m. and 5 p.m., uniformly at random. What is the probability that Henry's flight departs before your flight?",fractions,"You have a flight on Air China from Beijing to New York. The flight will depart any time between 1 p.m. and 6 p.m., uniformly at random. Your friend, Henry, is flying American Airlines, also from Beijing to New York. Henry's flight will depart any time between 3 p.m. and 5 p.m., uniformly at random. Let s be the probability that Henry's flight departs before your flight. If s can be expressed as m/n, where m and n are relatively prime positive integers, find the value of m + n.",
3-2√2,,BmMT 2016 Team #12,2016,Geometry,BmMT,2.0,,Consider a circle of radius 1 drawn tangent to the positive $x$ and $y$ axes. Now consider another smaller circle tangent to that circle and also tangent to the positive $x$ and $y$ axes. Find the radius of the smaller circle.,roots,"Consider a circle of radius 1 drawn tangent to the positive $x$ and $y$ axes. Now consider another smaller circle tangent to that circle and also tangent to the positive $x$ and $y$ axes. Let $x$ be the radius of the smaller circle. If $x$ can be written in the form $m\sqrt{n} - c$, where $m$, $n$, and $c$ are positive integers and $n$ is not divisible by the square of any prime, find $m+n+c$.",
5,,BmMT 2016 Team #13,2016,Algebra,BmMT,2.0,,The following expression is an integer. Find this integer: $$\frac{\sqrt{20+16 \frac{\sqrt{20+16 \frac{\sqrt{20+16 \ldots}}{2}}}{2}}}{2} .$$,aime_ready_integers,N/A,
23,,BmMT 2016 Team #14,2016,Number Theory,BmMT,2.5,,"Let $2016=a_{1} \times a_{2} \times \cdots \times a_{n}$ for some positive integers $a_{1}, a_{2}, \ldots, a_{n}$. Compute the smallest possible value of $a_{1}+a_{2}+\cdots+a_{n}$.",aime_ready_integers,N/A,
1490,,BmMT 2016 Team #15,2016,Algebra,BmMT,2.0,,"The tetranacci numbers are defined by the recurrence $T_{n}=T_{n-1}+T_{n-2}+T_{n-3}+T_{n-4}$ and $T_{0}=T_{1}=T_{2}=0$ and $T_{3}=1$. Given that $T_{9}=29$ and $T_{14}=773$, calculate $T_{15}$.",large_integers,"The tetranacci numbers are defined by the recurrence $T_{n}=T_{n-1}+T_{n-2}+T_{n-3}+T_{n-4}$ and $T_{0}=T_{1}=T_{2}=0$ and $T_{3}=1$. Given that $T_{9}=29$ and $T_{14}=773$, let n be $T_{15}$. Find the remainder when n is divided by 1000.",
1012032,,BmMT 2016 Team #16,2016,Number Theory,BmMT,2.5,,"Find the number of zeros at the end of $(2016!)^{2016}$. Your answer should be an integer, not its prime factorization.",large_integers,"Original problem:
Find the number of zeros at the end of $(2016!)^{2016}$. Let n be this number. Find the remainder when n is divided by 1000.",
1440,,BmMT 2016 Team #17,2016,Counting,BmMT,2.0,,"A DJ has 7 songs named $1,2,3,4,5,6$, and 7 . He decides that no two even-numbered songs can be played one after the other. In how many different orders can the DJ play the 7 songs?",large_integers,"A DJ has 7 songs named $1,2,3,4,5,6$, and 7 . He decides that no two even-numbered songs can be played one after the other. Let n be the number of different orders in which the DJ can play the 7 songs. Find the remainder when n is divided by 1000.",
30,,BmMT 2016 Team #18,2016,Counting,BmMT,2.5,,"Given a cube, how many distinct ways are there (using 6 colors) to color each face a distinct color? Colorings are distinct if they cannot be transformed into one another by a sequence of rotations.",aime_ready_integers,N/A,
74,,BmMT 2016 Team #19,2016,Geometry,BmMT,3.0,,"Suppose you have a triangle with side lengths 3,4 , and 5 . For each of the triangle's sides, draw a square on its outside. Connect the adjacent vertices in order, forming 3 new triangles (as in the diagram). What is the area of this convex region?\\",aime_ready_integers,N/A,
(1+√13)/2,,BmMT 2016 Team #20,2016,Algebra,BmMT,3.0,,Find $x$ such that $\sqrt{c+\sqrt{c-x}}=x$ when $c=4$.,misc,N/A,
3,,BMT 2017 Individual #1,2017,Algebra,BMT,1.0,,"In three years, Xingyou's age in years will be twice his current height in feet. If Xingyou's current age in years is also his current height in feet, what is Xingyou's age in years right now?",aime_ready_integers,N/A,
9,,BMT 2017 Individual #2,2017,Geometry,BMT,1.0,,"Barack is an equilateral triangle and Michelle is a square. If Barack and Michelle each have perimeter 12, find the area of the polygon with larger area.",aime_ready_integers,N/A,
10,,BMT 2017 Individual #3,2017,Geometry,BMT,1.0,,How many letters in the word UNCOPYRIGHTABLE have at least one line of symmetry?,aime_ready_integers,N/A,
1298,,BMT 2017 Individual #4,2017,Number Theory,BMT,2.0,,There are two 3-digit numbers which end in 99. These two numbers are also the product of two integers which differ by 2. What is the sum of these two numbers?,large_integers,There are two 3-digit numbers which end in 99. These two numbers are also the product of two integers which differ by 2. Let n be the sum of these two numbers. Find the remainder when n is divided by 1000.,
5,,BMT 2017 Individual #5,2017,Algebra,BMT,1.5,,"How many pairs of positive integers $(a, b)$ satisfy the equation $\log_{a}16=b?$",aime_ready_integers,N/A,
42,,BMT 2017 Individual #6,2017,Number Theory,BMT,1.5,,For how many numbers n does 2017 divided by n have a remainder of either 1 or 2?,aime_ready_integers,N/A,
77/8,,BMT 2017 Individual #7,2017,Algebra,BMT,1.5,,What is the sum of the infinite series $\frac{20}{3}+\frac{17}{9}+\frac{20}{27}+\frac{17}{81}+\frac{20}{243}+\frac{17}{729}+...?$,fractions,"Let s be the sum of the infinite series $\frac{20}{3}+\frac{17}{9}+\frac{20}{27}+\frac{17}{81}+\frac{20}{243}+\frac{17}{729}+...$. If s can be expressed as m/n, where m and n are relatively prime positive integers, what is the value of m + n?",
836,,BMT 2017 Individual #8,2017,Algebra,BMT,1.5,,"If $xy=15$ and $x+y=11$, calculate the value of $x^{3}+y^{3}$.",aime_ready_integers,N/A,
106656,,BMT 2017 Individual #9,2017,Algebra,BMT,1.5,,"The digits 1, 4, 9 and 2 are each used exactly once to form some 4-digit number N. What is the sum of all possible values of N?",large_integers,"The digits 1, 4, 9 and 2 are each used exactly once to form some 4-digit number N. Let n be the sum of all possible values of N. Find the remainder when n is divided by 1000.",
30,,BMT 2017 Individual #10,2017,Geometry,BMT,2.5,,"Let S be the set of points A in the Cartesian plane such that the four points A, (2, 3), (-1,0), and (0,6) form the vertices of a parallelogram. Let P be the convex polygon whose vertices are the points in S. What is the area of P?",aime_ready_integers,N/A,
4000,,BMT 2017 Individual #11,2017,Counting,BMT,2.5,,"Naomi has a class of 100 students who will compete with each other in five teams. Once the teams are made, each student will shake hands with every other student, except the students in his or her own team. Naomi chooses to partition the students into teams so as to maximize the number of handshakes. How many handshakes will there be?",large_integers,"Naomi has a class of 100 students who will compete with each other in five teams. Once the teams are made, each student will shake hands with every other student, except the students in his or her own team. Naomi chooses to partition the students into teams so as to maximize the number of handshakes. Let n be the total number of handshakes. Find the remainder when n is divided by 1000.",
3/2,,BMT 2017 Individual #12,2017,Counting,BMT,2.5,,"Square S is the unit square with vertices at (0,0), (0,1), (1,0) and (1, 1). We choose a random point $(x, y)$ inside S and construct a rectangle with length $x$ and width $y$. What is the average of $\lfloor p \rfloor$ where $p$ is the perimeter of the rectangle? $\lfloor x \rfloor$ is the greatest integer less than or equal to $x$.",fractions,"Square S is the unit square with vertices at (0,0), (0,1), (1,0) and (1,1). We choose a random point $(x, y)$ inside S and construct a rectangle with length $x$ and width $y$. Let s be the average of $\lfloor p \rfloor$ where $p$ is the perimeter of the rectangle. If s can be expressed as m/n, where m and n are relatively prime positive integers, find m + n.",
5√2,,BMT 2017 Individual #13,2017,Geometry,BMT,2.5,,"Two points are located 10 units apart, and a circle is drawn with radius r centered at one of the points. A tangent line to the circle is drawn from the other point. What value of r maximizes the area of the triangle formed by the two points and the point of tangency?",roots,"Two points are located 10 units apart, and a circle is drawn with radius r centered at one of the points. A tangent line to the circle is drawn from the other point. Let x be the radius r that maximizes the area of the triangle formed by the two points and the point of tangency. If x can be written as m√n/k, where m and k are relatively prime positive integers and n is not divisible by the square of a prime, find m + n + k.",
9,,BMT 2017 Individual #14,2017,Number Theory,BMT,3.0,,"Let x be the first term in the sequence 31, 331, 3331,... which is divisible by 17. How many digits long is x?",aime_ready_integers,N/A,
13,,BMT 2017 Individual #15,2017,Counting,BMT,3.0,,"Alice and Bob live on the edges and vertices of the unit cube. Alice begins at point (0,0,0) and Bob begins at (1,1,1). Every second, each of them chooses one of the three adjacent corners and walks at a constant rate of 1 unit per second along the edge until they reach the corner, after which they repeat the process. What is the expected amount of time in seconds before Alice and Bob meet?",aime_ready_integers,N/A,
5√3/12,,BMT 2017 Individual #16,2017,Geometry,BMT,4.5,,"Let ABC be a triangle with $AB=3$, $BC=5$, $AC=7,$ and let P be a point in its interior. If $G_{A}$, $G_{B}$, $G_{C}$ are the centroids of $\triangle PBC,$ $\triangle PAC,$ $\triangle PAB$ respectively, find the maximum possible area of $\triangle G_{A}G_{B}G_{C}$.",roots,"In triangle ABC with $AB=3$, $BC=5$, and $AC=7$, let P be a point in its interior. Let $G_{A}$, $G_{B}$, $G_{C}$ denote the centroids of $\triangle PBC,$ $\triangle PAC,$ and $\triangle PAB$ respectively. Let x be the maximum possible area of $\triangle G_{A}G_{B}G_{C}$. If x can be written as m√n/k, where m and k are relatively prime positive integers and n is not divisible by the square of a prime, find m + n + k.",
120,,BMT 2017 Individual #17,2017,Geometry,BMT,5.0,,"Triangle ABC is drawn such that $\angle A=80^{\circ}$, $\angle B=60^{\circ}$ and $\angle C=40^{\circ}$. Let the circumcenter of $\triangle ABC$ be O, and let w be the circle with diameter AO. Circle w intersects side AC at point P. Let M be the midpoint of side BC, and let the intersection of w and PM be K. Find the measure of $\angle MOK.$",aime_ready_integers,N/A,
1-1/e,,BMT 2017 Individual #18,2017,Algebra,BMT,5.0,,"Consider the sequence $(k_{n})$ defined by $k_{n+1}=n(k_{n}+k_{n-1})$ and $k_{0}=0$, $k_{1}=1$. What is $\lim_{n\rightarrow\infty}\frac{k_{n}}{n!}$?",misc,N/A,
√5/2,,BMT 2017 Individual #19,2017,Geometry,BMT,4.5,,"Let T be the triangle in the xy-plane with vertices (0,0), (3,0), and (0,3). Let E be the ellipse inscribed in T which meets each side of T at its midpoint. Find the distance from the center of E to (0,0).",roots,"Let T be the triangle in the xy-plane with vertices (0,0), (3,0), and (0,3). Let E be the ellipse inscribed in T which meets each side of T at its midpoint. Let x be the distance from the center of E to (0,0). If x can be written as m√n/k, where m and k are relatively prime positive integers and n is not divisible by the square of a prime, find m + n + k.",
15,,BMT 2017 Individual #20,2017,Algebra,BMT,4.5,,Evaluate $\sum_{k=0}^{15}2^{560}(-1)^{k}\cos^{560}(\frac{k\pi}{16}) \pmod{17}$.,aime_ready_integers,N/A,
210,,BMT 2017 Team #1,2017,Algebra,BMT,1.5,,"You are racing an Artificially Intelligent Robot, called Al, that you built. You can run at a constant speed of $10~m/s$ throughout the race. Meanwhile, Al starts running at a constant speed of $1~m/s$. Thereafter, when exactly 1 second has passed from when Al last changed its speed, Al's speed instantaneously becomes $1~m/s$ faster, so that Al runs at a constant speed of $k~m/s$ in the kth second of the race. (Start counting seconds at 1). Suppose Al beats you by exactly 1 second. How many meters was the race?",aime_ready_integers,N/A,
27,,BMT 2017 Team #2,2017,Number Theory,BMT,1.5,,"Colin has 900 Choco Pies. He realizes that for some integer values of $n<900$, if he eats n pies a day, he will be able to eat the same number of pies every day until he runs out. How many possible values of n are there?",aime_ready_integers,N/A,
-5/2,,BMT 2017 Team #3,2017,Algebra,BMT,2.5,,"Suppose we have $w<x<y<z$, and each of the 6 pairwise sums are distinct. The 4 greatest sums are 4, 3, 2, 1. What is the sum of all possible values of w?",fractions,"Suppose we have $w<x<y<z$, and each of the 6 pairwise sums are distinct. The 4 greatest sums are 4, 3, 2, 1. Let s be the sum of all possible values of w. If s can be expressed as m/n, where m and n are relatively prime positive integers, find the value of m + n.",
1/2,,BMT 2017 Team #4,2017,Counting,BMT,2.0,,"2 darts are thrown randomly at a circular board with center O, such that each dart has an equal probability of hitting any point on the board. The points at which they land are marked A and B. What is the probability that $\angle AOB$ is acute?",fractions,"Let s be the probability that $\angle AOB$ is acute. If s can be expressed as m/n, where m and n are relatively prime positive integers, find the value of m + n.",
55,,BMT 2017 Team #5,2017,Counting,BMT,3.0,,"You enter an elevator on floor 0 of a building with some other people, and request to go to floor 10. In order to be efficient, it doesn't stop at adjacent floors (so, if it's at floor 0, its next stop cannot be floor 1). Given that the elevator will stop at floor 10, no matter what other floors it stops at, how many combinations of stops are there for the elevator?",aime_ready_integers,N/A,
1-√3/2,,BMT 2017 Team #6,2017,Geometry,BMT,3.5,,"The center of a square of side length 1 is placed uniformly at random inside a circle of radius 1. Given that we are allowed to rotate the square about its center, what is the probability that the entire square is contained within the circle for some orientation of the square?",misc,N/A,
133,,BMT 2017 Team #7,2017,Algebra,BMT,3.5,,"There are 86400 seconds in a day, which can be deduced from the conversions between seconds, minutes, hours, and days. However, the leading scientists decide that we should decide on 3 new integers $x$, $y$, and $z$, such that there are $x$ seconds in a minute, $y$ minutes in an hour, and $z$ hours in a day, such that $xyz=86400$ as before, but such that the sum $x+y+z$ is minimized. What is the smallest possible value of that sum?",aime_ready_integers,N/A,
1/1009,,BMT 2017 Team #8,2017,Algebra,BMT,3.5,,"A function f with its domain on the positive integers $\mathbb{N}=\{1,2,...\}$ satisfies the following conditions: $a): $f(1)=2017$ $b): $\sum_{i=1}^{n}f(i)=n^{2}f(n)$, for every positive integer $n>1$. What is the value of $f(2017)$?",fractions,"A function f with its domain on the positive integers $\mathbb{N}=\{1,2,...\}$ satisfies the following conditions: $a): $f(1)=2017$ $b): $\sum_{i=1}^{n}f(i)=n^{2}f(n)$, for every positive integer $n>1$. Let s be the value of $f(2017)$. If s can be expressed as m/n, where m and n are relatively prime positive integers, find m + n.",
√10,,BMT 2017 Team #9,2017,Geometry,BMT,4.0,,Let $AB=10$ be a diameter of circle P. Pick point C on the circle such that $AC=8$ Let the circle with center O be the incircle of $\triangle ABC.$ Extend line AO to intersect circle P again at D. Find the length of BD.,roots,"Given a circle P with diameter AB of length 10, a point C is selected on the circle such that the distance from A to C is 8. The incenter of triangle ABC is labeled O. The line AO is extended to intersect the circle at point D. Let x be the length of segment BD. If x can be written in the form √n, where n is not divisible by the square of any prime, find n.",
9,,BMT 2017 Team #10,2017,Counting,BMT,3.5,,"You and your friend play a game on a $7\times7$ grid of buckets. Your friend chooses 5 ""lucky"" buckets by marking an $X^{\prime\prime}$ on the bottom that you cannot see. However, he tells you that they either form a vertical, or horizontal line of length 5. To clarify, he will select either of the following sets of buckets: either $\{(a,b),(a,b+1),(a,b+2),(a,b+3),(a,b+4)\}$ or $\{(b,a),(b+1,a),(b+2,a),(b+3,a),(b+4,a)\},$ with $1\le a\le7$, and $1\le b\le3$ Your friend lets you pick up at most n buckets, and you win if one of the buckets you picked was a ""lucky"" bucket. What is the minimum possible value of n such that, if you pick your buckets optimally, you can guarantee that at least one is ""lucky""?",aime_ready_integers,N/A,
2/7,,BMT 2017 Team #11,2017,Number Theory,BMT,3.5,,"Ben picks a positive number n less than 2017 uniformly at random. Then Rex, starting with the number 1, repeatedly multiplies his number by n and then finds the remainder when dividing by 2017. Rex does this until he gets back to the number 1. What is the probability that, during this process, Rex reaches every positive number less than 2017 before returning back to 1?",fractions,"Ben picks a positive number n less than 2017 uniformly at random. Then Rex, starting with the number 1, repeatedly multiplies his number by n and then finds the remainder when dividing by 2017. Rex does this until he gets back to the number 1. Let s be the probability that, during this process, Rex reaches every positive number less than 2017 before returning back to 1. If s can be expressed as m/n, where m and n are relatively prime positive integers, find the value of m + n.",
63504,,BMT 2017 Team #12,2017,Counting,BMT,3.5,,"A robot starts at the origin of the Cartesian plane. At each of 10 steps, he decides to move 1 unit in any of the following directions: left, right, up, or down, each with equal probability. After 10 steps, the probability that the robot is at the origin is $\frac{n}{4^{10}}$. Find n.",large_integers,"A robot starts at the origin of the Cartesian plane. At each of 10 steps, he decides to move 1 unit in any of the following directions: left, right, up, or down, each with equal probability. After 10 steps, the probability that the robot is at the origin is $\frac{n}{4^{10}}$. Let n be the numerator of this fraction. Find the remainder when n is divided by 1000.",
(9-5√3)/3,,BMT 2017 Team #13,2017,Geometry,BMT,3.0,,"4 equilateral triangles of side length 1 are drawn on the interior of a unit square, each one of which shares a side with one of the 4 sides of the unit square. What is the common area enclosed by all 4 equilateral triangles?",misc,N/A,
8065/2017,,BMT 2017 Team #14,2017,Algebra,BMT,5.0,,"Suppose that there is a set of 2016 positive numbers, such that both their sum, and the sum of their reciprocals, are equal to 2017. Let x be one of those numbers. Find the maximum possible value of $x+\frac{1}{x}$",fractions,"Suppose that there is a set of 2016 positive numbers, such that both their sum, and the sum of their reciprocals, are equal to 2017. Let s be the sum of a selected number and its reciprocal from this set. If s can be expressed as m/n, where m and n are relatively prime positive integers, find the remainder when m + n is divided by 1000.",
√41,,BMT 2017 Team #15,2017,Geometry,BMT,3.5,,"In triangle ABC, the angle at C is $30^{\circ}$, side BC has length 4, and side AC has length 5. Let P be the point such that triangle ABP is equilateral and non-overlapping with triangle ABC. Find the distance from C to P.",roots,"In triangle ABC, the angle at C is $30^{\circ}$, side BC has length 4, and side AC has length 5. Point P is defined such that triangle ABP is equilateral and non-overlapping with triangle ABC. Let x be the distance from C to P. If x can be written as √n, where n is not divisible by the square of a prime, find n.",
1/11,,BMT 2017 Discrete #1,2017,Counting,BMT,1.5,,You have 9 colors of socks and 5 socks of each type of color. Pick two socks randomly. What is the probability that they are the same color?,fractions,"You have 9 colors of socks and 5 socks of each type of color. Pick two socks randomly. Let s be the probability that they are the same color. If s can be expressed as m/n, where m and n are relatively prime positive integers, find m + n.",
36,,BMT 2017 Discrete #2,2017,Counting,BMT,1.5,,"Each BMT, every student chooses one of three focus rounds to take. Bob plans to attend BMT for the next 4 years and wants to figure out what focus round to take each year. Given that he wants to take each focus round at least once, how many ways can he choose which round to take each year?",aime_ready_integers,N/A,
24,,BMT 2017 Discrete #3,2017,Number Theory,BMT,1.5,,What is the smallest positive integer with exactly 7 distinct proper divisors?,aime_ready_integers,N/A,
9531,,BMT 2017 Discrete #4,2017,Number Theory,BMT,1.5,,"What is the greatest multiple of 9 that can be formed by using each of the digits in the set \{1,3,5,7,9\} at most once.",large_integers,"What is the greatest multiple of 9 that can be formed by using each of the digits in the set \{1,3,5,7,9\} at most once. Let n be this number. Find the remainder when n is divided by 1000.",
89,,BMT 2017 Discrete #5,2017,Counting,BMT,2.5,,"How many subsets of $\{1,2,...,9\}$ do not contain 2 adjacent numbers?",aime_ready_integers,N/A,
1296,,BMT 2017 Discrete #6,2017,Counting,BMT,3.0,,"Let $S=\{1,2,...6\}$. How many functions $f:S\rightarrow S$ are there such that for all $s\in S$, $f^{5}(s)=f(f(f(f(f(s))))=1.$",large_integers,"Let $S=\{1,2,...6\}$. How many functions $f:S\rightarrow S$ are there such that for all $s\in S$, $f^{5}(s)=f(f(f(f(f(s))))=1.$ Let n be this number of functions. Find the remainder when n is divided by 1000.",
113/36,,BMT 2017 Discrete #7,2017,Counting,BMT,3.5,,"A light has been placed on every lattice point (point with integer coordinates) on the (infinite) 2D plane. Define the Chebyshev distance between points $(x_{1},y_{1})$ and ($(x_{2},y_{2})$ to be $max(|x_{1}-x_{2}|,|y_{1}-y_{2}|)$. Each light is turned on with probability $\frac{1}{2d/2}$, where d is the Chebyshev distance from that point to the origin. What is the expected number of lights that have all their directly adjacent lights turned on? (Adjacent points being points such that $|x_{1}-x_{2}|+|y_{1}-y_{2}|=$ 1.)",fractions,"Let s be the expected number of lights that have all their directly adjacent lights turned on. If s can be expressed as m/n, where m and n are relatively prime positive integers, find the value of m + n.",
-652,,BMT 2017 Discrete #10,2017,Number Theory,BMT,3.5,,Let $\phi(n)$ be the number of positive integers less than or equal to n that are relatively prime to n. Evaluate $\sum_{n=1}^{64}(-1)^{n}\phi(n)\lfloor\frac{64}{n}\rfloor$,negative_integers,Denote by n the value of the expression $\sum_{n=1}^{64}(-1)^{n}\phi(n)\lfloor\frac{64}{n}\rfloor$. Find the absolute value of n.,
10:00,,BmMT 2017 Individual #1,2017,Algebra,BmMT,1.0,,It's currently 6:00 on a 12 hour clock. What time will be shown on the clock 100 hours from now? Express your answer in the form hh : mm.,misc,N/A,
9.6,,BmMT 2017 Individual #2,2017,Algebra,BmMT,1.0,,"A tub originally contains 10 gallons of water. Alex adds some water, increasing the amount of water by 20%. Barbara, unhappy with Alex's decision, decides to remove 20% of the water currently in the tub. How much water, in gallons, is left in the tub? Express your answer as an exact decimal.",misc,N/A,
420,,BmMT 2017 Individual #3,2017,Algebra,BmMT,1.0,,"There are 2000 math students and 4000 CS students at Berkeley. If 5580 students are either math students or CS students, then how many of them are studying both math and CS?",aime_ready_integers,N/A,
6,,BmMT 2017 Individual #4,2017,Number Theory,BmMT,1.5,,Determine the smallest integer $x$ greater than 1 such that $x^2$ is one more than a multiple of 7.,aime_ready_integers,N/A,
"(11,19)",,BmMT 2017 Individual #5,2017,Algebra,BmMT,1.5,,"Find two positive integers $x, y$ greater than 1 whose product equals the following sum: $9 + 11 + 13 + 15 + 17 + 19 + 21 + 23 + 25 + 27 + 29$ Express your answer as an ordered pair $(x, y)$ with $x \leq y$.",misc,N/A,
900,,BmMT 2017 Individual #6,2017,Algebra,BmMT,1.5,,"The average walking speed of a cow is 5 meters per hour. If it takes the cow an entire day to walk around the edges of a perfect square, then determine the area (in square meters) of this square.",aime_ready_integers,N/A,
6,,BmMT 2017 Individual #8,2017,Counting,BmMT,1.5,,"I have 18 socks in my drawer, 6 colored red, 8 colored blue and 4 colored green. If I close my eyes and grab a bunch of socks, how many socks must I grab to guarantee there will be two pairs of matching socks?",aime_ready_integers,N/A,
-2,,BmMT 2017 Individual #9,2017,Algebra,BmMT,1.5,,Define the operation $a@b$ to be $3 + ab + a + 2b$. There exists a number $x$ such that $x@b = 1$ for all $b$. Find $x$.,negative_integers,"Denote by $n$ the number such that for the operation $a@b = 3 + ab + a + 2b$, $n@b = 1$ for all $b$. Find the absolute value of $n$.",
7,,BmMT 2017 Individual #10,2017,Number Theory,BmMT,1.5,,Compute the units digit of $2017^{(2017^2)}$,aime_ready_integers,N/A,
-1/9,,BmMT 2017 Individual #11,2017,Algebra,BmMT,1.5,,"The distinct rational numbers $-\sqrt{-x}, x$, and $-x$ form an arithmetic sequence in that order. Determine the value of $x$.",fractions,"The distinct rational numbers $-\sqrt{-x}, x$, and $-x$ form an arithmetic sequence in that order. Let s be the value of x. If s can be expressed as m/n, where m and n are relatively prime positive integers, find the value of m + n.",
2,,BmMT 2017 Individual #12,2017,Algebra,BmMT,2.0,,"Let $y = x^2 + bx + c$ be a quadratic function that has only one root. If $b$ is positive, find $\frac{b+2}{\sqrt{c}+1}$.",aime_ready_integers,N/A,
3/5,,BmMT 2017 Individual #13,2017,Counting,BmMT,2.0,,"Alice, Bob, and four other people sit themselves around a circular table. What is the probability that Alice does not sit to the left or right of Bob?",fractions,"Alice, Bob, and four other people sit themselves around a circular table. Let s be the probability that Alice does not sit to the left or right of Bob. If s can be expressed as m/n, where m and n are relatively prime positive integers, find the sum m + n.",
-480,,BmMT 2017 Individual #14,2017,Algebra,BmMT,2.5,,Let $f(x) = |x - 8|$. Let $p$ be the sum of all the values of $x$ such that $f(f(f(x))) = 2$ and $q$ be the minimum solution to $f(f(f(x))) = 2$. Compute $p \cdot q$.,negative_integers,"Denote by $n$ the product of the sum of all the values of $x$ such that $f(f(f(x))) = 2$ and the minimum solution to $f(f(f(x))) = 2$, where $f(x) = |x - 8|$. Find the absolute value of $n$.",
5,,BmMT 2017 Individual #17,2017,Algebra,BmMT,2.5,,"Let $A, B,$ and $k$ be integers, where $k$ is positive and the greatest common divisor of $A, B,$ and $k$ is 1. Define $x\#y$ by the formula $x\#y = \frac{Ax+By}{kxy}$. If $8\#4 = \frac{1}{2}$ and $3\#1 = \frac{13}{6}$, determine the sum $A + B + k$.",aime_ready_integers,N/A,
1001,,BmMT 2017 Individual #18,2017,Counting,BmMT,2.5,,"There are 20 indistinguishable balls to be placed into bins $A, B, C, D,$ and $E$. Each bin must have at least 2 balls inside of it. How many ways can the balls be placed into the bins, if each ball must be placed in a bin?",large_integers,"There are 20 indistinguishable balls to be placed into bins $A, B, C, D,$ and $E$. Each bin must have at least 2 balls inside of it. How many ways can the balls be placed into the bins, if each ball must be placed in a bin? Let n be the number of ways to place the balls. Find the remainder when n is divided by 1000.",
√3/3,,BmMT 2017 Individual #19,2017,Geometry,BmMT,3.0,,Let $T_i$ be a sequence of equilateral triangles such that $T_1$ is an equilateral triangle with side length $1$ and $T_{i+1}$ is inscribed in the circle inscribed in triangle $T_i$ for $i\ge1$. Find $$\sum_{i=1}^{\infty} \text{Area}(T_i).$$,roots,"Let $T_i$ be a sequence of equilateral triangles such that $T_1$ is an equilateral triangle with side length $1$ and $T_{i+1}$ is inscribed in the circle inscribed in triangle $T_i$ for $i\ge1$. Let x be the sum of the areas of all the triangles $T_i$ from $i=1$ to infinity. If x can be written as m√n/k, where m and k are relatively prime positive integers and n is not divisible by the square of a prime, find m + n + k.",
34,,BmMT 2017 Individual #20,2017,Counting,BmMT,3.5,,"A gorgeous sequence is a sequence of 1's and 0's such that there are no consecutive 1's. For instance, the set of all gorgeous sequences of length 3 is $\{[1, 0, 0], [1, 0, 1], [0, 1, 0], [0, 0, 1], [0, 0, 0]\}$. Determine the number of gorgeous sequences of length 7.",aime_ready_integers,N/A,
36,,BmMT 2017 Team #1,2017,Algebra,BmMT,1.0,,Suppose $a_1 \cdot 2 = a_2 \cdot 3 = a_3$ and $a_1 + a_2 + a_3 = 66$. What is $a_3$?,aime_ready_integers,N/A,
82,,BmMT 2017 Team #3,2017,Algebra,BmMT,2.0,,"If P is a quadratic polynomial with leading coefficient 1 such that $P(1) = 1$ and $P(2) = 2$, what is $P(10)$?",aime_ready_integers,N/A,
1/8,,BmMT 2017 Team #4,2017,Geometry,BmMT,2.0,,"Let ABC be a triangle with $AB = 1$, $AC = 3$ and $BC = 3$. Let D be a point on BC such that $BD = \frac{1}{3}$. What is the ratio of the area of BAD to the area of CAD?",fractions,"Let ABC be a triangle with $AB = 1$, $AC = 3$ and $BC = 3$. Let D be a point on BC such that $BD = \frac{1}{3}$. Let s be the ratio of the area of BAD to the area of CAD. If s can be expressed as m/n, where m and n are relatively prime positive integers, find the value of m + n.",
231/1024,,BmMT 2017 Team #5,2017,Counting,BmMT,2.0,,A coin is flipped 12 times. What is the probability that the total number of heads equals the total number of tails? Express your answer as a common fraction in lowest terms.,fractions,"A coin is flipped 12 times. Let s be the probability that the total number of heads equals the total number of tails. If s can be expressed as m/n, where m and n are relatively prime positive integers, find m + n.",
13/20,,BmMT 2017 Team #6,2017,Algebra,BmMT,2.0,,"Moor pours 3 ounces of ginger ale and 1 ounce of lime juice in cup A, 3 ounces of lime juice and 1 ounce of ginger ale in cup B, and mixes each cup well. Then he pours 1 ounce of cup A into cup B, mixes it well, and pours 1 ounce of cup B into cup A. What proportion of cup A is now ginger ale? Express your answer as a common fraction in lowest terms.",fractions,"Let s be the proportion of cup A that is now ginger ale. If s can be expressed as m/n, where m and n are relatively prime positive integers, find the value of m + n.",
49/4,,BmMT 2017 Team #7,2017,Geometry,BmMT,2.0,,Determine the maximum possible area of a right triangle with hypotenuse 7. Express your answer as a common fraction in lowest terms.,fractions,"Determine the maximum possible area of a right triangle with hypotenuse 7. Let s be the maximum possible area. If s can be expressed as m/n, where m and n are relatively prime positive integers, find the value of m + n.",
21,,BmMT 2017 Team #8,2017,Counting,BmMT,2.5,,"Debbie has six Pusheens: 2 pink ones, 2 gray ones, and 2 blue ones, where Pusheens of the same color are indistinguishable. She sells two Pusheens each to Alice, Bob, and Eve. How many ways are there for her to do so?",aime_ready_integers,N/A,
4,,BmMT 2017 Team #9,2017,Algebra,BmMT,2.0,,"How many nonnegative integer pairs (a, b) are there that satisfy $ab = 90 - a - b$?",aime_ready_integers,N/A,
1089,,BmMT 2017 Team #10,2017,Number Theory,BmMT,3.0,,"What is the smallest positive integer $a_1...a_n$ (where $a_1, ..., a_n$ are its digits) such that $9 \cdot a_1...a_n = a_n...a_1$, where $a_1, a_n \ne 0$?",large_integers,"What is the smallest positive integer $a_1...a_n$ (where $a_1, ..., a_n$ are its digits) such that $9 \cdot a_1...a_n = a_n...a_1$, where $a_1, a_n \ne 0$? Let n be this integer. Find the remainder when n is divided by 1000.",
9000,,BmMT 2017 Team #11,2017,Algebra,BmMT,3.0,,"Justin is growing three types of Japanese vegetables: wasabi root, daikon and matsutake mushrooms. Wasabi root needs 2 square meters of land and 4 gallons of spring water to grow, matsutake mushrooms need 3 square meters of land and 3 gallons of spring water, and daikon need 1 square meter of land and 1 gallon of spring water to grow. Wasabi sell for \$60 per root, matsutake mushrooms sell for \$60 per mushroom, and daikon sell for \$2 per root. If Justin has 500 gallons of spring water and 400 square meters of land, what is the maximum amount of money, in dollars, he can make?",large_integers,"Justin is growing three types of Japanese vegetables: wasabi root, daikon and matsutake mushrooms. Wasabi root needs 2 square meters of land and 4 gallons of spring water to grow, matsutake mushrooms need 3 square meters of land and 3 gallons of spring water, and daikon need 1 square meter of land and 1 gallon of spring water to grow. Wasabi sell for $60 per root, matsutake mushrooms sell for $60 per mushroom, and daikon sell for $2 per root. If Justin has 500 gallons of spring water and 400 square meters of land, let n be the maximum amount of money, in dollars, he can make. Find the remainder when n is divided by 1000.",
52,,BmMT 2017 Team #12,2017,Number Theory,BmMT,2.5,,A prim number is a number that is prime if its last digit is removed. A rime number is a number that is prime if its first digit is removed. Determine how many numbers between 100 and 999 inclusive are both prim and rime numbers.,aime_ready_integers,N/A,
5/2,,BmMT 2017 Team #14,2017,Geometry,BmMT,2.0,,"If a parallelogram with perimeter 14 and area 12 is inscribed in a circle, what is the radius of the circle?",fractions,"Let r be the radius of the circle in which a parallelogram with perimeter 14 and area 12 is inscribed. If r can be expressed as m/n, where m and n are relatively prime positive integers, find the value of m + n.",
√2 - 1,,BmMT 2017 Team #15,2017,Geometry,BmMT,2.5,,"Take a square ABCD of side length 1, and draw $\overline{AC}$. Point E lies on $\overline{BC}$ such that $\overline{AE}$ bisects $\angle BAC$. What is the length of BE?",roots,"Consider a square ABCD of side length 1, and draw $\overline{AC}$. Point E lies on $\overline{BC}$ such that $\overline{AE}$ bisects $\angle BAC$. Let x be the length of BE. If x can be written as √m - c, where m and c are positive integers and m is not divisible by the square of a prime, find m + c.",
0,,BmMT 2017 Team #16,2017,Algebra,BmMT,2.0,,How many integer solutions does $f(x) = (x^2 + 1)(x + 2) + (x^2 + 3)(x + 4) = 2017$ have?,aime_ready_integers,N/A,
4/27,,BmMT 2017 Team #17,2017,Counting,BmMT,2.5,,"Alice, Bob, Carol, and Dave stand in a circle. Simultaneously, each player selects another player at random and points at that person, who must then sit down. What is the probability that Alice is the only person who remains standing?",fractions,"Alice, Bob, Carol, and Dave stand in a circle. Simultaneously, each player selects another player at random and points at that person, who must then sit down. Let s be the probability that Alice is the only person who remains standing. If s can be expressed as m/n, where m and n are relatively prime positive integers, what is the value of m + n?",
59,,BmMT 2017 Team #18,2017,Number Theory,BmMT,2.0,,"Let z be a positive integer with a remainder of 2 when divided by 3, 3 when divided by 4, 4 when divided by 5, and 5 when divided by 6. What is the smallest possible such z?",aime_ready_integers,N/A,
5,,BmMT 2017 Team #19,2017,Geometry,BmMT,2.5,,"A circle is inscribed in an isosceles trapezoid such that all four sides of the trapezoid are tangent to the circle. If the radius of the circle is 1, and the upper base of the trapezoid is 1, what is the area of the trapezoid?",aime_ready_integers,N/A,
1/3,,BmMT 2017 Team #20,2017,Counting,BmMT,3.0,,"Ray is blindfolded and standing 1 step away from an ice cream stand. Every second, he has a $\frac{1}{4}$ probability of walking 1 step towards the ice cream stand, and a $\frac{3}{4}$ probability of walking 1 step away from the ice cream stand. When he is 0 steps away from the ice cream stand, he wins. What is the probability that Ray eventually wins?",fractions,"Ray is blindfolded and standing 1 step away from an ice cream stand. Every second, he has a $\frac{1}{4}$ probability of walking 1 step towards the ice cream stand, and a $\frac{3}{4}$ probability of walking 1 step away from the ice cream stand. Let s be the probability that Ray eventually reaches the ice cream stand. If s can be expressed as m/n, where m and n are relatively prime positive integers, find m + n.",
3/4,,BMT 2018 Algebra #1,2018,Algebra,BMT,1.5,,"An airplane accelerates at 10 mph per second, and decelerates at $15~mph/sec$. Given that its takeoff speed is 180 mph, and the pilots want enough runway length to safely decelerate to a stop from any speed below takeoff speed, what's the shortest length that the runway can be allowed to be? Assume the pilots always use maximum acceleration when accelerating. Please give your answer in miles.",fractions,"An airplane accelerates at 10 mph per second, and decelerates at $15~mph/sec$. Given that its takeoff speed is 180 mph, and the pilots want enough runway length to safely decelerate to a stop from any speed below takeoff speed, let s be the shortest length that the runway can be allowed to be. If s can be expressed as m/n, where m and n are relatively prime positive integers, find the value of m + n.",
6,,BMT 2018 Algebra #2,2018,Algebra,BMT,2.5,,"If there is only 1 complex solution to the equation
$$8x^{3}+12x^{2}+kx+1=0$$
what is k?",aime_ready_integers,N/A,
4,,BMT 2018 Algebra #3,2018,Algebra,BMT,3.5,,"If f is a polynomial, and $f(-2)=3$, $f(-1)=-3=f(1)$, $f(2)=6$, and $f(3)=5$, then what is the minimum possible degree of f?",aime_ready_integers,N/A,
0,,BMT 2018 Algebra #4,2018,Algebra,BMT,3.5,,"Find
$$\sum_{i=1}^{2016}i(i+1)(i+2) \pmod{2018}$$
\item Find the product of all values of d such that $x^{3}+2x^{2}+3x+4=0$ and $x^{2}+dx+3=0$ have a common root.",aime_ready_integers,N/A,
1,,BMT 2018 Algebra #5,2018,Algebra,BMT,4.5,,Find the product of all values of d such that $x^{3}+2x^{2}+3x+4=0$ and $x^{2}+dx+3=0$ have a common root.,aime_ready_integers,N/A,
7,,BMT 2018 Algebra #6,2018,Algebra,BMT,4.0,,"Let x, y, $z\in R$ and
$$7x^{2}+7y^{2}+7z^{2}+9xyz=12$$
The minimum value of $x^{2}+y^{2}+z^{2}$ can be expressed as $\frac{a}{b}$ where a, $b\in Z$ $gcd(a,b)=1$ What is $a+b$?",aime_ready_integers,N/A,
e^3 - e,,BMT 2018 Algebra #7,2018,Algebra,BMT,5.0,,"Let
$$h_{n}:=\sum_{k=0}^{k=n}\binom{n}{k}\frac{2^{k+1}}{(k+1)}$$
Find
$$\sum_{n=0}^{\infty}\frac{h_{n}}{n!}$$",misc,N/A,
2018,,BMT 2018 Algebra #8,2018,Algebra,BMT,5.5,,"Compute
$$\sum_{k=1}^{1009}(-1)^{k+1}\binom{2018-k}{k-1}2^{2019-2k}$$",large_integers,"Compute
$$\sum_{k=1}^{1009}(-1)^{k+1}\binom{2018-k}{k-1}2^{2019-2k}$$
Let n be this sum. Find the remainder when n is divided by 1000.",
20,,BMT 2018 Algebra #9,2018,Algebra,BMT,6.0,,"Suppose
$$\frac{1}{3}\frac{(x+1)(x-3)}{(x+2)(x-4)}+\frac{1}{4}\frac{(x+3)(x-5)}{(x+4)(x-6)}-\frac{2}{11}\frac{(x+5)(x-7)}{(x+6)(x-8)}=\frac{53}{132}$$
Also, suppose $x>0.$ Then it can be written as $a+\sqrt{b}$ where a, b are integers. Find $a+b.$",aime_ready_integers,N/A,
13,,BMT 2018 Algebra #10,2018,Algebra,BMT,6.0,,"Let $a,b,c$ be the roots of the equation $x^{3}-2018x+2018=0.$ Let q be the smallest positive integer for which there exists an integer p, $0<p\le q,$ such that
$$\frac{a^{p+q}+b^{p+q}+c^{p+q}}{p+q}=(\frac{a^{p}+b^{p}+c^{p}}{p})(\frac{a^{q}+b^{q}+c^{q}}{q})$$
Find $p^{2}+q^{2}.$",aime_ready_integers,N/A,
990,,BMT 2018 Combinatorics #1,2018,Counting,BMT,1.5,,Bob has 3 different fountain pens and 11 different ink colors. How many ways can he fill his fountain pens with ink if he can only put one ink in each pen?,aime_ready_integers,N/A,
1694,,BMT 2018 Combinatorics #2,2018,Counting,BMT,2.5,,"At the Berkeley Math Tournament, teams are composed of 6 students, each of whom pick two distinct subject tests out of 5 choices. How many different distributions across subjects are possible for a team?",large_integers,"At the Berkeley Math Tournament, teams are composed of 6 students, each of whom pick two distinct subject tests out of 5 choices. Let n be the total number of different distributions across subjects possible for a team. Find the remainder when n is divided by 1000.",
1040,,BMT 2018 Combinatorics #3,2018,Counting,BMT,3.0,,"Consider the $9\times9$ grid of lattice points $\{(x,y)|0\le x,y\le8\}$ How many rectangles with nonzero area and sides parallel to the y axes are there such that each corner is one of the lattice points and the point (4,4) is not contained within the interior of the rectangle? ((4,4) is allowed to lie on the boundary of the rectangle).",large_integers,"Consider the $9\times9$ grid of lattice points $\{(x,y)|0\le x,y\le8\}$ How many rectangles with nonzero area and sides parallel to the y axes are there such that each corner is one of the lattice points and the point (4,4) is not contained within the interior of the rectangle? ((4,4) is allowed to lie on the boundary of the rectangle). Let n be this quantity. Find the remainder when n is divided by 1000.",
1279/65536,,BMT 2018 Combinatorics #4,2018,Counting,BMT,3.5,,"Alice starts with an empty string and randomly appends one of the digits 2, 0, 1, or 8 until the string ends with 2018. What is the probability Alice appends less than 9 digits before stopping?",fractions,"Alice starts with an empty string and randomly appends one of the digits 2, 0, 1, or 8 until the string ends with 2018. Let s be the probability Alice appends less than 9 digits before stopping. If s can be expressed as m/n, where m and n are relatively prime positive integers, find the value of m + n.",
3,,BMT 2018 Combinatorics #6,2018,Counting,BMT,4.5,,"Compute
$$\sum_{i=0}^{\infty}\sum_{j=0}^{\infty}\binom{i+j}{i}3^{-(i+j)}.$$",aime_ready_integers,N/A,
5/11,,BMT 2018 Combinatorics #7,2018,Counting,BMT,4.0,,"Let S be the set of line segments between any two vertices of a regular 21-gon. If we select two distinct line segments from S at random, what is the probability they intersect? Note that line segments are considered to intersect if they share a common vertex.",fractions,"Let S be the set of line segments between any two vertices of a regular 21-gon. If we select two distinct line segments from S at random, let p be the probability they intersect. Note that line segments are considered to intersect if they share a common vertex. If p can be expressed as m/n, where m and n are relatively prime positive integers, find the value of m + n.",
25/9,,BMT 2018 Combinatorics #8,2018,Counting,BMT,4.5,,"Moor and nine friends are seated around a circular table. Moor starts out holding a bottle, and whoever holds the bottle passes it to the person on his left or right with equal probability until everyone has held the bottle. Compute the expected distance between Moor and the last person to receive the bottle, where distance is the fewest number of times the bottle needs to be passed in order to go back to Moor.",fractions,"Moor and nine friends are seated around a circular table. Moor starts out holding a bottle, and whoever holds the bottle passes it to the person on his left or right with equal probability until everyone has held the bottle. Let s be the expected distance between Moor and the last person to receive the bottle, where distance is the fewest number of times the bottle needs to be passed in order to go back to Moor. If s can be expressed as m/n, where m and n are relatively prime positive integers, find m + n.",
7065,,BMT 2018 Combinatorics #9,2018,Counting,BMT,6.0,,Let S be the set of integers from 1 to 13 inclusive. A permutation of S is a function $f:S\rightarrow S$ such that $f(x)\ne f(y)$ if $x\ne y$. For how many distinct permutations f does there exists an n such that $f^{n}(i)=13-i+1$ for all i.,large_integers,Let S be the set of integers from 1 to 13 inclusive. A permutation of S is a function $f:S\rightarrow S$ such that $f(x)\ne f(y)$ if $x\ne y$. Determine the number of distinct permutations f for which there exists an n such that $f^{n}(i)=13-i+1$ for all i. Let n be this quantity. Find the remainder when n is divided by 1000.,
9/23,,BMT 2018 Combinatorics #10,2018,Counting,BMT,6.5,,"Consider a $2\times n$ grid where each cell is either black or white, which we attempt to tile with $2\times1$ black or white tiles such that tiles have to match the colors of the cells they cover. We first randomly select a random positive integer N where N takes the value n with probability $2^{-n}$ We then take a $2\times N$ grid and randomly color each cell black or white independently with equal probability. Compute the probability the resulting grid has a valid tiling.",fractions,"Consider a $2\times n$ grid where each cell is either black or white, which we attempt to tile with $2\times1$ black or white tiles such that tiles have to match the colors of the cells they cover. We first randomly select a random positive integer N where N takes the value n with probability $2^{-n}$. We then take a $2\times N$ grid and randomly color each cell black or white independently with equal probability. Let s be the probability that the resulting grid has a valid tiling. If s can be expressed as m/n, where m and n are relatively prime positive integers, find m + n.",
216,,BMT 2018 Geometry #1,2018,Geometry,BMT,1.5,,A cube has side length 5. Let S be its surface area and V its volume. Find $\frac{S^3}{V^2}$.,aime_ready_integers,N/A,
1/2,,BMT 2018 Geometry #2,2018,Geometry,BMT,2.0,,A 1 by 1 square ABCD is inscribed in the circle m. Circle n has radius 1 and is centered around A. Let S be the set of points inside of m but outside of n. What is the area of S?,fractions,"Let s be the area of the set S. If s can be expressed as m/n, where m and n are relatively prime positive integers, what is the value of m + n?",
1/432,,BMT 2018 Geometry #3,2018,Geometry,BMT,2.5,,"If A is the area of a triangle with perimeter 1, what is the largest possible value of $A^2$?",fractions,"Let s be the largest possible value of $A^2$ for a triangle with a perimeter of 1. If s can be expressed as m/n, where m and n are relatively prime positive integers, find the sum m + n.",
7,,BMT 2018 Geometry #4,2018,Geometry,BMT,3.0,,There are six lines in the plane. No two of them are parallel and no point lies on more than three lines. What is the minimum possible number of points that lie on at least two lines?,aime_ready_integers,N/A,
π/2 - 1,,BMT 2018 Geometry #5,2018,Geometry,BMT,3.0,,"A point is picked uniformly at random inside of a square. Four segments are then drawn in connecting the point to each of the vertices of the square, cutting the square into four triangles. What is the probability that at least two of the resulting triangles are obtuse?",misc,N/A,
7√51,,BMT 2018 Geometry #6,2018,Geometry,BMT,3.5,,A triangle T has all integer side lengths and at most one of its side lengths is greater than ten. What is the largest possible area of T?,roots,"Consider a triangle T with all integer side lengths, where at most one of its side lengths is greater than ten. Let x be the largest possible area of T. If x can be written as m√n, where m and n are positive integers and n is not divisible by the square of a prime, find m + n.",
21/10,,BMT 2018 Geometry #7,2018,Geometry,BMT,3.5,,"A line in the xy-plane has positive slope, passes through the point (0, 29) and lies tangent to the ellipse defined by $\frac{x^2}{100} + \frac{y^2}{400} = 1$. What is the slope of the line?",fractions,"Let s be the slope of a line in the xy-plane that has a positive slope, passes through the point (0, 29), and lies tangent to the ellipse defined by $\frac{x^2}{100} + \frac{y^2}{400} = 1$. If s can be expressed as m/n, where m and n are relatively prime positive integers, find the value of m + n.",
540,,BMT 2018 Geometry #8,2018,Geometry,BMT,4.0,,What is the largest possible area of a triangle with largest side length 39 and inradius 10?,aime_ready_integers,N/A,
52,,BMT 2018 Geometry #9,2018,Geometry,BMT,4.0,,"What is the least integer a greater than 14 so that the triangle with side lengths a-1, a, and a+1 has integer area?",aime_ready_integers,N/A,
3π/4,,BMT 2018 Geometry #10,2018,Geometry,BMT,4.5,,"A plane cuts a sphere of radius 1 into two pieces, one of which has three times the surface area of the other. What is the area of the disk that the sphere cuts out of the plane?",pi,"A plane splits a sphere of radius 1 into two sections, one of which has three times the surface area of the other. Let n be the area of the circular cut that the sphere makes on the plane. If n can be written in the form aπ/b + c, where a, b, and c are positive integers, find a + b + c.",
7056,,BMT 2018 Number Theory #1,2018,Number Theory,BMT,2.0,,How many multiples of 20 are also divisors of 17!?,large_integers,"Original problem:
How many multiples of 20 are also divisors of 17!? Let n be this quantity. Find the remainder when n is divided by 1000.",
18,,BMT 2018 Number Theory #2,2018,Number Theory,BMT,2.5,,"Suppose for some positive integers, that
$$\frac{p+\frac{1}{q}}{q+\frac{1}{p}}=17.$$
What is the greatest integer n such that $\frac{p+q}{n}$ is always an integer?",aime_ready_integers,N/A,
4,,BMT 2018 Number Theory #3,2018,Number Theory,BMT,2.5,,"Find the minimal N such that any N-element subset of $\{1,2,3,4,...7\}$ has a subset S such that the sum of elements of S is divisible by 7.",aime_ready_integers,N/A,
13,,BMT 2018 Number Theory #4,2018,Number Theory,BMT,2.0,,What is the remainder when 201820182018... [2018 times] is divided by 15?,aime_ready_integers,N/A,
1221,,BMT 2018 Number Theory #7,2018,Number Theory,BMT,5.5,,"Determine the number of ordered triples $(a,b,c)$, with $0\le a, b, c\le10$ for which there exists $(x,y)$ such that $ax^{2}+by^{2}\equiv c \pmod{11}$.",large_integers,"Determine the number of ordered triples $(a,b,c)$, with $0\le a, b, c\le10$ for which there exists $(x,y)$ such that $ax^{2}+by^{2}\equiv c \pmod{11}$. Let n be this number. Find the remainder when n is divided by 1000.",
10,,BMT 2018 Number Theory #8,2018,Number Theory,BMT,5.0,,"How many $1<n\le2018$ such that the set $\{0,1,1+2,...,1+2+3+...+i,...,1+2+\cdot\cdot\cdot+n-1\}$ is a permutation of $\{0,1,2,3,4,\cdot\cdot\cdot,n-1\}$ when reduced modulo n?",aime_ready_integers,N/A,
150,,BMT 2018 Number Theory #9,2018,Number Theory,BMT,7.0,,"Compute the following:
$$\sum_{x=0}^{99}(x^{2}+1)^{-1} \pmod{199}$$
where $x^{-1}$ is the value $0\le y\le199$ such that $xy-1$ is divisible by 199.",aime_ready_integers,N/A,
-1,,BMT 2018 Number Theory #10,2018,Number Theory,BMT,7.0,,"Evaluate the following:
$$\prod_{j=1}^{50}(2\cos(\frac{4\pi j}{101})+1)$$",negative_integers,"Denote by n the value of the following expression:
$$n = \prod_{j=1}^{50}(2\cos(\frac{4\pi j}{101})+1)$$
Find the absolute value of n.",
195,,BMT 2018 Team #1,2018,Geometry,BMT,3.0,,A circle with radius 5 is inscribed in a right triangle with hypotenuse 34 as shown below. What is the area of the triangle?,aime_ready_integers,N/A,
1,,BMT 2018 Team #2,2018,Number Theory,BMT,2.5,,For how many values of x does $20^x \cdot 18^x = 2018^x$?,aime_ready_integers,N/A,
1/3,,BMT 2018 Team #3,2018,Counting,BMT,2.5,,"2018 people (call them A, B, C, ...) stand in a line with each permutation equally likely. Given that A stands before B, what is the probability that C stands after B?",fractions,"2018 people (call them A, B, C, ...) stand in a line with each permutation equally likely. Given that A stands before B, let s be the probability that C stands after B. If s can be expressed as m/n, where m and n are relatively prime positive integers, find m + n.",
14,,BMT 2018 Team #4,2018,Counting,BMT,2.5,,"Consider a standard (8-by-8) chessboard. Bishops are only allowed to attack pieces that are along the same diagonal as them (but cannot attack along a row or column). If a piece can attack another piece, we say that the pieces threaten each other. How many bishops can you place a chessboard without any of them threatening each other?",aime_ready_integers,N/A,
2037172,,BMT 2018 Team #5,2018,Number Theory,BMT,2.5,,"How many integers can be expressed in the form:
$$\pm 1 \pm 2 \pm 3 \pm 4 \cdots \pm 2018?$$",large_integers,"How many integers can be expressed in the form:
$$\pm 1 \pm 2 \pm 3 \pm 4 \cdots \pm 2018?$$

Let n be the number of such integers. Find the remainder when n is divided by 1000.",
167/420,,BMT 2018 Team #6,2018,Geometry,BMT,3.0,,"A rectangular prism with dimensions 20 cm by 1 cm by 7 cm is made with blue 1 cm unit cubes. The outside of the rectangular prism is coated in gold paint. If a cube is chosen at random and rolled, what is the probability that the size facing up is painted gold?",fractions,"A rectangular prism with dimensions 20 cm by 1 cm by 7 cm is made with blue 1 cm unit cubes. The outside of the rectangular prism is coated in gold paint. Let s be the probability that a cube, chosen at random and rolled, lands with a gold-painted side facing up. If s can be expressed as m/n, where m and n are relatively prime positive integers, find the value of m + n.",
4030,,BMT 2018 Team #7,2018,Counting,BMT,4.0,,"Suppose there are 2017 spies, each with $\frac{1}{2017}$ of a secret code. They communicate by telephone; when two of them talk, they share all information they know with each other. What is the minimum number of telephone calls that are needed for all 2017 people to know all parts of the code?",large_integers,"Suppose there are 2017 spies, each with $\frac{1}{2017}$ of a secret code. They communicate by telephone; when two of them talk, they share all information they know with each other. Let n be the minimum number of telephone calls that are needed for all 2017 people to know all parts of the code. Find the remainder when n is divided by 1000.",
2016,,BMT 2018 Team #8,2018,Counting,BMT,4.5,,"Alice is playing a game with 2018 boxes, numbered 1-2018 and a number of balls. At the beginning, boxes 1-2017 have one ball each, and box 2018 has 2018n balls. Every turn, Alice chooses i and j with $i > j$ and moves exactly i balls from box i to box j. Alice wins if all balls end up in box 1. What is the minimum value of n so that Alice can win this game?",large_integers,"Alice is playing a game with 2018 boxes, numbered 1-2018 and a number of balls. At the beginning, boxes 1-2017 have one ball each, and box 2018 has 2018n balls. Every turn, Alice chooses i and j with $i > j$ and moves exactly i balls from box i to box j. Alice wins if all balls end up in box 1. Let n be the minimum value so that Alice can win this game. Find the remainder when n is divided by 1000.",
11,,BMT 2018 Team #9,2018,Geometry,BMT,4.0,,"Circles A, B, and C are externally tangent circles. Line PQ is drawn such that PQ is tangent to A at P, tangent to B at Q, and does not intersect with C. Circle D is drawn such that it passes through the centers of A, B, and C. Let R be the point on D furthest from PQ. If A, B, and C have radius 3, 2, and 1, respectively, the area of triangle PQR can be expressed in the form of $a + b\sqrt{c}$, where a, b, and c are integers with c not divisible by any prime square. What is $a + b + c$?",aime_ready_integers,N/A,
25,,BMT 2018 Team #10,2018,Geometry,BMT,3.5,,"A rectangular prism has three distinct faces of area 24, 30, and 32. The diagonals of each distinct face of the prism form sides of a triangle. What is the triangle's area?",aime_ready_integers,N/A,
11,,BMT 2018 Team #11,2018,Number Theory,BMT,3.5,,"Ankit, Box, and Clark are playing a game. First, Clark comes up with a prime number less than 100. Then he writes each digit of the prime number on a piece of paper (writing 0 for the tens digit if he chose a single-digit prime), and gives one each to Ankit and Box, without telling them which digit is the tens digit, and which digit is the ones digit. The following exchange occurs:
\begin{itemize}
\item Clark: There is only one prime number that can be made using those two digits.
\item Ankit: I don't know whether I'm the tens digit or the ones digit.
\item Box: I don't know whether I'm the tens digit or the ones digit.
\item Box: You don't know whether you're the tens digit or the ones digit.
\item Ankit: I don't know whether you're the tens digit or the ones digit.
\end{itemize}
What was Clark's number?",aime_ready_integers,N/A,
12108/7,,BMT 2018 Team #12,2018,Algebra,BMT,6.0,,"Let $f:[0, 1] \rightarrow \mathbb{R}$ be a monotonically increasing function such that $f(\frac{x}{3}) = \frac{f(x)}{2}$ and $f(1-x) = 2018 - f(x)$. If $f(1) = 2018$, find $f\left(\frac{12}{13}\right)$.",fractions,"Let $s$ be the value of the function $f$ evaluated at $\frac{12}{13}$. If $s$ can be expressed as $m/n$, where $m$ and $n$ are relatively prime positive integers, find the sum of $m$ and $n$.",
24+17√2,,BMT 2018 Team #13,2018,Algebra,BMT,5.5,,"Find the value of
$$\frac{1}{\sqrt{2}^1} + \frac{4}{\sqrt{2}^2} + \frac{9}{\sqrt{2}^3} + \cdots$$",roots,"Find the value of the infinite series
$$x = \frac{1}{\sqrt{2}^1} + \frac{4}{\sqrt{2}^2} + \frac{9}{\sqrt{2}^3} + \cdots$$
If x can be written as m√n + c, where m, n, and c are positive integers and n is not divisible by the square of a prime, find m + n + c.",
9/10,,BMT 2018 Team #14,2018,Algebra,BMT,5.0,,"Let $F_1 = 0$, $F_2 = 1$, and $F_n = F_{n-1} + F_{n-2}$. Compute
$$\sum_{n=1}^\infty \frac{\sum_{i=1}^n F_i}{3^n}$$",fractions,"Let $F_1 = 0$, $F_2 = 1$, and $F_n = F_{n-1} + F_{n-2}$. Let s be the sum of the series $\sum_{n=1}^\infty \frac{\sum_{i=1}^n F_i}{3^n}$. If s can be expressed as m/n, where m and n are relatively prime positive integers, find m + n.",
17,,BMT 2018 Team #15,2018,Geometry,BMT,6.0,,"Let triangle ABC have side lengths $AB = 13$, $BC = 14$, $AC = 15$. Let I be the incenter of ABC. The circle centered at A of radius AI intersects the circumcircle of ABC at H and J. Let L be a point that lies on both the incircle of ABC and line HJ. If the minimal possible value of AL is $\sqrt{n}$, where $n \in \mathbb{Z}$, find $n$.",aime_ready_integers,N/A,
3,,BmMT 2018 Individual #1,2018,Algebra,BmMT,1.0,,"If x is a real number that satisfies $\frac{48}{x}=16$, find the value of x.",aime_ready_integers,N/A,
55,,BmMT 2018 Individual #2,2018,Geometry,BmMT,1.0,,If ABC is a right triangle with hypotenuse BC such that $\angle ABC=35^{\circ}$ what is $\angle BCA$ in degrees?,aime_ready_integers,N/A,
-23,,BmMT 2018 Individual #3,2018,Algebra,BmMT,1.0,,"If $a \bigtriangleup b = a + b - ab$, find $4 \bigtriangleup 9$.",negative_integers,"Denote by n the result of the operation $4 \bigtriangleup 9$, where $a \bigtriangleup b = a + b - ab$. Find the absolute value of n.",
9,,BmMT 2018 Individual #4,2018,Geometry,BmMT,1.0,,"Grizzly is 6 feet tall. He measures his shadow to be 4 feet long. At the same time, his friend Panda helps him measure the shadow of a nearby lamp post, and it is 6 feet long. How tall is the lamp post in feet?",aime_ready_integers,N/A,
20,,BmMT 2018 Individual #5,2018,Algebra,BmMT,1.0,,Jerry is currently twice as old as Tom was 7 years ago. Tom is 6 years younger than Jerry. How many years old is Tom?,aime_ready_integers,N/A,
256,,BmMT 2018 Individual #6,2018,Counting,BmMT,1.0,,"Out of the 10,000 possible four-digit passcodes on a phone, how many of them contain only prime digits?",aime_ready_integers,N/A,
30,,BmMT 2018 Individual #7,2018,Algebra,BmMT,1.5,,"It started snowing, which means Moor needs to buy snow shoes for his 6 cows and 7 sky bison. A cow has 4 legs, and a sky bison has 6 legs. If Moor has 36 snow shoes already, how many more shoes does he need to buy? Assume cows and sky bison wear the same type of shoe and each leg gets one shoe.",aime_ready_integers,N/A,
4,,BmMT 2018 Individual #8,2018,Number Theory,BmMT,1.5,,How many integers n with $1\le n\le100$ have exactly 3 positive divisors?,aime_ready_integers,N/A,
2/5,,BmMT 2018 Individual #9,2018,Counting,BmMT,1.5,,James has three red candies and 3 green candies. 3 people come in and each randomly take 2 candies. What is the probability that no one got 2 candies of the same color? Express your answer as a decimal or a fraction in lowest terms.,fractions,"James has three red candies and 3 green candies. 3 people come in and each randomly take 2 candies. Let s be the probability that no one got 2 candies of the same color. If s can be expressed as m/n, where m and n are relatively prime positive integers, find m + n.",
49/400,,BmMT 2018 Individual #10,2018,Counting,BmMT,2.0,,"When Box flips a strange coin, the coin can land heads, tails, or on the side. It has a $\frac{1}{10}$ probability of landing on the side, and the probability of landing heads equals the probability of landing tails. If Box flips a strange coin 3 times, what is the probability that the number of heads flipped is equal to the number of tails flipped? Express your answer as a decimal or a fraction in lowest terms.",fractions,"When Box flips a strange coin, the coin can land heads, tails, or on the side. It has a $\frac{1}{10}$ probability of landing on the side, and the probability of landing heads equals the probability of landing tails. If Box flips a strange coin 3 times, let s be the probability that the number of heads flipped is equal to the number of tails flipped. If s can be expressed as m/n, where m and n are relatively prime positive integers, find the value of m + n.",
24/5,,BmMT 2018 Individual #11,2018,Algebra,BmMT,1.5,,"James is travelling on a river. His canoe goes 4 miles per hour upstream and 6 miles per hour downstream. He travels 8 miles upstream and then 8 miles downstream (to where he started). What is his average speed, in miles per hour? Express your answer as a decimal or a fraction in lowest terms.",fractions,"James is travelling on a river. His canoe goes 4 miles per hour upstream and 6 miles per hour downstream. He travels 8 miles upstream and then 8 miles downstream (to where he started). Let s be his average speed, in miles per hour. If s can be expressed as m/n, where m and n are relatively prime positive integers, what is the value of m + n?",
156,,BmMT 2018 Individual #12,2018,Algebra,BmMT,2.0,,"Four boxes of cookies and one bag of chips cost exactly 1000 jelly beans. Five bags of chips and one box of cookies cost less than 1000 jelly beans. If both chips and cookies cost a whole number of jelly beans, what is the maximum possible cost of a bag of chips?",aime_ready_integers,N/A,
217π/3,,BmMT 2018 Individual #13,2018,Geometry,BmMT,2.5,,"June is making a pumpkin pie, which takes the shape of a truncated cone. The pie tin is 18 inches wide at the top, 16 inches wide at the bottom, and 1 inch high. How many cubic inches of pumpkin filling are needed to fill the pie?",pi,"June is making a pumpkin pie, which takes the shape of a truncated cone. The pie tin is 18 inches wide at the top, 16 inches wide at the bottom, and 1 inch high. Let n be the number of cubic inches of pumpkin filling needed to fill the pie. If n can be written as 217π/3, where 217 and 3 are positive integers, find 217 + 3.",
6,,BmMT 2018 Individual #14,2018,Algebra,BmMT,2.0,,"For two real numbers a and b, let $a\#b=ab-2a-2b+6$ Find a positive real number x such that $(x\#7)\#x=82$.",aime_ready_integers,N/A,
26,,BmMT 2018 Individual #15,2018,Algebra,BmMT,2.0,,Find the sum of all positive integers n such that $\frac{n^{2}+20n+51}{n^{2}+4n+3}$ is an integer.,aime_ready_integers,N/A,
10,,BmMT 2018 Individual #16,2018,Geometry,BmMT,2.0,,Let ABC be a right triangle with hypotenuse AB such that $AC=36$ and $BC=15$ A semicircle is inscribed in ABC such that the diameter XC of the semicircle lies on side AC and that the semicircle is tangent to AB. What is the radius of the semicircle?,aime_ready_integers,N/A,
599,,BmMT 2018 Individual #17,2018,Number Theory,BmMT,2.5,,"Let a and b be relatively prime positive integers such that the product ab is equal to the least common multiple of 16500 and 990. If $\frac{16500}{a}$ and $\frac{990}{b}$ are both integers, what is the minimum value of $a+b$?",aime_ready_integers,N/A,
21√5,,BmMT 2018 Individual #18,2018,Algebra,BmMT,3.0,,Let x be a positive real number so that $x-\frac{1}{x}=1$ Compute $x^{8}-\frac{1}{x^{8}}$,roots,"Let y be a positive real number so that $y-\frac{1}{y}=1$. Let x be the value of $y^{8}-\frac{1}{y^{8}}$. If x can be written as m√n, where m and n are positive integers and n is not divisible by the square of a prime, find m + n.",
15630,,BmMT 2018 Individual #19,2018,Counting,BmMT,3.0,,"Six people sit around a round table. Each person rolls a standard 6-sided die. If no two people sitting next to each other rolled the same number, we will say that the roll is valid. How many different rolls are valid?",large_integers,"Six people sit around a round table. Each person rolls a standard 6-sided die. If no two people sitting next to each other rolled the same number, we will say that the roll is valid. Let n be the number of different valid rolls. Find the remainder when n is divided by 1000.",
15,,BmMT 2018 Individual #20,2018,Number Theory,BmMT,3.5,,"Given that $\frac{1}{31}=0.\overline{a_{1}a_{2}a_{3}a_{4}a_{5}\cdot\cdot\cdot a_{n}}$ (that is, $\frac{1}{31}$ can be written as the repeating decimal expansion $0.a_{1}a_{2}\cdot\cdot\cdot a_{n}a_{1}a_{2}\cdot\cdot\cdot a_{n}a_{1}a_{2}\cdot\cdot\cdot),$ what is the minimum value of n ?",aime_ready_integers,N/A,
78,,BmMT 2018 Team #1,2018,Number Theory,BmMT,1.0,,What is the sum of the first 12 positive integers?,aime_ready_integers,N/A,
10,,BmMT 2018 Team #2,2018,Number Theory,BmMT,1.0,,How many positive integers less than or equal to 100 are multiples of both 2 and 5?,aime_ready_integers,N/A,
3/14,,BmMT 2018 Team #3,2018,Counting,BmMT,1.0,,Alex has a bag with 4 white marbles and 4 black marbles. She takes 2 marbles from the bag without replacement. What is the probability that both marbles she took are black? Express your answer as a decimal or a fraction in lowest terms.,fractions,"Alex has a bag with 4 white marbles and 4 black marbles. She takes 2 marbles from the bag without replacement. Let s be the probability that both marbles she took are black. If s can be expressed as m/n, where m and n are relatively prime positive integers, find the value of m + n.",
32,,BmMT 2018 Team #4,2018,Counting,BmMT,1.0,,How many 5-digit numbers are there where each digit is either 1 or 2?,aime_ready_integers,N/A,
1/2,,BmMT 2018 Team #5,2018,Counting,BmMT,1.5,,An integer a with $1\le a\le10$ is randomly selected. What is the probability that $\frac{100}{a}$ is an integer? Express your answer as a decimal or a fraction in lowest terms.,fractions,"An integer a with $1\le a\le10$ is randomly selected. Let s be the probability that $\frac{100}{a}$ is an integer. If s can be expressed as m/n, where m and n are relatively prime positive integers, find m + n.",
5,,BmMT 2018 Team #6,2018,Geometry,BmMT,2.0,,"Two distinct non-tangent circles are drawn so that they intersect each other. A third circle, distinct from the previous two, is drawn. Let P be the number of points of intersection between any two circles. How many possible values of P are there?",aime_ready_integers,N/A,
4,,BmMT 2018 Team #7,2018,Algebra,BmMT,2.0,,"Let x, y, z be nonzero real numbers such that $x+y+z=xyz.$ Compute
$$\frac{1+yz}{yz}+\frac{1+xz}{xz}+\frac{1+xy}{xy}.$$",aime_ready_integers,N/A,
3,,BmMT 2018 Team #8,2018,Number Theory,BmMT,2.0,,"How many positive integers less than $10^{6}$ are simultaneously perfect squares, cubes, and fourth powers?",aime_ready_integers,N/A,
4π/3,,BmMT 2018 Team #9,2018,Geometry,BmMT,2.0,,"Let $C_{1}$ and $C_{2}$ be two circles centered at point O of radii 1 and 2, respectively. Let A be a point on $C_{2}$. We draw the two lines tangent to $C_{1}$ that pass through A, and label their other intersections with $C_{2}$ as B and C. Let x be the length of minor are BC. Compute x.",pi,"Let $C_{1}$ and $C_{2}$ be two circles centered at point O of radii 1 and 2, respectively. Let A be a point on $C_{2}$. We draw the two lines tangent to $C_{1}$ that pass through A, and label their other intersections with $C_{2}$ as B and C. Let n be the length of minor arc BC on circle $C_{2}$. If n can be written as aπ/b, where a, b are positive integers, find a + b.",
3√3,,BmMT 2018 Team #10,2018,Geometry,BmMT,2.0,,A circle of area $\pi$ is inscribed in an equilateral triangle. Find the area of the triangle.,roots,"A circle of area $\pi$ is inscribed in an equilateral triangle. Let x be the area of the triangle. If x can be written as m√n/k, where m and k are relatively prime positive integers and n is not divisible by the square of a prime, find m + n + k.",
6,,BmMT 2018 Team #11,2018,Algebra,BmMT,2.5,,"Julie runs a 2 mile route every morning. She notices that if she jogs the route 2 miles per hour faster than normal, then she will finish the route 5 minutes faster. How fast (in miles per hour) does she normally jog?",aime_ready_integers,N/A,
25,,BmMT 2018 Team #12,2018,Geometry,BmMT,2.5,,"Let ABCD be a square of side length 10. Let EFGH be a square of side length 15 such that E is the center of ABCD, EF intersects BC at X, and EH intersects CD at Y (shown below). If $BX=7$ what is the area of quadrilateral EXCY?",aime_ready_integers,N/A,
0,,BmMT 2018 Team #13,2018,Number Theory,BmMT,2.5,,"How many solutions are there to the system of equations $a^{2}+b^{2}=c^{2},(a+1)^{2}+(b+1)^{2}=(c+1)^{2}$ if a, b, and c are positive integers?",aime_ready_integers,N/A,
2√5/5,,BmMT 2018 Team #14,2018,Geometry,BmMT,2.0,,A square of side length s is inscribed in a semicircle of radius r. Compute $\frac{s}{r}$.,roots,"A square of side length s is inscribed in a semicircle of radius r. Let x be the ratio of the side length of the square to the radius of the semicircle. If x can be written as m√n/k, where m and k are relatively prime positive integers and n is not divisible by the square of a prime, find m + n + k.",
4,,BmMT 2018 Team #15,2018,Number Theory,BmMT,2.0,,S is a collection of integers n with $1\le n\le50$ so that each integer in S is composite and relatively prime to every other integer in S. What is the largest possible number of integers in S?,aime_ready_integers,N/A,
1/2,,BmMT 2018 Team #16,2018,Geometry,BmMT,2.5,,"Let ABCD be a regular tetrahedron and let W, X, Y, Z denote the centers of faces ABC, BCD, CDA, and DAB, respectively. What is the ratio of the volumes of tetrahedrons WXYZ and WAYZ? Express your answer as a decimal or a fraction in lowest terms.",fractions,"Let ABCD be a regular tetrahedron and let W, X, Y, Z denote the centers of faces ABC, BCD, CDA, and DAB, respectively. Let s be the ratio of the volumes of tetrahedrons WXYZ and WAYZ. If s can be expressed as m/n, where m and n are relatively prime positive integers, find the value of m + n.",
1/10,,BmMT 2018 Team #17,2018,Counting,BmMT,3.0,,"Consider a random permutation $\{s_{1},s_{2},...,s_{8}\}$ of $\{1,1,1,1,-1,-1,-1,-1\}$. Let S be the largest of the numbers
$$s_{1},s_{1}+s_{2},s_{1}+s_{2}+s_{3},...,s_{1}+s_{2}+\cdot\cdot\cdot+s_{8}.$$
What is the probability that S is exactly 3? Express your answer as a decimal or a fraction in lowest terms.",fractions,"Consider a random permutation $\{s_{1},s_{2},...,s_{8}\}$ of $\{1,1,1,1,-1,-1,-1,-1\}$. Let S be the largest of the numbers
$$s_{1},s_{1}+s_{2},s_{1}+s_{2}+s_{3},...,s_{1}+s_{2}+\cdot\cdot\cdot+s_{8}.$$ Let s be the probability that S is exactly 3. If s can be expressed as m/n, where m and n are relatively prime positive integers, find the value of m + n.",
184,,BmMT 2018 Team #18,2018,Number Theory,BmMT,3.0,,"A positive integer is called almost-kinda-semi-prime if it has a prime number of positive integer divisors. Given that there are 168 primes less than 1000, how many almost-kinda-semi-prime numbers are there less than 1000?",aime_ready_integers,N/A,
2+√3,,BmMT 2018 Team #19,2018,Geometry,BmMT,3.5,,"Let ABCD be a unit square and let X, Y, Z be points on sides AB, BC, CD, respectively, such that $AX=BY=CZ.$ If the area of triangle XYZ is $\frac{1}{3}$ what is the maximum value of the ratio $XB/AX?$",roots,"Given a unit square ABCD with points X, Y, Z on sides AB, BC, CD respectively so that $AX=BY=CZ.$ The area of triangle XYZ is $\frac{1}{3}.$ Let $x$ be the maximum value of the ratio $XB/AX.$ If $x$ can be written in the form $m√n + c$ where $m$, $n$ and $c$ are positive integers and $n$ is not divisible by the square of a prime, find $m + n + c$.",
50616,,BmMT 2018 Team #20,2018,Number Theory,BmMT,4.5,,"Positive integers $a\le b\le c$ have the property that each of $a+b$, $b+c$, and $c+a$ are prime. If $a+b+c$ has exactly 4 positive divisors, find the fourth smallest possible value of the product $c(c+b)(c+b+a).$",large_integers,"Positive integers $a\le b\le c$ have the property that each of $a+b$, $b+c$, and $c+a$ are prime. If $a+b+c$ has exactly 4 positive divisors, let n be the product $c(c+b)(c+b+a)$. Find the remainder when n is divided by 1000.",
1010,,BMT 2019 Team #1,2019,Algebra,BMT,4.0,,"Find the maximum integral value of $k$ such that $0 \le k \le 2019$ and 
$$ \sin\left(\frac{2\pi k}{2019}\right) $$
is maximal.",large_integers,"Find the maximum integral value of $k$ such that $0 \le k \le 2019$ and 
$$ \sin\left(\frac{2\pi k}{2019}\right) $$
is maximal. Let n be this maximum integral value of k. Find the remainder when n is divided by 1000.",
1,,BMT 2019 Team #2,2019,Number Theory,BMT,2.0,,Find the remainder when $2^{2019}$ is divided by 7.,aime_ready_integers,N/A,
25√3/4 + 50π/3,,BMT 2019 Team #3,2019,Geometry,BMT,2.0,,"A cylinder with radius 5 and height 1 is rolling on the (unslanted) floor. Inside the cylinder, there is water that has constant height $\frac{15}{2}$ as the cylinder rolls on the floor. What is the volume of the water?",misc,N/A,
126,,BMT 2019 Team #4,2019,Counting,BMT,2.0,,"Let $C$ be the number of ways to arrange the letters of the word CATALYSIS, $T$ be the number of ways to arrange the letters of the word TRANSPORT, $S$ be the number of ways to arrange the letters of the word STRUCTURE, and $M$ be the number of ways to arrange the letters of the word MOTION. What is $\frac{C-T+S}{M}$?",aime_ready_integers,N/A,
√101,,BMT 2019 Team #5,2019,Geometry,BMT,2.0,,"What is the minimum distance between $(2019, 470)$ and $(21a-19b, 19b+21a)$ for $a, b \in \mathbb{Z}$?",roots,"Determine the minimum distance between the points $(2019, 470)$ and $(21a-19b, 19b+21a)$ for $a, b \in \mathbb{Z}$. Let x be this minimum distance. If x can be written as √n, where n is not divisible by the square of a prime, find n.",
0,,BMT 2019 Team #6,2019,Counting,BMT,2.0,,"At a party, 2019 people decide to form teams of three. To do so, each turn, every person not on a team points to one other person at random. If three people point to each other (that is, A points to B, B points to C, and C points to A), then they form a team. What is the probability that after 65,536 turns, exactly one person is not on a team?",aime_ready_integers,N/A,
16,,BMT 2019 Team #7,2019,Number Theory,BMT,4.0,,"How many distinct ordered pairs of integers $(b, m, t)$ satisfy the equation $b^8 + m^4 + t^2 + 1 = 2019^2$?",aime_ready_integers,N/A,
-137/1500,,BMT 2019 Team #8,2019,Algebra,BMT,4.0,,"Let $(k_i)$ be a sequence of unique nonzero integers such that $x^2 - 5x + k_i$ has rational solutions. Find the minimum possible value of 
$$ \frac{1}{5} \sum_{i=1}^\infty \frac{1}{k_i}. $$",fractions,"Let s be the minimum possible value of 
$$ \frac{1}{5} \sum_{i=1}^\infty \frac{1}{k_i}. $$

If s can be expressed as m/n, where m and n are relatively prime positive integers, find the value of m + n.",
5,,BMT 2019 Team #9,2019,Counting,BMT,4.5,,"You wish to color every vertex, edge, face, and the interior of a cube one color each such that no two adjacent objects are the same color. Faces are adjacent if they share an edge. Edges are adjacent if they share a vertex. The interior is adjacent to all of its faces, edges, and vertices. Each face is adjacent to all of its edges and vertices. Each edge is adjacent to both of its vertices. What is the minimum number of colors required to do this?",aime_ready_integers,N/A,
1,,BMT 2019 Team #10,2019,Counting,BMT,5.0,,Compute the remainder when the product of all positive integers less than and relatively prime to 2019 is divided by 2019.,aime_ready_integers,N/A,
1991,,BMT 2019 Team #12,2019,Counting,BMT,6.0,,"2019 people (all of whom are perfect logicians), labeled from 1 to 2019, partake in a paintball duel. First, they decide to stand in a circle, in order, so that Person 1 has Person 2 to his left and Person 2019 to his right. Then, starting with Person 1 and moving to the left, every person who has not been eliminated takes a turn shooting. On their turn, each person can choose to either shoot one non-eliminated person of his or her choice (which eliminates that person from the game), or deliberately miss. The last person standing wins. If, at any point, play goes around the circle once with no one getting eliminated (that is, if all the people playing decide to miss), then automatic paint sprayers will turn on, and end the game with everyone losing. Each person will, on his or her turn, always pick a move that leads to a win if possible, and, if there is still a choice in what move to make, will prefer shooting over missing, and shooting a person closer to his or her left over shooting someone farther from their left. What is the number of the person who wins this game? Put ""0"" if no one wins.",large_integers,"2019 people (all of whom are perfect logicians), labeled from 1 to 2019, partake in a paintball duel. First, they decide to stand in a circle, in order, so that Person 1 has Person 2 to his left and Person 2019 to his right. Then, starting with Person 1 and moving to the left, every person who has not been eliminated takes a turn shooting. On their turn, each person can choose to either shoot one non-eliminated person of his or her choice (which eliminates that person from the game), or deliberately miss. The last person standing wins. If, at any point, play goes around the circle once with no one getting eliminated (that is, if all the people playing decide to miss), then automatic paint sprayers will turn on, and end the game with everyone losing. Each person will, on his or her turn, always pick a move that leads to a win if possible, and, if there is still a choice in what move to make, will prefer shooting over missing, and shooting a person closer to his or her left over shooting someone farther from their left. Let n be the number of the person who wins this game. Find the remainder when n is divided by 1000.",
112,,BMT 2019 Team #13,2019,Geometry,BMT,4.5,,"Triangle $\triangle ABC$ has $4R = 13$, $BC = 14$, and $CA = 15$. $\triangle ABC$ has incircle $\gamma$ and circumcircle $\omega$. Line $AI$ is extended to hit $\omega$ at $P$. What is the area of quadrilateral $ABPC$?",aime_ready_integers,N/A,
4076364,,BMT 2019 Team #14,2019,Geometry,BMT,5.0,,"A regular hexagon has positive integer side length. A laser is emitted from one of the hexagon's corners, and is reflected off the edges of the hexagon until it hits another corner. Let $a$ be the distance that the laser travels. What is the smallest possible value of $a^2$ such that $a > 2019$. You need not simplify/compute exponents.",large_integers,"A regular hexagon has positive integer side length. A laser is emitted from one of the hexagon's corners, and is reflected off the edges of the hexagon until it hits another corner. Let $a$ be the distance that the laser travels. What is the smallest possible value of $a^2$ such that $a > 2019$. Let n be this smallest possible value of $a^2$. Find the remainder when n is divided by 1000.",
5,,BMT 2019 Individual #1,2019,Algebra,BMT,2.0,,"Let $p$ be a polynomial with degree less than 4 such that $p(x)$ attains a maximum at $x = 1$. If $p(1) = p(2) = 5$, find $p(10)$.",aime_ready_integers,N/A,
30,,BMT 2019 Individual #2,2019,Geometry,BMT,2.0,,"Let $A, B, C$ be unique collinear points with $AB = BC = 1$. Let $P$ be a point that lies on the circle centered at $B$ with radius $\frac{1}{3}$ and the circle centered at $C$ with radius $\frac{1}{3}$. Find the measure of angle $\angle PAC$ in degrees.",aime_ready_integers,N/A,
17,,BMT 2019 Individual #3,2019,Algebra,BMT,2.5,,"If $f(x + y) = f(xy)$ for all real numbers $x$ and $y$, and $f(2019) = 17$, what is the value of $f(17)$?",aime_ready_integers,N/A,
1/56,,BMT 2019 Individual #4,2019,Counting,BMT,2.0,,"Justin is being served two different types of chips, A-chips, and B-chips. If there are 3 B-chips and 5 A-chips, and if Justin randomly grabs 3 chips, what is the probability that none of them are A-chips?",fractions,"Justin is being served two different types of chips, A-chips, and B-chips. If there are 3 B-chips and 5 A-chips, and if Justin randomly grabs 3 chips, let s be the probability that none of them are A-chips. If s can be expressed as m/n, where m and n are relatively prime positive integers, what is the value of m + n?",
8π,,BMT 2019 Individual #5,2019,Geometry,BMT,2.5,,Point $P$ is $\sqrt{3}$ units away from plane $A$. Let $Q$ be a region of $A$ such that every line through $P$ that intersects $A$ in $Q$ intersects $A$ at an angle between $30^\circ$ and $60^\circ$. What is the largest possible area of $Q$?,pi,"Point $P$ is $\sqrt{3}$ units away from plane $A$. Let $Q$ be a region of $A$ such that every line through $P$ that intersects $A$ in $Q$ intersects $A$ at an angle between $30^\circ$ and $60^\circ$. Let $n$ be the largest possible area of $Q$. If $n$ can be written as $a\pi + b$, where $a$ and $b$ are positive integers, find $a + b$.",
24-7π/12,,BMT 2019 Individual #6,2019,Geometry,BMT,2.0,,"How many square inches of paint are needed to fully paint a regular 6-sided die with side length 2 inches, except for the $\frac{1}{3}$-inch diameter circular dots marking 1 through 6 (a different number per side)? The paint has negligible thickness, and the circular dots are non-overlapping.",misc,N/A,
√6/6,,BMT 2019 Individual #7,2019,Geometry,BMT,2.5,,"Let $\triangle ABC$ be an equilateral triangle with side length $M$ such that points $E_1$ and $E_2$ lie on side $AB$, $F_1$ and $F_2$ lie on side $BC$, and $G_1$ and $G_2$ lie on side $AC$, such that $m = AE_1 = BE_2 = BF_1 = CF_2 = CG_1 = AG_2$ and the area of polygon $E_1E_2F_1F_2G_1G_2$ equals the combined areas of $\triangle AE_1G_2$, $\triangle BF_1E_2$, and $\triangle CG_1F_2$. Find the ratio $\frac{m}{M}$.",roots,"In an equilateral triangle $ABC$ with side length $M$, points $E_1$ and $E_2$ lie on side $AB$, $F_1$ and $F_2$ lie on side $BC$, while $G_1$ and $G_2$ lie on side $AC$. The distances $AE_1$, $BE_2$, $BF_1$, $CF_2$, $CG_1$, and $AG_2$ are all equal to $m$. Furthermore, the area of the hexagon $E_1E_2F_1F_2G_1G_2$ is equal to the sum of the areas of triangles $AE_1G_2$, $BF_1E_2$, and $CG_1F_2$. Let $x$ be the ratio $\frac{m}{M}$. If $x$ can be written in the form $\frac{a\sqrt{b}}{c}$, where $a$ and $c$ are relatively prime positive integers and $b$ is not divisible by the square of a prime, find $a + b + c$.",
1/2019,,BMT 2019 Individual #8,2019,Counting,BMT,2.5,,"Let $\phi = \frac{1}{2019}$. Define
$$
g_n = \begin{cases}
0 & \text{if } \text{round}(n\phi) = \text{round}((n-1)\phi) \\
1 & \text{otherwise}.
\end{cases}
$$
where $\text{round}(x)$ denotes the round function. Compute the expected value of $g_n$ if $n$ is an integer chosen from interval $[1, 2019^2]$.",fractions,"Let $\phi = \frac{1}{2019}$. Define
$$
g_n = \begin{cases}
0 & \text{if } \text{round}(n\phi) = \text{round}((n-1)\phi) \\
1 & \text{otherwise}.
\end{cases}
$$
where $\text{round}(x)$ denotes the round function. Let s be the expected value of $g_n$ if $n$ is an integer chosen from the interval $[1, 2019^2]$. If s can be expressed as m/n, where m and n are relatively prime positive integers, find m + n.",
17550,,BMT 2019 Individual #9,2019,Counting,BMT,2.5,,"Define an almost-palindrome as a string of letters that is not a palindrome but can become a palindrome if one of its letters is changed. For example, TRUST is an almost-palindrome because the R can be changed to an S to produce a palindrome, but TRIVIAL is not an almost-palindrome because it cannot be changed into a palindrome by swapping out only one letter (both the A and the L are out of place). How many almost-palindromes contain fewer than 4 letters?",large_integers,"Define an almost-palindrome as a string of letters that is not a palindrome but can become a palindrome if one of its letters is changed. For example, TRUST is an almost-palindrome because the R can be changed to an S to produce a palindrome, but TRIVIAL is not an almost-palindrome because it cannot be changed into a palindrome by swapping out only one letter (both the A and the L are out of place). Let n be the number of almost-palindromes that contain fewer than 4 letters. Find the remainder when n is divided by 1000.",
(√3 - 1)/2,,BMT 2019 Individual #10,2019,Geometry,BMT,3.0,,Let $MATH$ be a square with $MA = 1$. Point $B$ lies on $AT$ such that $m\angle MBT = 3.5m\angle BMT$. What is the area of $\triangle BMT$?,misc,N/A,
45π,,BMT 2019 Individual #11,2019,Geometry,BMT,3.0,,"A regular 17-gon with vertices $V_1, V_2, \dots, V_{17}$ and sides of length 3 has a point $P$ on $V_1V_2$ such that $V_1P = 1$. A chord that stretches from $V_1$ to $V_2$ containing $P$ is rotated within the interior of the heptendecagon around $V_2$ such that the chord now stretches from $V_2$ to $V_3$. The chord then hinges around $V_3$, then $V_4$, and so on, continuing until $P$ is back at its original position. Find the total length traced by $P$.",pi,"A regular 17-gon with vertices $V_1, V_2, \dots, V_{17}$ and sides of length 3 has a point $P$ on $V_1V_2$ such that $V_1P = 1$. A chord that stretches from $V_1$ to $V_2$ containing $P$ is rotated within the interior of the heptendecagon around $V_2$ such that the chord now stretches from $V_2$ to $V_3$. The chord then hinges around $V_3$, then $V_4$, and so on, continuing until $P$ is back at its original position. Let n be the total length traced by $P$. If n can be written as aπ, where a is a positive integer, find a.",
11,,BMT 2019 Individual #12,2019,Number Theory,BMT,3.5,,"Box is thinking of a number, whose digits are all “1”. When he squares the number, the sum of its digits is 85. How many digits is Box’s number?",aime_ready_integers,N/A,
155,,BMT 2019 Individual #13,2019,Geometry,BMT,3.5,,"Two circles $O_1$ and $O_2$ intersect at points $A$ and $B$. Lines $AC$ and $BD$ are drawn such that $C$ is on $O_1$ and $D$ is on $O_2$ and $AC \perp AB$ and $BD \perp AB$. If minor arc $\stackrel{\frown}{AB} = 45$ degrees relative to $O_1$ and minor arc $\stackrel{\frown}{AB} = 60$ degrees relative to $O_2$ and the radius of $O_2 = 10$, the area of quadrilateral $CADB$ can be expressed in simplest form as $a + b\sqrt{k} + c\sqrt{\ell}$. Compute $a + b + c + k + \ell$.",aime_ready_integers,N/A,
20:25,,BMT 2019 Individual #14,2019,Number Theory,BMT,3.0,,"On a 24 hour clock, there are two times after 01:00 for which the time expressed in the form hh:mm and in minutes are both perfect squares. One of these times is 01:21, since 121 and $60+21 = 81$ are both perfect squares. Find the other time, expressed in the form hh:mm.",misc,N/A,
12340,,BMT 2019 Individual #15,2019,Counting,BMT,3.0,,How many distinct positive integers can be formed by choosing their digits from the string 04072019?,large_integers,"Original problem modified:
How many distinct positive integers can be formed by choosing their digits from the string 04072019? Let n be this number. Find the remainder when n is divided by 1000.",
280,,BMT 2019 Individual #16,2019,Geometry,BMT,4.5,,"Let $ABC$ be a triangle with $AB = 26, BC = 51$, and $CA = 73$, and let $O$ be an arbitrary point in the interior of $\triangle ABC$. Lines $l_1, l_2$, and $l_3$ pass through $O$ and are parallel to $AB, BC$, and $CA$, respectively. The intersections of $l_1, l_2$, and $l_3$ and the sides of $\triangle ABC$ form a hexagon whose area is $A$. Compute the minimum value of $A$.",aime_ready_integers,N/A,
16,,BMT 2019 Individual #17,2019,Geometry,BMT,4.5,,"Let $C$ be a circle of radius 1 and $O$ its center. Let $AB$ be a chord of the circle and $D$ a point on $AB$ such that $OD = \frac{\sqrt{2}}{2}$ such that $D$ is closer to $A$ than it is to $B$, and if the perpendicular line at $D$ with respect to $AB$ intersects the circle at $E$ and $F$, $AD = DE$. The area of the region of the circle enclosed by $AD, DE$, and the minor arc $AE$ may be expressed as $\frac{a + b\sqrt{c} + d\pi}{e}$ where $a, b, c, d, e$ are integers, $\text{gcd}(a, b, d, e) = 1$, and $c$ is squarefree. Find $a + b + c + d + e$.",aime_ready_integers,N/A,
37,,BMT 2019 Individual #18,2019,Number Theory,BMT,5.5,,"Define $f(x, y)$ to be $\frac{|x|}{|y|}$ if that value is a positive integer, $\frac{|y|}{|x|}$ if that value is a positive integer, and zero otherwise. We say that a sequence of integers $l_1$ through $l_n$ is good if $f(l_i, l_{i+1})$ is nonzero for all $i$ where $1 \le i \le n-1$, and the score of the sequence is
$$
\sum_{i=1}^{n-1} f(l_i, l_{i+1}).
$$
Compute the maximum possible score of a good subsequence subject to the further constraints that the absolute value of every element is between 2 and 6, and that if $b$ directly follows $a$ in the sequence, it can only do so once, and $a$ cannot directly follow $b$ afterwards.",aime_ready_integers,N/A,
(9-√3)/9,,BMT 2019 Individual #19,2019,Algebra,BMT,6.0,,"Let $a$ and $b$ be real numbers such that
$$
\max_{0 \le x \le 1} |x^3 - ax - b|
$$
is as small as possible. Find $a + b$ in simplest radical form. (Hint: If $f(x) = x^3 - cx - d$, then the maximum (or minimum) of $f(x)$ either occurs when $x = 0$ and/or $x = 1$ and/or when $x$ satisfies $3x^2 - c = 0$).",misc,N/A,
3,,BMT 2019 Individual #20,2019,Algebra,BMT,7.0,,"Define a sequence $F_n$ such that $F_1 = 1, F_2 = x, F_{n+1} = xF_n + yF_{n-1}$ where $x$ and $y$ are positive integers. Suppose
$$
\frac{1}{F_k} = \sum_{n=1}^{\infty} \frac{F_n}{d^n}
$$
has exactly two solutions $(d, k)$ with $d > 0$ is a positive integer. Find the least possible positive value of $d$.",aime_ready_integers,N/A,
2,,BMT 2019 Algebra #1,2019,Algebra,BMT,2.0,,How many integers $x$ satisfy $x^2 - 9x + 18 < 0$?,aime_ready_integers,N/A,
"(4, 8)",,BMT 2019 Algebra #2,2019,Algebra,BMT,2.0,,"Find the point $p$ in the first quadrant on the line $y = 2x$ such that the distance between $p$ and $p'$, the point reflected across the line $y = x$, is equal to $\sqrt{32}$.",misc,N/A,
72,,BMT 2019 Algebra #3,2019,Algebra,BMT,2.5,,"There are several pairs of integers $(a, b)$ satisfying $a^2 - 4a + b^2 - 8b = 30$. Find the sum of the sum of the coordinates of all such points.",aime_ready_integers,N/A,
π/40,,BMT 2019 Algebra #4,2019,Algebra,BMT,2.5,,"Two real numbers $x$ and $y$ are both chosen at random from the closed interval $[-10, 10]$. Find the probability that $x^2 + y^2 < 10$. Express your answer as a common fraction in terms of $\pi$.",pi,"Two real numbers $x$ and $y$ are both chosen at random from the closed interval $[-10, 10]$. Let $n$ be the probability that $x^2 + y^2 < 10$. If $n$ can be written as $a\pi/b$, where $a, b$ are positive integers, find $a + b$.",
15,,BMT 2019 Algebra #5,2019,Algebra,BMT,2.0,,Find the sum of all real solutions to $(x^2 - 10x - 12)^{x^2 + 5x + 2} = 1$.,aime_ready_integers,N/A,
11/2,,BMT 2019 Algebra #6,2019,Algebra,BMT,2.5,,Find the maximum value of $\frac{x}{y}$ if $x$ and $y$ are real numbers such that $x^2 + y^2 - 8x - 6y + 20 = 0$.,fractions,"Find the maximum value of $\frac{x}{y}$ if $x$ and $y$ are real numbers such that $x^2 + y^2 - 8x - 6y + 20 = 0$. Let s be the maximum value of this ratio. If s can be expressed as m/n, where m and n are relatively prime positive integers, find m + n.",
3,,BMT 2019 Algebra #7,2019,Algebra,BMT,3.5,,"Let $r_1, r_2, r_3$ be the (possibly complex) roots of the polynomial $x^3 + ax^2 + bx + \frac{4}{3}$. How many pairs of integers $a, b$ exist such that $r_1^3 + r_2^3 + r_3^3 = 0$?",aime_ready_integers,N/A,
67,,BMT 2019 Algebra #8,2019,Algebra,BMT,4.0,,"A biased coin has a $\frac{6 + 2\sqrt{3}}{12}$ chance of landing heads, and a $\frac{6 - 2\sqrt{3}}{12}$ chance of landing tails. What is the probability that the number of times the coin lands heads after being flipped 100 times is a multiple of 4? The answer can be expressed as $\frac{1}{4} + \frac{1 + ab}{c \cdot de}$ where $a, b, c, d, e$ are positive integers. Find the minimal possible value of $a + b + c + d + e$.",aime_ready_integers,N/A,
1260,,BMT 2019 Algebra #9,2019,Algebra,BMT,3.5,,"Let $a_n$ be the product of the complex roots of $x^{2n} = 1$ that are in the first quadrant of the complex plane. That is, roots of the form $a + bi$ where $a, b > 0$. Let $r = a_1 \cdot a_2 \cdot \dots \cdot a_{10}$. Find the smallest integer $k$ such that $r$ is a root of $x^k = 1$.",large_integers,"Let $a_n$ be the product of the complex roots of $x^{2n} = 1$ that are in the first quadrant of the complex plane. That is, roots of the form $a + bi$ where $a, b > 0$. Let $r = a_1 \cdot a_2 \cdot \dots \cdot a_{10}$. Let n be the smallest integer such that $r$ is a root of $x^n = 1$. Find the remainder when n is divided by 1000.",
1401,,BMT 2019 Algebra #10,2019,Algebra,BMT,3.0,,"Find the number of ordered integer triplets $(x, y, z)$ with absolute value less than or equal to 100 such that $2x^2 + 3y^2 + 3z^2 + 2xy + 2xz - 4yz < 5$.",large_integers,"Find the number of ordered integer triplets $(x, y, z)$ with absolute value less than or equal to 100 such that $2x^2 + 3y^2 + 3z^2 + 2xy + 2xz - 4yz < 5$. Let n be this number. Find the remainder when n is divided by 1000.",
(2^2018 - 1)/(2^2019 -1),,BMT 2019 Discrete #1,2019,Counting,BMT,4.0,,A fair coin is repeatedly flipped until 2019 consecutive coin flips are the same. Compute the probability that the first and last flips of the coin come up differently.,misc,N/A,
2/11,,BMT 2019 Discrete #2,2019,Counting,BMT,3.0,,"Sylvia has a bag of 10 coins. Nine are fair coins, but the tenth has tails on both sides. Sylvia draws a coin at random from the bag and flips it without looking. If the coin comes up tails, what is the probability that the coin she drew was the 2-tailed coin?",fractions,"Sylvia has a bag of 10 coins. Nine are fair coins, but the tenth has tails on both sides. Sylvia draws a coin at random from the bag and flips it without looking. Let s be the probability that the coin she drew was the 2-tailed coin, given that the coin comes up tails. If s can be expressed as m/n, where m and n are relatively prime positive integers, find m + n.",
75,,BMT 2019 Discrete #3,2019,Counting,BMT,3.0,,There are 15 people at a party; each person has 10 friends. To greet each other each person hugs all their friends. How many hugs are exchanged at this party?,aime_ready_integers,N/A,
72,,BMT 2019 Discrete #4,2019,Number Theory,BMT,3.0,,"There exists one pair of positive integers $a, b$ such that $100 > a > b > 0$ and $\frac{1}{a} + \frac{1}{b} = \frac{2}{35}$. Find $a + b$.",aime_ready_integers,N/A,
1024,,BMT 2019 Discrete #5,2019,Number Theory,BMT,3.0,,Let $21110 \equiv n \pmod{1111}$ with $0 \le n < 1111$. Compute $n$.,large_integers,Let $21110 \equiv n \pmod{1111}$ with $0 \le n < 1111$. Let n be the solution to this congruence. Find the remainder when n is divided by 1000.,
8,,BMT 2019 Discrete #6,2019,Number Theory,BMT,3.0,,Define $f(n) = \frac{n^2+n}{2}$. Compute the number of positive integers $n$ such that $f(n) \le 1000$ and $f(n)$ is the product of two prime numbers.,aime_ready_integers,N/A,
175/333,,BMT 2019 Discrete #7,2019,Counting,BMT,4.0,,"Call the number of times that the digits of a number change from increasing to decreasing, or vice versa, from the left to right while ignoring consecutive digits that are equal the flux of the number. For example, the flux of 123 is 0 (since the digits are always increasing from left to right) and the flux of 12333332 is 1, while the flux of 9182736450 is 8. What is the average value of the flux of the positive integers from 1 to 999, inclusive?",fractions,"Let s be the average value of the flux of the positive integers from 1 to 999, inclusive. If s can be expressed as m/n, where m and n are relatively prime positive integers, find the value of m + n.",
218,,BMT 2019 Discrete #8,2019,Number Theory,BMT,4.0,,"For a positive integer $n$, define $\phi(n)$ as the number of positive integers less than or equal to $n$ that are relatively prime to $n$. Find the sum of all positive integers $n$ such that $\phi(n) = 20$.",aime_ready_integers,N/A,
14,,BMT 2019 Discrete #9,2019,Algebra,BMT,4.5,,"Let $z = \frac{1}{2} \left( \sqrt{2} + i\sqrt{2} \right)$. The sum
$$
\sum_{k=0}^{13} \frac{1}{1 - ze^{k \cdot i\pi/7}}
$$
can be written in the form $a - bi$. Find $a + b$.",aime_ready_integers,N/A,
7561,,BMT 2019 Discrete #10,2019,Number Theory,BMT,7.0,,"Let $S(n)$ be the sum of the squares of the positive integers less than and coprime to $n$. For example, $S(5) = 1^2 + 2^2 + 3^2 + 4^2$, but $S(4) = 1^2 + 3^2$.
Let $p = 2^7 - 1 = 127$ and $q = 2^5 - 1 = 31$ be primes. The quantity $S(pq)$ can be written in the form
$$
\frac{p^2q^2}{6} \left( a - \frac{b}{c} \right)
$$
where $a, b$, and $c$ are positive integers, with $b$ and $c$ coprime and $b < c$. Find $a$.",large_integers,"Let $S(n)$ be the sum of the squares of the positive integers less than and coprime to $n$. For example, $S(5) = 1^2 + 2^2 + 3^2 + 4^2$, but $S(4) = 1^2 + 3^2$.
Let $p = 2^7 - 1 = 127$ and $q = 2^5 - 1 = 31$ be primes. The quantity $S(pq)$ can be written in the form
$$
\frac{p^2q^2}{6} \left( a - \frac{b}{c} \right)
$$
where $a, b$, and $c$ are positive integers, with $b$ and $c$ coprime and $b < c$. Let n be the integer value of $a$. Find the remainder when n is divided by 1000.",
4,,BMT 2019 Geometry #2,2019,Geometry,BMT,2.5,,A set of points in the plane is called full if every triple of points in the set are the vertices of a non-obtuse triangle. What is the largest size of a full set?,aime_ready_integers,N/A,
51/2,,BMT 2019 Geometry #3,2019,Geometry,BMT,3.0,,Let $ABCD$ be a parallelogram with $BC = 17$. Let $M$ be the midpoint of $BC$ and let $N$ be the point such that $DANM$ is a parallelogram. What is the length of segment $NC$?,fractions,"Let $ABCD$ be a parallelogram with $BC = 17$. Let $M$ be the midpoint of $BC$ and let $N$ be the point such that $DANM$ is a parallelogram. Let s be the length of segment $NC$. If s can be expressed as m/n, where m and n are relatively prime positive integers, find the value of m + n.",
12 + 4√10,,BMT 2019 Geometry #4,2019,Geometry,BMT,2.5,,"The area of right triangle $ABC$ is 4, and hypotenuse $AB$ is 12. Compute the perimeter of $ABC$.",roots,"The area of right triangle $ABC$ is 4, and hypotenuse $AB$ is 12. Let x be the perimeter of $ABC$. If x can be written as m√n + c, where m, n, and c are positive integers and n is not divisible by the square of a prime, find m + n + c.",
25π√2/4,,BMT 2019 Geometry #5,2019,Geometry,BMT,4.0,,"Find the area of the set of all points $z$ in the complex plane that satisfy
$$
|z - 3i| + |z - 4| \le 5\sqrt{2}.
$$",pi,"Find the area of the set of all points $z$ in the complex plane that satisfy
$$
|z - 3i| + |z - 4| \le 5\sqrt{2}.
$$
Let n be this area. If n can be written in the form of aπ√b/c, where a, b, and c are positive integers, find a + b + c.",
√5/8,,BMT 2019 Geometry #6,2019,Geometry,BMT,3.5,,"Let $ABE$ be a triangle with $AB/3 = BE/4 = EA/5$. Let $D \ne A$ be on line $AE$ such that $AE = ED$ and $D$ is closer to $E$ than to $A$. Moreover, let $C$ be a point such that $BCDE$ is a parallelogram. Furthermore, let $M$ be on line $CD$ such that $AM$ bisects $\angle BAE$, and let $P$ be the intersection of $AM$ and $BE$. Compute the ratio of $PM$ to the perimeter of $ABE$.",roots,"Let $ABE$ be a triangle with $AB/3 = BE/4 = EA/5$. Let $D \ne A$ be on line $AE$ such that $AE = ED$ and $D$ is closer to $E$ than to $A$. Moreover, let $C$ be a point such that $BCDE$ is a parallelogram. Furthermore, let $M$ be on line $CD$ such that $AM$ bisects $\angle BAE$, and let $P$ be the intersection of $AM$ and $BE$. Let $x$ be the ratio of $PM$ to the perimeter of $ABE$. If $x$ can be written as $m\sqrt{n}/k$, where $m$ and $k$ are relatively prime positive integers and $n$ is not divisible by the square of a prime, find $m + n + k$.",
(5-2√3)/2,,BMT 2019 Geometry #7,2019,Geometry,BMT,4.0,,"Points $ABCD$ are vertices of an isosceles trapezoid, with $AB$ parallel to $CD$, $AB = 1$, $CD = 2$, and $BC = 1$. Point $E$ is chosen uniformly and at random on $CD$, and let point $F$ be the point on $CD$ such that $EC = FD$. Let $G$ denote the intersection of $AE$ and $BF$, not necessarily in the trapezoid. What is the probability that $\angle AGB > 30^\circ$?",misc,N/A,
196/197,,BMT 2019 Geometry #8,2019,Geometry,BMT,7.0,,"Let $ABC$ be a triangle with $AB = 13$, $BC = 14$, and $CA = 15$. Let $G$ denote the centroid of $ABC$, and let $G_A$ denote the image of $G$ under a reflection across $BC$, with $G_B$ the image of $G$ under a reflection across $AC$, and $G_C$ the image of $G$ under a reflection across $AB$. Let $O_G$ be the circumcenter of $G_A G_B G_C$ and let $X$ be the intersection of $AO_G$ with $BC$ and $Y$ denote the intersections of $AG$ with $BC$. Compute $XY$.",fractions,"Let $ABC$ be a triangle with $AB = 13$, $BC = 14$, and $CA = 15$. Let $G$ denote the centroid of $ABC$, and let $G_A$ denote the image of $G$ under a reflection across $BC$, with $G_B$ the image of $G$ under a reflection across $AC$, and $G_C$ the image of $G$ under a reflection across $AB$. Let $O_G$ be the circumcenter of $G_A G_B G_C$ and let $X$ be the intersection of $AO_G$ with $BC$ and $Y$ denote the intersections of $AG$ with $BC$. Let s be the length of segment $XY$. If s can be expressed as m/n, where m and n are relatively prime positive integers, find the value of m + n.",
330,,BMT 2019 Geometry #9,2019,Geometry,BMT,7.0,,"Let $ABCD$ be a tetrahedron with $\angle ABC = \angle ABD = \angle CBD = 90^\circ$ and $AB = BC$. Let $E, F, G$ be points on $AD, BD$, and $CD$, respectively, such that each of the quadrilaterals $AEFB, BFGC$, and $CGEA$ have an inscribed circle. Let $r$ be the smallest real number such that $\frac{\text{area}(EFG)}{\text{area}(ABC)} \le r$ for all such configurations $A, B, C, D, E, F, G$. If $r$ can be expressed as
$$
\frac{\sqrt{a} - b\sqrt{c}}{d}
$$
where $a, b, c, d$ are positive integers with $\text{gcd}(a, b) = 1$ and $c$ squarefree, find $a + b + c + d$.",aime_ready_integers,N/A,
81√35,,BMT 2019 Geometry #10,2019,Geometry,BMT,7.5,,"A 3-4-5 point of a triangle $ABC$ is a point $P$ such that the ratio $AP:BP:CP$ is equivalent to the ratio $3:4:5$. If $ABC$ is isosceles with base $BC = 12$ and $ABC$ has exactly one 3-4-5 point, compute the area of $ABC$.",roots,"Triangle $ABC$ is isosceles with base $BC = 12$. Triangle $ABC$ has exactly one point $P$ such that the ratio $AP:BP:CP$ is $3:4:5$. Let $x$ be the area of triangle $ABC$. If $x$ can be written in the form $m\sqrt{n}$, where $m$ and $n$ are positive integers and $n$ is not divisible by the square of any prime, find $m+n$.",
3,,BmMT 2019 Individual #1,2019,Algebra,BmMT,1.0,,"If Clark wants to divide 100 pizzas among 25 people so that each person receives the same number of pizzas, how many pizzas should each person receive?",aime_ready_integers,N/A,
4,,BmMT 2019 Individual #2,2019,Counting,BmMT,1.0,,"In a group of 3 people, every pair of people shakes hands once. How many handshakes occur?",aime_ready_integers,N/A,
5,,BmMT 2019 Individual #3,2019,Algebra,BmMT,1.0,,"Dylan and Joey have 14 costumes in total. Dylan gives Joey 4 costumes, and Joey now has the number of costumes that Dylan had before giving Joey any costumes. How many costumes does Dylan have now?",aime_ready_integers,N/A,
3,,BmMT 2019 Individual #4,2019,Counting,BmMT,1.0,,"At Banjo Borger, a burger costs 7 dollars, a soda costs 2 dollars, and a cookie costs 3 dollars. Alex, Connor, and Tony each spent 11 dollars on their order, but none of them got the same order. If Connor bought the most cookies, how many cookies did Connor buy?",aime_ready_integers,N/A,
12,,BmMT 2019 Individual #5,2019,Geometry,BmMT,1.0,,"Joey, James, and Austin stand on a large, flat field. If the distance from Joey to James is 30 and the distance from Austin to James is 18, what is the minimal possible distance from Joey to Austin?",aime_ready_integers,N/A,
40,,BmMT 2019 Individual #6,2019,Algebra,BmMT,1.0,,"If the first and third terms of a five-term arithmetic sequence are 3 and 8, respectively, what is the sum of all 5 terms in the sequence?",aime_ready_integers,N/A,
8√2,,BmMT 2019 Individual #8,2019,Geometry,BmMT,1.0,,"If the side length of square A is 4, what is the perimeter of square B, formed by connecting the midpoints of the sides of A?",roots,"Given that the side length of square A is 4, square B is formed by connecting the midpoints of the sides of A. Let x be the perimeter of square B. If x can be written as m√n, where m and n are positive integers and n is not divisible by the square of a prime, find m + n.",
615,,BmMT 2019 Individual #9,2019,Number Theory,BmMT,1.0,,"The Chan Shun Auditorium at UC Berkeley has room number 2050. The number of seats in the auditorium is a factor of the room number, and there are between 150 and 431 seats, inclusive. What is the sum of all of the possible numbers of seats in Chan Shun Auditorium?",aime_ready_integers,N/A,
4,,BmMT 2019 Individual #10,2019,Number Theory,BmMT,1.5,,"Krishna has a positive integer $x$. He notices that $x^2$ has the same last digit as $x$. If Krishna knows that $x$ is a prime number less than 50, how many possible values of $x$ are there?",aime_ready_integers,N/A,
3,,BmMT 2019 Individual #11,2019,Number Theory,BmMT,1.5,,"Jing Jing the Kangaroo starts on the number 1. If she is at a positive integer $n$, she can either jump to $2n$ or to the sum of the digits of $n$. What is the smallest positive integer she cannot reach no matter how she jumps?",aime_ready_integers,N/A,
√3,,BmMT 2019 Individual #12,2019,Geometry,BmMT,1.5,,"Sylvia is 3 units directly east of Druv and runs twice as fast as Druv. When a whistle blows, Druv runs directly north, and Sylvia runs along a straight line. If they meet at a point a distance $d$ units away from Druv’s original location, what is the value of $d$?",roots,"Sylvia is 3 units directly east of Druv and runs twice as fast as Druv. When a whistle blows, Druv runs directly north, and Sylvia runs along a straight line. They meet at a point a certain distance from Druv’s original location. Let x be this distance. If x can be written as √n, where n is not divisible by the square of a prime, find n.",
5/2,,BmMT 2019 Individual #13,2019,Algebra,BmMT,1.5,,"If $x$ is a real number such that $\sqrt{x} + \sqrt{10} = \sqrt{x + 20}$, compute $x$.",fractions,"If $x$ is a real number such that $\sqrt{x} + \sqrt{10} = \sqrt{x + 20}$, let s be the value of x. If s can be expressed as m/n, where m and n are relatively prime positive integers, find the sum of m and n.",
20,,BmMT 2019 Individual #14,2019,Counting,BmMT,2.0,,"Compute the number of rearrangments of the letters in LATEX such that the letter T comes before the letter E and the letter E comes before the letter X. For example, TLEAX is a valid rearrangment, but LAETX is not.",aime_ready_integers,N/A,
16,,BmMT 2019 Individual #15,2019,Geometry,BmMT,2.0,,How many integers $n$ greater than 2 are there such that the degree measure of each interior angle of a regular $n$-gon is an even integer?,aime_ready_integers,N/A,
1806,,BmMT 2019 Individual #16,2019,Counting,BmMT,2.5,,"Students are being assigned to faculty mentors in the Berkeley Math Department. If there are 7 students and 3 mentors and each student has exactly one mentor, in how many ways can students be assigned to mentors given that each mentor has at least one student?",large_integers,"Students are being assigned to faculty mentors in the Berkeley Math Department. If there are 7 students and 3 mentors and each student has exactly one mentor, in how many ways can students be assigned to mentors given that each mentor has at least one student? Let n be this quantity. Find the remainder when n is divided by 1000.",
11/8,,BmMT 2019 Individual #17,2019,Geometry,BmMT,3.0,,Karthik has a paper square of side length 2. He folds the square along a crease that connects the midpoints of two opposite sides. He takes the resulting rectangle and folds it such that one of its vertices lands on the vertex that is diagonally opposite. Find the area of Karthik’s final figure.,fractions,"Karthik has a paper square of side length 2. He folds the square along a crease that connects the midpoints of two opposite sides. He takes the resulting rectangle and folds it such that one of its vertices lands on the vertex that is diagonally opposite. Let s be the area of Karthik’s final figure. If s can be expressed as m/n, where m and n are relatively prime positive integers, find the sum m + n.",
625,,BmMT 2019 Individual #18,2019,Counting,BmMT,3.0,,"Sally is inside a pen consisting of points $(a, b)$ such that $0 \le a, b \le 4$. If she is currently on the point $(x, y)$, she can move to either $(x, y + 1)$, $(x, y - 1)$, or $(x + 1, y)$. Given that she cannot revisit any point she has visited before, find the number of ways she can reach $(4, 4)$ from $(0, 0)$.",aime_ready_integers,N/A,
3√3,,BmMT 2019 Individual #19,2019,Geometry,BmMT,3.0,,"An ant sits on the circumference of the circular base of a party hat (a cone without a circular base for the ant to walk on) of radius 2 and height $\sqrt{5}$. If the ant wants to reach a point diametrically opposite of its current location on the hat, what is the minimum possible distance the ant needs to travel?",roots,"An ant is located on the circumference of the circular base of a conical party hat, which has a radius of 2 and a height of $\sqrt{5}$. The ant wishes to travel to a point on the hat that is diametrically opposite to its current position. Let x be the minimum possible distance the ant needs to travel to reach this point. If x can be written in the form of m√n/k, where m and k are relatively prime positive integers and n is not divisible by the square of a prime, find m + n + k.",
21/2,,BmMT 2019 Individual #20,2019,Algebra,BmMT,4.0,,"If
$$
f(x) = \frac{219x + 220}{x^2 + 220x + 220},
$$
find the value of $f(1) + f(2) + f(4) + f(8) + \dots + f(2^{19}) + f(2^{20})$.",fractions,"Let s be the value of $f(1) + f(2) + f(4) + f(8) + \dots + f(2^{19}) + f(2^{20})$. If s can be expressed as m/n, where m and n are relatively prime positive integers, find the sum m + n.",
390,,BMT 2020 Algebra #1,2020,Algebra,BMT,2.0,,"Marisela is putting on a juggling show! She starts with 1 ball, tossing it once per second.
Lawrence tosses her another ball every five seconds, and she always tosses each ball that she has
once per second.
(Marisela tosses her first ball at the 1st second, and starts tossing the second
ball at the 6th second. Tosses at the 60th second also count.) Compute the total number of
tosses Marisela has made one minute after she starts juggling.",aime_ready_integers,N/A,
202,,BMT 2020 Algebra #2,2020,Algebra,BMT,2.5,,Let $a$ and $b$ be the roots of the polynomial $x^{2}+2020x+c.$ Given that $\frac{a}{b}+\frac{b}{a}=98$ compute $\sqrt{c}$.,aime_ready_integers,N/A,
2023,,BMT 2020 Algebra #3,2020,Algebra,BMT,3.0,,"The graph of the degree 2021 polynomial $P(x)$, which has real coefficients and leading coefficient
1, meets the x-axis at the points $(1,0),(2,0),(3,0),...,(2020,0)$ and nowhere else.
The mean
of all possible values of $P(2021)$ can be written in the form $a!/b$, where $a$ and $b$ are positive
integers and $a$ is as small as possible.
Compute $a+b.$",large_integers,"Original problem:
The graph of the degree 2021 polynomial $P(x)$, which has real coefficients and leading coefficient
1, meets the x-axis at the points $(1,0),(2,0),(3,0),...,(2020,0)$ and nowhere else.
The mean
of all possible values of $P(2021)$ can be written in the form $a!/b$, where $a$ and $b$ are positive
integers and $a$ is as small as possible.
Let n be the quantity $a!/b$. Find the remainder when n is divided by 1000.",
143,,BMT 2020 Algebra #4,2020,Algebra,BMT,3.5,,"Let $\varphi$ be the positive solution to the equation
$$x^{2}=x+1.$$
For $n\ge0$ let $a_{n}$ be the unique integer such that $\varphi^{n}-a_{n}\varphi$ is also an integer.
Compute
$$\sum_{n=0}^{10}a_{n}.$$",aime_ready_integers,N/A,
47,,BMT 2020 Algebra #5,2020,Algebra,BMT,4.5,,"Let $f:\mathbb{R}^{+}\rightarrow\mathbb{R}^{+}$ be a function such that for all $x,y\in\mathbb{R}^{+}$, $f(x)f(y)=f(xy)+f(\frac{x}{y})$
where $\mathbb{R}^{+}$
represents the positive real numbers.
Given that $f(2)=3$ compute the last two digits of
$f(2^{2^{2020}})$",aime_ready_integers,N/A,
329,,BMT 2020 Algebra #6,2020,Algebra,BMT,5.0,,"Given that $\binom{n}{k}=\frac{n!}{k!(n-k)!}$ the value of
$$\sum_{n=3}^{10}\frac{\binom{n}{2}}{\binom{n}{3}\binom{n+1}{3}}$$
can be written in the form $\frac{m}{n}$ where $m$ and $n$ are relatively prime positive integers.
Compute
$m+n$",aime_ready_integers,N/A,
77,,BMT 2020 Algebra #7,2020,Algebra,BMT,6.0,,"Let $a$ , $b$ , and $c$ be real numbers such that $a+b+c=\frac{1}{a}+\frac{1}{b}+\frac{1}{c}$ and $abc=5$ .
The value of
$$(a-\frac{1}{b})^{3}+(b-\frac{1}{c})^{3}+(c-\frac{1}{a})^{3}$$
can be written in the form $\frac{m}{n}$ , where $m$ and $n$ are relatively prime positive integers .
Compute
$m+n$",aime_ready_integers,N/A,
4,,BMT 2020 Algebra #8,2020,Algebra,BMT,6.5,,"Compute the smallest real value $C$ such that the inequality
$$x^{2}(1+y)+y^{2}(1+x)\le\sqrt{(x^{4}+4)(y^{4}+4)}+C$$
holds for all real $x$ and $y$.",aime_ready_integers,N/A,
113,,BMT 2020 Algebra #9,2020,Algebra,BMT,7.0,,"There is a unique unordered triple (a, b, c) of two-digit positive integers a, b, and c that satisfy
the equation
$$a^{3}+3b^{3}+9c^{3}=9abc+1.$$
Compute $a+b+c.$",aime_ready_integers,N/A,
157,,BMT 2020 Algebra #10,2020,Algebra,BMT,7.5,,"For $k\ge1$, define $a_{k}=2^{k}.$ Let
$$S=\sum_{k=1}^{\infty}cos^{-1}\left(\frac{2a_{k}^{2}-6a_{k}+5}{\sqrt{(a_{k}^{2}-4a_{k}+5)(4a_{k}^{2}-8a_{k}+5)}}\right)$$
Compute $\lfloor 100S \rfloor$.",aime_ready_integers,N/A,
96,,BMT 2020 Discrete #1,2020,Counting,BMT,1.5,,"How many permutations of the set \{B, M, T, 2, 0\} do not have B as their first element?",aime_ready_integers,N/A,
3,,BMT 2020 Discrete #2,2020,Counting,BMT,2.0,,"Haydn picks two different integers between 1 and 100, inclusive, uniformly at random. The probability that their product is divisible by 4 can be expressed in the form $\frac{m}{n}$ , where m and n are relatively prime positive integers. Compute $m+n$",aime_ready_integers,N/A,
50,,BMT 2020 Discrete #3,2020,Number Theory,BMT,2.5,,Compute the remainder when 98! is divided by 101.,aime_ready_integers,N/A,
82,,BMT 2020 Discrete #4,2020,Counting,BMT,3.5,,"Three lights are placed horizontally on a line on the ceiling. All the lights are initially off. Every second, Neil picks one of the three lights uniformly at random to switch: if it is off, he switches it on; if it is on, he switches it off. When a light is switched, any lights directly to the left or right of that light also get turned on (if they were off) or off (if they were on). The expected number of lights that are on after Neil has flipped switches three times can be expressed in the form $\frac{m}{n}$ where m and n are relatively prime positive integers. Compute $m+n$.",aime_ready_integers,N/A,
2024,,BMT 2020 Discrete #5,2020,Counting,BMT,4.0,,"Let P be the probability that the product of 2020 real numbers chosen independently and uniformly at random from the interval [-1, 2] is positive. The value of $2P-1$ can be written in the form $(\frac{m}{n})^{b},$ where m, n and b are positive integers such that m and n are relatively prime and b is as large as possible. Compute $m+n+b$",large_integers,"Let P be the probability that the product of 2020 real numbers chosen independently and uniformly at random from the interval [-1, 2] is positive. The value of $2P-1$ can be written in the form $(\frac{m}{n})^{b},$ where m, n and b are positive integers such that m and n are relatively prime and b is as large as possible. Let n be the sum of m, n and b. Find the remainder when n is divided by 1000.",
2,,BMT 2020 Discrete #6,2020,Counting,BMT,3.5,,"Let N be the number of non-empty subsets T of $S=\{1,2,3,4,...,2020\}$ satisfying max(T) > 1000. Compute the largest integer k such that $3^{k}$ divides N.",aime_ready_integers,N/A,
15,,BMT 2020 Discrete #7,2020,Number Theory,BMT,5.0,,"Compute the number of ordered triples of positive integers (a, b, c) such that $a+b+c+ab+bc+ac=abc+1$.",aime_ready_integers,N/A,
27,,BMT 2020 Discrete #8,2020,Counting,BMT,6.5,,"Dexter is running a pyramid scheme. In Dexter's scheme, he hires ambassadors for his company, Lie Ultimate. Any ambassador for his company can recruit up to two more ambassadors (who are not already ambassadors), who can in turn recruit up to two more ambassadors each, and so on (Dexter is a special ambassador that can recruit as many ambassadors as he would like). An ambassador's downline consists of the people they recruited directly as well as the downlines of those people. An ambassador earns executive status if they recruit two new people and each of those people has at least 70 people in their downline (Dexter is not considered an executive). If there are 2020 ambassadors (including Dexter) at Lie Ultimate, what is the maximum number of ambassadors with executive status?",aime_ready_integers,N/A,
76,,BMT 2020 Discrete #9,2020,Counting,BMT,6.5,,"For any point $(x,y)$ with $0\le x<1$ and $0\le y<1$, Jenny can perform a shuffle on that point, which takes the point to $(\{3x+y\},\{x+2y\})$ where $\{a\}$ denotes the fractional or decimal part of a (so for example, $\{\pi\}=\pi-3=0.1415...)$. How many points p are there such that after 3 shuffles on p, p ends up in its original position?",aime_ready_integers,N/A,
54,,BMT 2020 Discrete #10,2020,Number Theory,BMT,8.0,,"Let $\psi(n)$ be the number of integers $0<r<n$ such that there exists an integer that satisfies $x^{2}+x\equiv r(mod~n)$. Find the sum of all distinct prime factors of
$$\sum_{i=0}^{4}\sum_{j=0}^{4}\psi(3^{i}5^{j}).$$",aime_ready_integers,N/A,
100,,BMT 2020 Geometry #1,2020,Geometry,BMT,2.0,,"A Yule log is shaped like a right cylinder with height 10 and diameter 5. Freya cuts it parallel to its bases into 9 right cylindrical slices. After Freya cut it, the combined surface area of the slices of the Yule log increased by $a\pi$. Compute a.",aime_ready_integers,N/A,
3,,BMT 2020 Geometry #2,2020,Geometry,BMT,3.0,,"Let O be a circle with diameter $AB=2$ Circles $O_{1}$ and $O_{2}$ have centers on $\overline{AB}$ such that O is tangent to $O_{1}$ at A and to $O_{2}$ at $B,$ and $O_{1}$ and $O_{2}$ are externally tangent to each other. The minimum possible value of the sum of the areas of $O_{1}$ and $O_{2}$ can be written in the form $\frac{m\pi}{n}$ where m and n are relatively prime positive integers. Compute $m+n.$",aime_ready_integers,N/A,
5,,BMT 2020 Geometry #3,2020,Geometry,BMT,3.0,,"Right triangular prism ABCDEF with triangular faces ABC and ADEF and edges $\overline{AD}$, $\overline{BE},$ and $\overline{CF}$ has $\angle ABC=90^{\circ}$ and $\angle EAB=\angle CAB=60^{\circ}$ Given that $AE=2$ the volume of ABCDEF can be written in the form$\frac{m}{n},$ where m and n are relatively prime positive integers. Compute $m+n$.",aime_ready_integers,N/A,
156,,BMT 2020 Geometry #4,2020,Geometry,BMT,3.0,,"Alice is standing on the circumference of a large circular room of radius 10. There is a circular pillar in the center of the room of radius 5 that blocks Alice's view. The total area in the room Alice can see can be expressed in the form $\frac{m\pi}{n}+p\sqrt{q},$ where m and n are relatively prime positive integers and p and q are integers such that q is square-free. Compute $m+n+p+q$. (Note that the pillar is not included in the total area of the room.)",aime_ready_integers,N/A,
3031,,BMT 2020 Geometry #5,2020,Geometry,BMT,3.5,,"Let $A_{1}=(0,0)$, $B_{1}=(1,0)$, $C_{1}=(1,1)$, $D_{1}=(0,1)$. For all $i>1$, we recursively define
$A_{i}=\frac{1}{2020}(A_{i-1}+2019B_{i-1})$,
$B_{i}=\frac{1}{2020}(B_{i-1}+2019C_{i-1})$,
$C_{i}=\frac{1}{2020}(C_{i-1}+2019D_{i-1})$,
$D_{i}=\frac{1}{2020}(D_{i-1}+2019A_{i-1})$ ,
where all operations are done coordinate-wise. If $[A_{i}B_{i}C_{i}D_{i}]$ denotes the area of $A_{i}B_{i}C_{i}D_{i}$, there are positive integers a, b, and c such that
$\sum_{i=1}^{\infty}[A_{i}B_{i}C_{i}D_{i}]=\frac{a^{2}b}{c},$
where b is square-free and c is as small as possible.
Compute the value of $a+b+c.$",large_integers,"Let $A_{1}=(0,0)$, $B_{1}=(1,0)$, $C_{1}=(1,1)$, $D_{1}=(0,1)$. For all $i>1$, we recursively define
$A_{i}=\frac{1}{2020}(A_{i-1}+2019B_{i-1})$,
$B_{i}=\frac{1}{2020}(B_{i-1}+2019C_{i-1})$,
$C_{i}=\frac{1}{2020}(C_{i-1}+2019D_{i-1})$,
$D_{i}=\frac{1}{2020}(D_{i-1}+2019A_{i-1})$ ,
where all operations are done coordinate-wise. If $[A_{i}B_{i}C_{i}D_{i}]$ denotes the area of $A_{i}B_{i}C_{i}D_{i}$, there are positive integers a, b, and c such that
$\sum_{i=1}^{\infty}[A_{i}B_{i}C_{i}D_{i}]=\frac{a^{2}b}{c},$
where b is square-free and c is as small as possible.
Let n be the value of $a+b+c.$ Find the remainder when n is divided by 1000.",
252,,BMT 2020 Geometry #6,2020,Geometry,BMT,4.0,,"A tetrahedron has four congruent faces, each of which is a triangle with side lengths 6, 5, and 5. If the volume of the tetrahedron is V, compute $V^{2}$.",aime_ready_integers,N/A,
89,,BMT 2020 Geometry #7,2020,Geometry,BMT,4.5,,"Circle has radius 10, center O, and diameter $\overline{AB}$. Point C lies on such that $AC=12.$ Let P be the circumcenter of $\triangle AOC$. Line $\overleftrightarrow{AP}$ intersects at Q, where Q is different from A. Then the value of $\frac{AP}{AQ}$ can be expressed in the form$\frac{m}{n}$ where m and n are relatively prime positive integers. Compute m + n.",aime_ready_integers,N/A,
629,,BMT 2020 Geometry #8,2020,Geometry,BMT,5.5,,"Let triangle $\triangle ABC$ have $AB=17$, $BC=14$ CA 12. Let $M_{A}$, $M_{B}$, $M_{C}$ be midpoints of $\overline{BC}$, $\overline{AC}$ and $\overline{AB}$ respectively. Let the angle bisectors of A, B, and C intersect $\overline{BC}$, $\overline{AC}$ and $\overline{AB}$ at P, Q, and R, respectively. Reflect $M_{A}$ about AP, $M_{B}$ about $\overline{BQ}$, and $M_{C}$ about $\overline{CR}$ to obtain $M_{A}^{\prime}$ $M_{B}^{\prime}$ $M_{C}^{\prime}$, respectively. The lines $\overleftrightarrow{AM_{A}^{\prime}}$ $BM_{B}^{\prime}$ , and $\overleftrightarrow{CM_{C}^{\prime}}$ will then intersect $BC,$ $\overline{AC}$ and
$\overline{AB}$ at D, E, and F, respectively. Given that $\overline{AD},$ $\overline{BE}$ and $\overline{CF}$ concur at a point K inside the triangle, in simplest form, the ratio [KAB]: [KBC]: [KCA] can be written in the form p:q:r, where p, q and r are relatively prime positive integers and [XYZ] denotes the area of AXYZ.
Compute $p+q+r$.",aime_ready_integers,N/A,
2029,,BMT 2020 Geometry #9,2020,Geometry,BMT,7.0,,"The Fibonacci numbers $F_{n}$ are defined as $F_{1}=F_{2}=1$ and $F_{n}=F_{n-1}+F_{n-2}$ for all $n>2.$ Let A be the minimum area of a (possibly degenerate) convex polygon with 2020 sides, whose side lengths are the first 2020 Fibonacci numbers $F_{1},F_{2},...,F_{2020}$ (in any order). A degenerate convex polygon is a polygon where all angles are $\le180^{\circ}$. If A can be expressed in the form
$\frac{\sqrt{(F_{a}-b)^{2}-c}}{d}$ where a , b , c and d are positive integers , compute the minimal possible value of
$a+b+c+d$",large_integers,"The Fibonacci numbers $F_{n}$ are defined as $F_{1}=F_{2}=1$ and $F_{n}=F_{n-1}+F_{n-2}$ for all $n>2.$ Let A be the minimum area of a (possibly degenerate) convex polygon with 2020 sides, whose side lengths are the first 2020 Fibonacci numbers $F_{1},F_{2},...,F_{2020}$ (in any order). A degenerate convex polygon is a polygon where all angles are $\le180^{\circ}$. If A can be expressed in the form
$\frac{\sqrt{(F_{a}-b)^{2}-c}}{d}$ where a , b , c and d are positive integers, let n be the minimal possible value of $a+b+c+d$. Find the remainder when n is divided by 1000.",
5362,,BMT 2020 Geometry #10,2020,Geometry,BMT,6.0,,"Let E be an ellipse where the length of the major axis is 26, the length of the minor axis is 24. and the foci are at points R and S. Let A and B be points on the ellipse such that RASB forms a non-degenerate quadrilateral, $\overleftrightarrow{RA}$ and $\ \vec{B}$ intersect at P with segment $\overline{PR}$ containing A, and $\overleftrightarrow{RB}$ and $\overleftrightarrow{AS}$ intersect at Q with segment $\overline{QR}$ containing B. Given that $RA=AS$, $AP=26,$ the perimeter of the non-degenerate quadrilateral RPSQ is $m+\sqrt{n}$, where m and n are integers. Compute $m+n$.",large_integers,"Let E be an ellipse where the length of the major axis is 26, the length of the minor axis is 24, and the foci are at points R and S. Let A and B be points on the ellipse such that RASB forms a non-degenerate quadrilateral, $\overleftrightarrow{RA}$ and $\ \vec{B}$ intersect at P with segment $\overline{PR}$ containing A, and $\overleftrightarrow{RB}$ and $\overleftrightarrow{AS}$ intersect at Q with segment $\overline{QR}$ containing B. Given that $RA=AS$, $AP=26,$ the perimeter of the non-degenerate quadrilateral RPSQ is $m+\sqrt{n}$, where m and n are integers. Let n be the value of $m+n$. Find the remainder when n is divided by 1000.",
11,,BMT 2020 Team #1,2020,Counting,BMT,1.0,,"Julia and James pick a random integer between 1 and 10, inclusive. The probability they pick the same number can be written in the form $\frac{m}{n}$, where $m$ and $n$ are relatively prime positive integers. Compute $m + n$.",aime_ready_integers,N/A,
16,,BMT 2020 Team #2,2020,Counting,BMT,1.5,,"There are 38 people in the California Baseball League (CBL). The CBL cannot start playing games until people are split into teams of exactly 9 people (with each person in exactly one team). Moreover, there must be an even number of teams. What is the fewest number of people who must join the CBL such that the CBL can start playing games? The CBL may not revoke membership of the 38 people already in the CBL.",aime_ready_integers,N/A,
5,,BMT 2020 Team #3,2020,Geometry,BMT,1.5,,"An ant is at one corner of a unit cube. If the ant must travel on the box's surface, the shortest distance the ant must crawl to reach the opposite corner of the cube can be written in the form $\sqrt{a}$, where $a$ is a positive integer. Compute $a$.",aime_ready_integers,N/A,
103,,BMT 2020 Team #4,2020,Algebra,BMT,1.5,,Let $p(x) = 3x^2 + 1$. Compute the largest prime divisor of $p(100) - p(3)$.,aime_ready_integers,N/A,
6,,BMT 2020 Team #5,2020,Number Theory,BMT,2.0,,Call a positive integer prime-simple if it can be expressed as the sum of the squares of two distinct prime numbers. How many positive integers less than or equal to 100 are prime-simple?,aime_ready_integers,N/A,
155,,BMT 2020 Team #6,2020,Number Theory,BMT,2.5,,Jack writes whole numbers starting from 1 and skips all numbers that contain either a 2 or 9. What is the 100th number that Jack writes down?,aime_ready_integers,N/A,
1297,,BMT 2020 Team #7,2020,Counting,BMT,2.5,,"A fair six-sided die is rolled five times. The probability that the five die rolls form an increasing sequence where each value is strictly larger than the one that preceded can be written in the form $\frac{m}{n}$, where $m$ and $n$ are relatively prime positive integers. Compute $m + n$.",large_integers,"A fair six-sided die is rolled five times. The probability that the five die rolls form an increasing sequence where each value is strictly larger than the one that preceded can be written in the form $\frac{m}{n}$, where $m$ and $n$ are relatively prime positive integers. Let n be the sum of $m$ and $n$. Find the remainder when n is divided by 1000.",
4,,BMT 2020 Team #8,2020,Geometry,BMT,3.0,,"Let ABCD be a unit square and let E and F be points inside ABCD such that the line containing EF is parallel to AB. Point E is closer to AD than point F is to AD. The line containing EF also bisects the square into two rectangles of equal area. Suppose $[AEFB] = [DEFC] = 2[AED] = 2[BFC]$. The length of segment EF can be expressed as $\frac{m}{n}$, where $m$ and $n$ are relatively prime positive integers. Compute $m + n$.",aime_ready_integers,N/A,
5050,,BMT 2020 Team #9,2020,Algebra,BMT,3.0,,"A sequence $a_n$ is defined by $a_0 = 0$, and for all $n \geq 1$, $a_n = a_{n-1} + (-1)^n \cdot n^2$. Compute $a_{100}$.",large_integers,"A sequence $a_n$ is defined by $a_0 = 0$, and for all $n \geq 1$, $a_n = a_{n-1} + (-1)^n \cdot n^2$. Let n be $a_{100}$. Find the remainder when n is divided by 1000.",
294,,BMT 2020 Team #10,2020,Number Theory,BMT,3.5,,"How many integers $100 \leq x \leq 999$ have the property that, among the six digits in $\left\lfloor 280 + \frac{x}{100} \right\rfloor$ and $x$, exactly two are identical?",aime_ready_integers,N/A,
2331,,BMT 2020 Team #11,2020,Number Theory,BMT,3.5,,"Compute $\sum_{x=1}^{999} \gcd(x, 10x + 9)$.",large_integers,"Let n be the sum of $\gcd(x, 10x + 9)$ from x equals 1 to 999. Find the remainder when n is divided by 1000.",
216,,BMT 2020 Team #12,2020,Algebra,BMT,3.5,,"A hollow box (with negligible thickness) shaped like a rectangular prism has a volume of 108 cubic units. The top of the box is removed, exposing the faces on the inside of the box. What is the minimum possible value for the sum of the areas of the faces on the outside and inside of the box?",aime_ready_integers,N/A,
1020605,,BMT 2020 Team #13,2020,Counting,BMT,3.5,,"Compute the expected sum of elements in a subset of $\{1, 2, 3, \ldots, 2020\}$ (including the empty set) chosen uniformly at random.",large_integers,"Compute the expected sum of elements in a subset of $\{1, 2, 3, \ldots, 2020\}$ (including the empty set) chosen uniformly at random. Let n be the expected sum. Find the remainder when n is divided by 1000.",
6,,BMT 2020 Team #19,2020,Counting,BMT,4.0,,"John is flipping his favorite bottle, which currently contains 10 ounces of water. However, his bottle is broken from excessive flipping, so after he performs a flip, one ounce of water leaks out of his bottle. When his bottle contains $k$ ounces of water, he has a $\frac{1}{k+1}$ probability of landing it on its bottom. What is the expected number of number of flips it takes for John's bottle to land on its bottom?",aime_ready_integers,N/A,
7,,BMT 2020 Team #20,2020,Geometry,BMT,4.5,,"Non-degenerate quadrilateral ABCD with $AB = AD$ and $BC = CD$ has integer side lengths, and $\angle ABC = \angle BCD = \angle CDA$. If $AB = 3$ and $B \neq D$, how many possible lengths are there for BC?",aime_ready_integers,N/A,
20,,BMT 2020 Team #21,2020,Geometry,BMT,4.0,,Let $\triangle ABC$ be a right triangle with legs $AB = 6$ and $AC = 8$. Let $I$ be the incenter of $\triangle ABC$ and $X$ be the other intersection of $AI$ with the circumcircle of $\triangle ABC$. Find $AI \cdot IX$.,aime_ready_integers,N/A,
69,,BMT 2020 Team #22,2020,Algebra,BMT,5.0,,"Suppose that $x$, $y$, and $z$ are positive real numbers satisfying
$$
\begin{cases}
x^2 + xy + y^2 = 64 \\
y^2 + yz + z^2 = 49 \\
z^2 + zx + x^2 = 57
\end{cases}
$$
Then $\sqrt[3]{xyz}$ can be expressed as $\frac{m}{n}$, where $m$ and $n$ are relatively prime positive integers. Compute $m + n$.",aime_ready_integers,N/A,
1926,,BMT 2020 Team #23,2020,Algebra,BMT,5.0,,Let $0 < \theta < 2\pi$ be a real number for which $\cos(\theta) + \cos(2\theta) + \cos(3\theta) + \cdots + \cos(2020\theta) = 0$ and $\theta = \frac{\pi}{n}$ for some positive integer $n$. Compute the sum of the possible values of $n \leq 2020$.,large_integers,Let $0 < \theta < 2\pi$ be a real number for which $\cos(\theta) + \cos(2\theta) + \cos(3\theta) + \cdots + \cos(2020\theta) = 0$ and $\theta = \frac{\pi}{n}$ for some positive integer $n$. Let $n$ be the sum of the possible values of $n \leq 2020$. Find the remainder when $n$ is divided by 1000.,
8078,,BMT 2020 Team #24,2020,Algebra,BMT,6.5,,"For positive integers $N$ and $m$, where $m \leq N$, define
$$
a_{m,N} = \frac{1}{\binom{N+1}{m}} \sum_{i=m-1}^{N-1} \binom{i}{m-1} \binom{N-i}{1}.
$$
Compute the smallest positive integer $N$ such that
$$
\sum_{m=1}^N a_{m,N} > 2020\frac{N}{N+1}.
$$",large_integers,"Let $n$ be the smallest positive integer $N$ such that
$$
\sum_{m=1}^N a_{m,N} > 2020\frac{N}{N+1}.
$$
Find the remainder when $n$ is divided by 1000.",
2021,,BMT 2021 General #1,2021,Algebra,BMT,1.0,,Carson and Emily attend different schools. Emily's school has four times as many students as Carson's school. The total number of students in both schools combined is 10105. How many students go to Carson's school?,large_integers,Carson and Emily attend different schools. Emily's school has four times as many students as Carson's school. The total number of students in both schools combined is 10105. Let n be the number of students who go to Carson's school. Find the remainder when n is divided by 1000.,
81,,BMT 2021 General #2,2021,Algebra,BMT,1.0,,Let $x$ be a real number such that $x^{2}-x+1=7$ and $x^{2}+x+1=13$. Compute the value of $x^{4}$.,aime_ready_integers,N/A,
3,,BMT 2021 General #3,2021,Geometry,BMT,1.5,,"A scalene acute triangle has angles whose measures (in degrees) are whole numbers. What is the smallest possible measure of one of the angles, in degrees?",aime_ready_integers,N/A,
20/21,,BMT 2021 General #4,2021,Algebra,BMT,1.5,,"Moor and Samantha are drinking tea at a constant rate. If Moor starts drinking tea at 8:00am, he will finish drinking 7 cups of tea by 12:00pm. If Samantha joins Moor at 10:00am, they will finish drinking the 7 cups of tea by 11:15am. How many hours would it take Samantha to drink 1 cup of tea?",fractions,"Let s be the number of hours it would take Samantha to drink 1 cup of tea. If s can be expressed as m/n, where m and n are relatively prime positive integers, what is the sum of m and n?",
29,,BMT 2021 General #5,2021,Counting,BMT,1.5,,"Bill divides a $28\times30$ rectangular board into two smaller rectangular boards with a single straight cut, so that the side lengths of both boards are positive whole numbers. How many different pairs of rectangular boards, up to congruence and arrangement, can Bill possibly obtain? (For instance, a cut that is 1 unit away from either of the edges with length 28 will result in the same pair of boards: either way, one would end up with a $1\times28$ board and a $29\times28$ board.)",aime_ready_integers,N/A,
240π,,BMT 2021 General #6,2021,Geometry,BMT,1.5,,"A toilet paper roll is a cylinder of radius 8 and height 6 with a hole in the shape of a cylinder of radius 2 and the same height. That is, the bases of the roll are annuli with inner radius 2 and outer radius 8. Compute the surface area of the roll.",pi,"A toilet paper roll is a cylinder of radius 8 and height 6 with a hole in the shape of a cylinder of radius 2 and the same height. That is, the bases of the roll are annuli with inner radius 2 and outer radius 8. Let n be the surface area of the roll. If n can be written as aπ, where a is a positive integer, find a.",
101,,BMT 2021 General #7,2021,Number Theory,BMT,1.5,,"Alice is counting up by fives, starting with the number 3. Meanwhile, Bob is counting down by fours, starting with the number 2021. How many numbers between 3 and 2021, inclusive, are counted by both Alice and Bob?",aime_ready_integers,N/A,
1/8,,BMT 2021 General #9,2021,Counting,BMT,2.0,,"Rakesh is flipping a fair coin repeatedly. If T denotes the event where the coin lands on tails and H denotes the event where the coin lands on heads, what is the probability Rakesh flips the sequence HHH before the sequence THH?",fractions,"Rakesh is flipping a fair coin repeatedly. If T denotes the event where the coin lands on tails and H denotes the event where the coin lands on heads, let s be the probability Rakesh flips the sequence HHH before the sequence THH. If s can be expressed as m/n, where m and n are relatively prime positive integers, what is the value of m + n?",
10,,BMT 2021 General #10,2021,Geometry,BMT,2.0,,"Triangle $\triangle ABC$ has side lengths $AB=AC=27$ and $BC=18.$ Point D is on $\overline{AB}$ and point E
is on $\overline{AC}$ such that $\angle BCD=\angle CBE=\angle BAC.$ Compute DE.",aime_ready_integers,N/A,
3091,,BMT 2021 General #11,2021,Counting,BMT,2.5,,"Compute the number of sequences of five positive integers $a_{1},...,a_{5}$ where all $a_{i}\le5$ and the greatest common divisor of all five integers is 1.",large_integers,"Compute the number of sequences of five positive integers $a_{1},...,a_{5}$ where all $a_{i}\le5$ and the greatest common divisor of all five integers is 1. Let n be this quantity. Find the remainder when n is divided by 1000.",
-3/4042,,BMT 2021 General #12,2021,Algebra,BMT,2.5,,"Let $a,$ $b,$ and $c$ be the solutions of the equation
$$
x^{3}-3\cdot2021^{2}x=2\cdot2021^{3}
$$
Compute
$$
\frac{1}{a}+\frac{1}{b}+\frac{1}{c}.
$$",fractions,"Let $a,$ $b,$ and $c$ be the solutions of the equation
$$
x^{3}-3\cdot2021^{2}x=2\cdot2021^{3}
$$
Let s be the sum $\frac{1}{a}+\frac{1}{b}+\frac{1}{c}$. If s can be expressed as m/n, where m and n are relatively prime positive integers, find m + n.",
65/1296,,BMT 2021 General #13,2021,Counting,BMT,2.5,,A six-sided die is rolled four times. What is the probability that the minimum value of the four rolls is 4?,fractions,"A six-sided die is rolled four times. Let s be the probability that the minimum value of the four rolls is 4. If s can be expressed as m/n, where m and n are relatively prime positive integers, find m + n.",
0,,BMT 2021 General #14,2021,Algebra,BMT,3.0,,"Let $r_{1},r_{2},...,r_{47}$ be the roots of $x^{47}-1=0$ Compute
$$
\sum_{i=1}^{47}r_{i}^{2020}.
$$",aime_ready_integers,N/A,
17/4,,BMT 2021 General #15,2021,Counting,BMT,3.0,,"Benji has a $2\times2$ grid, which he proceeds to place chips on. One by one, he places a chip on one of the unit squares of the grid at random. However, if at any point there is more than one chip on the same square, Benji moves two chips on that square to the two adjacent squares, which he calls a chip-fire. He keeps adding chips until there is an infinite loop of chip-fires. What is the expected number of chips that will be added to the board?",fractions,"Benji has a $2\times2$ grid, which he proceeds to place chips on. One by one, he places a chip on one of the unit squares of the grid at random. However, if at any point there is more than one chip on the same square, Benji moves two chips on that square to the two adjacent squares, which he calls a chip-fire. He keeps adding chips until there is an infinite loop of chip-fires. Let s be the expected number of chips that will be added to the board. If s can be expressed as m/n, where m and n are relatively prime positive integers, find m + n.",
31/72,,BMT 2021 General #16,2021,Counting,BMT,3.0,,"Jason and Valerie agree to meet for game night, which runs from 4:00 PM to 5:00 PM. Jason and Valerie each choose a random time from 4:00 PM to 5:00 PM to show up. If Jason arrives first, he will wait 20 minutes for Valerie before leaving. If Valerie arrives first, she will wait 10 minutes for Jason before leaving. What is the probability that Jason and Valerie successfully meet each other for game night?",fractions,"Let s be the probability that Jason and Valerie successfully meet each other for game night. If s can be expressed as m/n, where m and n are relatively prime positive integers, what is the value of m + n?",
2,,BMT 2021 General #17,2021,Algebra,BMT,3.0,,Simplify $\sqrt[4]{17+12\sqrt{2}}-\sqrt[4]{17-12\sqrt{2}}.$,aime_ready_integers,N/A,
2√37,,BMT 2021 General #18,2021,Counting,BMT,3.5,,"In quadrilateral ABCD, suppose that $\overline{CD}$ is perpendicular to $\overline{BC}$ and $\overline{DA}$. Point E is chosen on segment $\overline{CD}$ such that $\angle AED=\angle BEC$. If $AB=6$, $AD=7$, and $\angle ABC=120^{\circ}$, compute $AE+EB$",roots,"In quadrilateral ABCD, suppose that $\overline{CD}$ is perpendicular to $\overline{BC}$ and $\overline{DA}$. Point E is chosen on segment $\overline{CD}$ such that $\angle AED=\angle BEC$. If $AB=6$, $AD=7$, and $\angle ABC=120^{\circ}$, let x be the sum of the lengths of $AE$ and $EB$. If x can be written as 2√n, where n is not divisible by the square of a prime, find n.",
233,,BMT 2021 General #19,2021,Counting,BMT,3.5,,"How many three-digit numbers $abc$ have the property that when it is added to $cba$, the number obtained by reversing its digits, the result is a palindrome? (Note that $cba$ is not necessarily a three-digit number since before reversing, $c$ may be equal to 0.)",aime_ready_integers,N/A,
16,,BMT 2021 General #20,2021,Algebra,BMT,3.5,,"For some positive integer n
$$
(1+i)+(1+i)^{2}+(1+i)^{3}+\cdot\cdot\cdot+(1+i)^{n}=(n^{2}-1)(1-i),
$$
where $i=\sqrt{-1}$ Compute the value of n.",aime_ready_integers,N/A,
7,,BMT 2021 General #21,2021,Algebra,BMT,4.0,,There exist integers a and b such that $(1+\sqrt{2})^{12}=a+b\sqrt{2}$. Compute the remainder when ab is divided by 13.,aime_ready_integers,N/A,
2/17,,BMT 2021 General #22,2021,Counting,BMT,4.0,,"Austin is at the Lincoln Airport. He wants to take 5 successive flights whose destinations are randomly chosen among Indianapolis, Jackson, Kansas City, Lincoln, and Milwaukee. The origin and destination of each flight may not be the same city, but Austin must arrive back at Lincoln on the last of his flights. Compute the probability that the cities Austin arrives at are all distinct.",fractions,"Austin is at the Lincoln Airport. He wants to take 5 successive flights whose destinations are randomly chosen among Indianapolis, Jackson, Kansas City, Lincoln, and Milwaukee. The origin and destination of each flight may not be the same city, but Austin must arrive back at Lincoln on the last of his flights. Let s be the probability that the cities Austin arrives at are all distinct. If s can be expressed as m/n, where m and n are relatively prime positive integers, find m + n.",
784,,BMT 2021 General #23,2021,Counting,BMT,4.0,,"Shivani has a single square with vertices labeled ABCD. She is able to perform the following transformations:
1. She does nothing to the square.
2. She rotates the square by 90, 180, or 270 degrees.
3. She reflects the square over one of its four lines of symmetry.
For the first three timesteps, Shivani only performs reflections or does nothing. Then for the next three timesteps, she only performs rotations or does nothing. She ends up back in the square's original configuration. Compute the number of distinct ways she could have achieved this.",aime_ready_integers,N/A,
30,,BMT 2021 General #24,2021,Algebra,BMT,4.5,,"Given that $x$ , $y$, and $z$ are a combination of positive integers such that $xyz=2(x+y+z)$, compute the sum of all possible values of $x+y+z$.",aime_ready_integers,N/A,
1/(3*2^2021),,BMT 2021 General #25,2021,Geometry,BMT,4.5,,"Let ABMT be a triangle with $BT=1$ and height 1. Let $O_{0}$ be the centroid of $\triangle BMT.$ and let $BO_{0}$ and $TO_{0}$ intersect $\overline{MT}$ and BM at $B_{1}$ and $T_{1}$, respectively. Similarly, let $O_{1}$ be the centroid of $\triangle B_{1}MT_{1}$, and in the same way, denote the centroid of $\triangle B_{n}MT_{n}$ by $O_{n}$, the intersection of $\overline{BO_{n}}$ with $\overline{MT}$ by $B_{n+1}$, and the intersection of $\overline{TO_{n}}$ with $\overline{BM}$ by $T_{n+1}$. Compute the area of quadrilateral $MBO_{2021}T$.",misc,N/A,
20,,BMT 2021 Algebra #2,2021,Algebra,BMT,2.5,,Let $f$ and $g$ be linear functions such that $f(g(2021))-g(f(2021))=20.$ Compute $f(g(2022))-$ $g(f(2022)).$ (Note: A function $h$ is linear if $h(x)=ax+b$ for all real numbers $x$.),aime_ready_integers,N/A,
9/4,,BMT 2021 Algebra #3,2021,Algebra,BMT,3.0,,"Let $x$ be a solution to the equation $\lfloor x\lfloor x+2\rfloor+2\rfloor=10$ Compute the smallest C such that for any solution $x$ , $x<C$ Here, $\lfloor m\rfloor$ is defined as the greatest integer less than or equal to m.
For example, $\lfloor3\rfloor=3$ and $\lfloor-4.25\rfloor=-5$",fractions,"Let $x$ be a solution to the equation $\lfloor x\lfloor x+2\rfloor+2\rfloor=10$. Let $s$ be the smallest upper bound such that for any solution $x$, $x<s$. If $s$ can be expressed as $m/n$, where $m$ and $n$ are relatively prime positive integers, find $m+n$.",
1,,BMT 2021 Algebra #4,2021,Algebra,BMT,3.5,,Let $\theta$ be a real number such that $1+\sin 2\theta-(\frac{1}{2}\sin 2\theta)^{2}=0.$ Compute the maximum value of $(1+\sin \theta)(1+\cos \theta).$,aime_ready_integers,N/A,
-1/2021,,BMT 2021 Algebra #5,2021,Algebra,BMT,3.5,,"Compute the sum of the real solutions to $\lfloor x\rfloor\{x\}=2020x$ . Here , $\lfloor x\rfloor$ is defined as the greatest integer less than or equal to $z$ , and $\{x\}=x-\lfloor x\rfloor.$",fractions,"Compute the sum of the real solutions to $\lfloor x\rfloor\{x\}=2020x$ . Here , $\lfloor x\rfloor$ is defined as the greatest integer less than or equal to $z$ , and $\{x\}=x-\lfloor x\rfloor.$ Let s be the sum of these solutions. If s can be expressed as m/n, where m and n are relatively prime positive integers, find the value of m + n.",
45/8,,BMT 2021 Algebra #6,2021,Algebra,BMT,6.0,,"Let f be a real function such that for all $x\ne0,x\ne1$
$$f(x)+f(-\frac{1}{x-1})=\frac{9}{4x^{2}}+f(1-\frac{1}{x})$$
Compute $f(\frac{1}{2})$.",fractions,"Let f be a real function such that for all $x\ne0,x\ne1$
$$f(x)+f(-\frac{1}{x-1})=\frac{9}{4x^{2}}+f(1-\frac{1}{x})$$
Let s be the value of f evaluated at $\frac{1}{2}$. If s can be expressed as m/n, where m and n are relatively prime positive integers, find the sum of m and n.",
1010,,BMT 2021 Algebra #7,2021,Algebra,BMT,4.0,,"Let $z_{1},z_{2},...,z_{2020}$ be the roots of the polynomial $z^{2020}+z^{2019}+\cdot\cdot\cdot+z+1$ Compute 

$\sum_{i=1}^{2020}\frac{1}{1-z_{i}^{2020}}\cdot$",large_integers,"Let $z_{1},z_{2},...,z_{2020}$ be the roots of the polynomial $z^{2020}+z^{2019}+\cdot\cdot\cdot+z+1$. Let n be the sum $\sum_{i=1}^{2020}\frac{1}{1-z_{i}^{2020}}$. Find the remainder when n is divided by 1000.",
2^(1/3)/9,,BMT 2021 Algebra #8,2021,Algebra,BMT,5.5,,"Let $f(w)=w^{3}-rw^{2}+sw-\frac{4\sqrt{2}}{27}$ denote a polynomial , where $r^{2}=(\frac{8\sqrt{2}+10}{7});$ . The roots of f correspond to the sides of a right triangle. Compute the smallest possible area of this triangle.",misc,N/A,
1648,,BMT 2021 Algebra #9,2021,Algebra,BMT,7.0,,Compute the sum of the positive integers $n\le100$ for which the polynomial $x^{n}+x+1$ can be written as the product of at least 2 polynomials of positive degree with integer coefficients.,large_integers,"Original problem:
Compute the sum of the positive integers $n\le100$ for which the polynomial $x^{n}+x+1$ can be written as the product of at least 2 polynomials of positive degree with integer coefficients. Let n be this sum. Find the remainder when n is divided by 1000.",
60,,BMT 2021 Algebra #10,2021,Algebra,BMT,8.0,,"Given a positive integer n, define $f_{n}(x)$ to be the number of square-free positive integers k such that $kx\le n$.
Then, define $v(n)$ as $v(n)=\sum_{i=1}^{n}\sum_{j=1}^{n}f_{n}(i^{2})-6f_{n}(ij)+f_{n}(j^{2})$
Compute the largest positive integer $2\le n\le100$ for which $v(n)-v(n-1)$ is negative.
(Note: A square-free positive integer is a positive integer that is not divisible by the square of any prime.)",aime_ready_integers,N/A,
18,,BMT 2021 Discrete #1,2021,Counting,BMT,1.5,,Towa has a hand of three different red cards and three different black cards. How many ways can Towa pick a set of three cards from her hand that uses at least one card of each color?,aime_ready_integers,N/A,
13,,BMT 2021 Discrete #3,2021,Counting,BMT,2.0,,"How many distinct sums can be made from adding together exactly 8 numbers that are chosen from the set \{1,4,7,10\}, where each number in the set is chosen at least once? (For example, one possible sum is $1+1+1+4+7+7+10+10=41.$)",aime_ready_integers,N/A,
5/84,,BMT 2021 Discrete #4,2021,Counting,BMT,2.5,,Derek and Julia are two of 64 players at a casual basketball tournament. The players split up into 8 teams of 8 players at random. Each team then randomly selects 2 captains among their players. What is the probability that both Derek and Julia are captains?,fractions,"Derek and Julia are two of 64 players at a casual basketball tournament. The players split up into 8 teams of 8 players at random. Each team then randomly selects 2 captains among their players. Let s be the probability that both Derek and Julia are captains. If s can be expressed as m/n, where m and n are relatively prime positive integers, what is m + n?",
93,,BMT 2021 Discrete #6,2021,Number Theory,BMT,4.0,,"Compute the sum of all positive integers n such that $n^{n}$ has 325 positive integer divisors. (For example, $4^{4}=256$ has 9 positive integer divisors: 1, 2, 4, 8, 16, 32, 64, 128, 256.)",aime_ready_integers,N/A,
377,,BMT 2021 Discrete #7,2021,Number Theory,BMT,5.5,,"For a given positive integer n, you may perform a series of steps. At each step, you may apply an operation: you may increase your number by one, or if your number is divisible by 2, you may divide your number by 2. Let $l(n)$ be the minimum number of operations needed to transform the number n to 1 (for example, $l(1)=0$ and $l(7)=4)$. How many positive integers n are there such that $l(n)\le12!$",aime_ready_integers,N/A,
10/19,,BMT 2021 Discrete #8,2021,Counting,BMT,5.0,,"Consider the randomly generated base 10 real number $r=0.\overline{p_{0}p_{1}p_{2}...}$ where each $p_{i}$ is a digit from 0 to 9, inclusive, generated as follows: $p_{0}$ is generated uniformly at random from 0 to 9, inclusive, and for all $i\ge0$ $p_{i+1}$ is generated uniformly at random from $p_{i}$ to 9, inclusive. Compute the expected value of r.",fractions,"Consider the randomly generated base 10 real number $r=0.\overline{p_{0}p_{1}p_{2}...}$ where each $p_{i}$ is a digit from 0 to 9, inclusive, generated as follows: $p_{0}$ is generated uniformly at random from 0 to 9, inclusive, and for all $i\ge0$ $p_{i+1}$ is generated uniformly at random from $p_{i}$ to 9, inclusive. Let s be the expected value of r. If s can be expressed as m/n, where m and n are relatively prime positive integers, find the value of m + n.",
5,,BMT 2021 Discrete #9,2021,Number Theory,BMT,5.5,,"Let $p=101.$ The sum
$
\sum_{k=1}^{10}\frac{1}{\binom{p}{k}}
$
can be written as a fraction of the form
$
\frac{a}{p!}
$
where a is a positive integer. Compute a (mod p).",aime_ready_integers,N/A,
23/24,,BMT 2021 Discrete #10,2021,Counting,BMT,6.5,,"Let N be the number of ways to draw 22 straight edges between 10 labeled points, of which no three are collinear, such that no triangle with vertices among these 10 points is created, and there is at most one edge between any two labeled points . Compute
$
\frac{N}{9!}.
$",fractions,"Let s be the number of ways to draw 22 straight edges between 10 labeled points, of which no three are collinear, such that no triangle with vertices among these 10 points is created, and there is at most one edge between any two labeled points divided by 9!. If s can be expressed as m/n, where m and n are relatively prime positive integers, find the sum of m and n.",
140,,BMT 2021 Geometry #1,2021,Geometry,BMT,2.0,,"Shreyas has a rectangular piece of paper ABCD such that $AB=20$ and $AD=21$ Given that Shreyas can make exactly one straight-line cut to split the paper into two pieces, compute the maximum total perimeter of the two pieces.",aime_ready_integers,N/A,
12+7√3,,BMT 2021 Geometry #2,2021,Geometry,BMT,2.0,,"Compute the area of the smallest triangle which can contain six congruent, non-overlapping unit circles.",roots,"Compute the area of the smallest triangle which can contain six congruent, non-overlapping unit circles. Let x be the area of this triangle. If x can be written as m√n + c, where m, n, and c are positive integers and n is not divisible by the square of a prime, find m + n + c.",
2√37,,BMT 2021 Geometry #3,2021,Geometry,BMT,2.5,,"In quadrilateral ABCD, suppose that $\overline{CD}$ is perpendicular to $\overline{BC}$ and $\overline{DA}$. Point E is chosen on segment $\overline{CD}$ such that $\angle AED=\angle BEC$. If $AB=6$ $AD=7$, and $\angle ABC=120^{\circ}$, compute $AE+EB.$",roots,"In quadrilateral ABCD, suppose that $\overline{CD}$ is perpendicular to $\overline{BC}$ and $\overline{DA}$. Point E is chosen on segment $\overline{CD}$ such that $\angle AED=\angle BEC$. If $AB=6$ $AD=7$, and $\angle ABC=120^{\circ}$, let x be the sum of the lengths of segments AE and EB. If x can be written as m√n, where m and n are positive integers and n is not divisible by the square of a prime, find m + n.",
2 + 2√2 - 2√3,,BMT 2021 Geometry #4,2021,Geometry,BMT,3.0,,An equilateral polygon has unit side length and alternating interior angle measures of $15^{\circ}$ and $300^{\circ}$ Compute the area of this polygon.,misc,N/A,
56/9,,BMT 2021 Geometry #5,2021,Geometry,BMT,3.5,,"Let circles $\omega_{1}$ and $\omega_{2}$ intersect at P and Q. Let the line externally tangent to both circles that is closer to Q touch $\omega_{1}$ at A and $\omega_{2}$ at B. Let point T lie on segment $\overline{PQ}$ such that $\angle ATB=90^{\circ}$. Given that $AT=6$ $BT=8$, and $PT=4$ compute PQ.",fractions,"Let circles $\omega_{1}$ and $\omega_{2}$ intersect at P and Q. Let the line externally tangent to both circles that is closer to Q touch $\omega_{1}$ at A and $\omega_{2}$ at B. Let point T lie on segment $\overline{PQ}$ such that $\angle ATB=90^{\circ}$. Given that $AT=6$ $BT=8$, and $PT=4$, let s be the length of segment PQ. If s can be expressed as m/n, where m and n are relatively prime positive integers, find the value of m+n.",
√41,,BMT 2021 Geometry #6,2021,Geometry,BMT,3.5,,"Consider 27 unit-cubes assembled into one $3\times3\times3$ cube. Let A and B be two opposite corners of this large cube. Remove the one unit-cube not visible from the exterior, along with all six unit-cubes in the center of each face. Compute the minimum distance an ant has to walk along the surface of the modified cube to get from A to B.",roots,"Consider 27 unit-cubes assembled into one $3\times3\times3$ cube. Let A and B be two opposite corners of this large cube. Remove the one unit-cube not visible from the exterior, along with all six unit-cubes in the center of each face. Let x be the minimum distance an ant has to walk along the surface of the modified cube to get from A to B. If x can be written as √n, where n is not divisible by the square of a prime, find n.",
74√3,,BMT 2021 Geometry #7,2021,Geometry,BMT,4.5,,"The line $l$ passes through vertex B and the interior of regular hexagon ABCDEF. If the distances from $l$ to the vertices A and C are 7 and 4, respectively, compute the area of hexagon ABCDEF.",roots,"A line $l$ passes through vertex B and the interior of a regular hexagon ABCDEF. The distances from $l$ to the vertices A and C are 7 and 4, respectively. Let $x$ be the area of hexagon ABCDEF. If $x$ can be written in the form of $m\sqrt{n}$, where $m$ and $n$ are positive integers and $n$ is not divisible by the square of any prime, find $m + n$.",
112/15,,BMT 2021 Geometry #8,2021,Geometry,BMT,5.0,,"Let $\triangle ABC$ be a triangle with $AB=15$, $AC=13$, $BC=14,$ and circumcenter O. Let $l$ be the line through A perpendicular to segment $\overline{BC}$. Let the circumcircle of $\triangle AOB$ and the circumcircle of $\triangle AOC$ intersect $l$ at points X and Y (other than A), respectively. Compute the length of $\overline{XY}$",fractions,"Let $\triangle ABC$ be a triangle with $AB=15$, $AC=13$, $BC=14,$ and circumcenter O. Let $l$ be the line through A perpendicular to segment $\overline{BC}$. Let the circumcircle of $\triangle AOB$ and the circumcircle of $\triangle AOC$ intersect $l$ at points X and Y (other than A), respectively. Let s be the length of $\overline{XY}$. If s can be expressed as m/n, where m and n are relatively prime positive integers, find the value of m + n.",
(5√3 + 12)/16,,BMT 2021 Geometry #9,2021,Geometry,BMT,5.5,,"Let ABCD be a convex quadrilateral such that $\triangle ABC$ is equilateral. Let P be a point inside the quadrilateral such that $\triangle APD$ is equilateral and $\angle PCD=30^{\circ}$ Given that $CP=2$ and $CD=3$, compute the area of the triangle formed by P, the midpoint of segment $\overline{BC}$ and the midpoint of segment $\overline{AB}$",misc,N/A,
24√2,,BMT 2021 Geometry #10,2021,Geometry,BMT,7.5,,"Consider $\triangle ABC$ such that $CA+AB=3BC.$ Let the incircle $\omega$ touch segments $\overline{CA}$ and $\overline{AB}$ at E and $F,$ respectively, and define P and Q such that segments $\overline{PE}$ and $\overline{QF}$ are diameters of $\omega$. Define the function $\mathcal{D}$ of a point K to be the sum of the distances from K to P and Q (i.e. $\mathcal{D}(K)=KP+KQ).$ Let W, X, Y, and Z be points chosen on lines $\overleftrightarrow{BC}.$ $\overleftrightarrow{CE}.$ $\overleftrightarrow{EF},$ and $\overleftrightarrow{FB}$, respectively. Given that $BC=\sqrt{133}$ and the inradius of $\triangle ABC$ is $\sqrt{14}$, compute the minimum value of $\mathcal{D}(W)+\mathcal{D}(X)+\mathcal{D}(Y)+\mathcal{D}(Z).$",roots,"Consider $\triangle ABC$ such that $CA+AB=3BC.$ Let the incircle $\omega$ touch segments $\overline{CA}$ and $\overline{AB}$ at E and $F,$ respectively, and define P and Q such that segments $\overline{PE}$ and $\overline{QF}$ are diameters of $\omega$. Define the function $\mathcal{D}$ of a point K to be the sum of the distances from K to P and Q (i.e. $\mathcal{D}(K)=KP+KQ).$ Let W, X, Y, and Z be points chosen on lines $\overleftrightarrow{BC}.$ $\overleftrightarrow{CE}.$ $\overleftrightarrow{EF},$ and $\overleftrightarrow{FB}$, respectively. Given that $BC=\sqrt{133}$ and the inradius of $\triangle ABC$ is $\sqrt{14}$, let x be the minimum value of $\mathcal{D}(W)+\mathcal{D}(X)+\mathcal{D}(Y)+\mathcal{D}(Z)$. If x can be written as m√n/k, where m and k are relatively prime positive integers and n is not divisible by the square of a prime, find m + n + k.",
5.97,,BMT 2021 Guts #1,2021,Algebra,BMT,1.5,,"The isoelectric point of glycine is the pH at which it has zero charge. Its charge is $-\frac{1}{3}$ at pH 3.55, while its charge is $\frac{1}{2}$ at pH 9.6. Charge increases linearly with pH. What is the isoelectric point of glycine?",misc,N/A,
125,,BMT 2021 Guts #2,2021,Algebra,BMT,1.5,,"The battery life on a computer decreases at a rate proportional to the display brightness. Austin starts off his day with both his battery life and brightness at 100%. Whenever his battery life (expressed as a percentage) reaches a multiple of 25, he also decreases the brightness of his display to that multiple of 25. If left at 100% brightness, the computer runs out of battery in 1 hour. Compute the amount of time, in minutes, it takes for Austin's computer to reach 0% battery using his modified scheme.",aime_ready_integers,N/A,
5,,BMT 2021 Guts #3,2021,Algebra,BMT,2.0,,Compute $\log_2 6 \cdot \log_3 72 -\log_2 9 - \log_3 8$.,aime_ready_integers,N/A,
10,,BMT 2021 Guts #4,2021,Algebra,BMT,2.0,,Compute the sum of all real solutions to $4^x - 2021 \cdot 2^x + 1024 = 0$.,aime_ready_integers,N/A,
2√7,,BMT 2021 Guts #5,2021,Geometry,BMT,2.5,,"Anthony the ant is at point A of regular tetrahedron ABCD with side length 4. Anthony wishes to crawl on the surface of the tetrahedron to the midpoint of $\overline{BC}$. However, he does not want to touch the interior of face $\triangle ABC,$ since it is covered with lava. What is the shortest distance Anthony must travel?",roots,"Anthony the ant is at point A of regular tetrahedron ABCD with side length 4. Anthony wishes to crawl on the surface of the tetrahedron to the midpoint of $\overline{BC}$. However, he does not want to touch the interior of face $\triangle ABC,$ since it is covered with lava. Let x be the shortest distance Anthony must travel. If x can be written as m√n, where m and n are positive integers and n is not divisible by the square of a prime, find m + n.",
7/20,,BMT 2021 Guts #6,2021,Counting,BMT,2.5,,"Three distinct integers are chosen uniformly at random from the set
\{2021, 2022, 2023, 2024, 2025, 2026, 2027, 2028, 2029, 2030\}.
Compute the probability that their arithmetic mean is an integer.",fractions,"Three distinct integers are chosen uniformly at random from the set
\{2021, 2022, 2023, 2024, 2025, 2026, 2027, 2028, 2029, 2030\}.
Let s be the probability that their arithmetic mean is an integer. If s can be expressed as m/n, where m and n are relatively prime positive integers, find the value of m + n.",
69,,BMT 2021 Guts #7,2021,Number Theory,BMT,2.5,,"Ditty can bench 80 pounds today. Every week, the amount he benches increases by the largest prime factor of the weight he benched in the previous week. For example, since he started benching 80 pounds, next week he would bench 85 pounds. What is the minimum number of weeks from today it takes for Ditty to bench at least 2021 pounds?",aime_ready_integers,N/A,
16/5,,BMT 2021 Guts #8,2021,Geometry,BMT,3.0,,"Let $\overline{AB}$ be a line segment with length 10. Let P be a point on this segment with $AP = 2$. Let $\omega_1$ and $\omega_2$ be the circles with diameters $\overline{AP}$ and $\overline{PB}$ respectively. Let $\overleftrightarrow{XY}$ be a line externally tangent to $\omega_1$ and $\omega_2$ at distinct points X and Y, respectively. Compute the area of $\triangle XPY$.",fractions,"Let $\overline{AB}$ be a line segment with length 10. Let P be a point on this segment with $AP = 2$. Let $\omega_1$ and $\omega_2$ be the circles with diameters $\overline{AP}$ and $\overline{PB}$ respectively. Let $\overleftrightarrow{XY}$ be a line externally tangent to $\omega_1$ and $\omega_2$ at distinct points X and Y, respectively. Let s be the area of $\triangle XPY$. If s can be expressed as m/n, where m and n are relatively prime positive integers, find the value of m + n.",
56,,BMT 2021 Guts #9,2021,Counting,BMT,4.5,,"Druv has a $33 \times 33$ grid of unit squares, and he wants to color each unit square with exactly one of three distinct colors such that he uses all three colors and the number of unit squares with each color is the same. However, he realizes that there are internal sides, or unit line segments that have exactly one unit square on each side, with these two unit squares having different colors. What is the minimum possible number of such internal sides?",aime_ready_integers,N/A,
234,,BMT 2021 Guts #10,2021,Counting,BMT,4.5,,"Compute the number of nonempty subsets S of \{1, 2, 3, 4, 5, 6, 7, 8, 9, 10\} such that $\frac{\max S + \min S}{2}$ is an element of S.",aime_ready_integers,N/A,
322,,BMT 2021 Guts #11,2021,Number Theory,BMT,5.0,,Compute the sum of all prime numbers $p$ with $p \ge 5$ such that $p$ divides $(p+3)^{p-3} + (p+5)^{p-5}$.,aime_ready_integers,N/A,
1/3,,BMT 2021 Guts #12,2021,Geometry,BMT,4.5,,Unit square ABCD is drawn on a plane. Point O is drawn outside of ABCD such that lines $\overleftrightarrow{AO}$ and $\overleftrightarrow{BO}$ are perpendicular. Square FROG is drawn with F on AB such that $AF = \frac{2}{3}$; R is on $\overline{BO}$ and G is on $\overline{AO}$. Extend segment $\overline{OF}$ past $\overline{AB}$ to intersect side $\overline{CD}$ at E. Compute DE.,fractions,"Unit square ABCD is drawn on a plane. Point O is drawn outside of ABCD such that lines $\overleftrightarrow{AO}$ and $\overleftrightarrow{BO}$ are perpendicular. Square FROG is drawn with F on AB such that $AF = \frac{2}{3}$; R is on $\overline{BO}$ and G is on $\overline{AO}$. Extend segment $\overline{OF}$ past $\overline{AB}$ to intersect side $\overline{CD}$ at E. Let s be the length of DE. If s can be expressed as m/n, where m and n are relatively prime positive integers, find m + n.",
246,,BMT 2021 Guts #13,2021,Counting,BMT,4.5,,"How many ways are there to completely fill a $3 \times 3$ grid of unit squares with the letters B, M, and T, assigning exactly one of the three letters to each of the squares, such that no 2 adjacent unit squares contain the same letter? Two unit squares are adjacent if they share a side.",aime_ready_integers,N/A,
1015,,BMT 2021 Guts #14,2021,Number Theory,BMT,5.5,,"Given an integer c, the sequence $a_0, a_1, a_2, ...$ is generated using the recurrence relation $a_0 = c$ and $a_i = a_{i-1}^i + 2021a_{i-1}$ for all $i \ge 1$. Given that $a_0 = c$, let $f(c)$ be the smallest positive integer n such that $a_n - 1$ is a multiple of 47. Compute
$$
\sum_{k=1}^{46} f(k).
$$",large_integers,"Given an integer c, the sequence $a_0, a_1, a_2, ...$ is generated using the recurrence relation $a_0 = c$ and $a_i = a_{i-1}^i + 2021a_{i-1}$ for all $i \ge 1$. Given that $a_0 = c$, let $f(c)$ be the smallest positive integer n such that $a_n - 1$ is a multiple of 47. Let n be the sum of $f(k)$ from $k=1$ to $k=46$. Find the remainder when n is divided by 1000.",
3/2,,BMT 2021 Guts #15,2021,Algebra,BMT,6.0,,"Compute
$$
\frac{\cos(\frac{\pi}{12}) \cos(\frac{\pi}{24}) \cos(\frac{\pi}{48}) \cos(\frac{\pi}{96}) \cdot \cdot \cdot}{\cos(\frac{\pi}{4}) \cos(\frac{\pi}{8}) \cos(\frac{\pi}{16}) \cos(\frac{\pi}{32}) \cdot \cdot \cdot}.
$$",fractions,"Let s be the value of the expression
$$
\frac{\cos(\frac{\pi}{12}) \cos(\frac{\pi}{24}) \cos(\frac{\pi}{48}) \cos(\frac{\pi}{96}) \cdot \cdot \cdot}{\cos(\frac{\pi}{4}) \cos(\frac{\pi}{8}) \cos(\frac{\pi}{16}) \cos(\frac{\pi}{32}) \cdot \cdot \cdot}.
$$
If s can be expressed as m/n, where m and n are relatively prime positive integers, find the value of m + n.",
45,,BMT 2021 Guts #16,2021,Counting,BMT,5.5,,"Sigfried is singing the ABC's 100 times straight, for some reason. It takes him 20 seconds to sing the ABC's once, and he takes a 5 second break in between songs. Normally, he sings the ABC's without messing up, but he gets fatigued when singing correctly repeatedly. For any song, if he sung the previous three songs without messing up, he has a $\frac{1}{2}$ chance of messing up and taking 30 seconds for the song instead. What is the expected number of minutes it takes for Sigfried to sing the ABC's 100 times? Round your answer to the nearest minute.",aime_ready_integers,N/A,
160,,BMT 2021 Guts #17,2021,Geometry,BMT,5.0,,"Triangle $\triangle ABC$ has circumcenter O and orthocenter H. Let D be the foot of the altitude from A to $\overleftrightarrow{BC}$ and suppose $AD = 12$. If $BD = \frac{1}{4}BC$ and $\overleftrightarrow{OH} || \overleftrightarrow{BC}$, compute $AB^2$.",aime_ready_integers,N/A,
(1+√13)/4,,BMT 2021 Guts #18,2021,Algebra,BMT,5.0,,The equation $\sqrt[3]{\sqrt[3]{x - \frac{3}{8}} - \frac{3}{8}} = x^3 + \frac{3}{8}$ has exactly two real positive solutions r and s. Compute $r + s$.,misc,N/A,
(10√21)/3,,BMT 2021 Guts #22,2021,Geometry,BMT,6.0,,"In $\triangle ABC,$ let D and E be points on the angle bisector of $\angle BAC$ such that $\angle ABD = \angle ACE = 90^{\circ}$. Furthermore, let F be the intersection of $\overleftrightarrow{AE}$ and $\overleftrightarrow{BC}$ and let O be the circumcenter of $\triangle AFC$. If $\frac{AB}{AC} = \frac{3}{4}$, $AE = 40$ and $\overline{BD}$ bisects $\overline{EF}$, compute the perpendicular distance from A to $\overleftrightarrow{OF}$.",misc,N/A,
13/9,,BMT 2021 Guts #23,2021,Counting,BMT,6.5,,"Alireza is currently standing at the point (0, 0) in the $x-y$ plane. At any given time, Alireza can move from the point (x, y) to the point $(x+1, y)$ or the point $(x, y+1)$. However, he cannot move to any point of the form $(x, y)$ where $y \equiv 2x \pmod{5}$. Let $p_k$ be the number of paths Alireza can take starting from the point (0, 0) to the point $(k+1, 2k+1)$. Evaluate the sum
$$
\sum_{k=1}^{\infty} \frac{p_k}{5^k}.
$$",fractions,"Alireza is currently standing at the point (0, 0) in the $x-y$ plane. At any given time, Alireza can move from the point (x, y) to the point $(x+1, y)$ or the point $(x, y+1)$. However, he cannot move to any point of the form $(x, y)$ where $y \equiv 2x \pmod{5}$. Let $p_k$ be the number of paths Alireza can take starting from the point (0, 0) to the point $(k+1, 2k+1)$. Let s be the sum of the series
$$
\sum_{k=1}^{\infty} \frac{p_k}{5^k}.
$$
If s can be expressed as the fraction m/n, where m and n are relatively prime positive integers, find the value of m + n.",
330,,BMT 2021 Guts #24,2021,Number Theory,BMT,7.0,,"Suppose that a, b, c, and p are positive integers such that p is a prime number and
$$
a^2 + b^2 + c^2 = ab + bc + ca + 2021p.
$$",aime_ready_integers,N/A,
17,,BmMT 2021 Individual #1,2021,Algebra,BmMT,1.0,,What is the largest number of five dollar footlongs Jimmy can buy with 88 dollars?,aime_ready_integers,N/A,
6,,BmMT 2021 Individual #2,2021,Counting,BmMT,1.0,,"Austin, Derwin, and Sylvia are deciding on roles for BMT 2021. There must be a single Tournament Director and a single Head Problem Writer, but one person cannot take on both roles. In how many ways can the roles be assigned to Austin, Derwin, and Sylvia?",aime_ready_integers,N/A,
21,,BmMT 2021 Individual #3,2021,Counting,BmMT,1.0,,"Sofia has 7 unique shirts. How many ways can she place 2 shirts into a suitcase, where the order in which Sofia places the shirts into the suitcase does not matter?",aime_ready_integers,N/A,
90,,BmMT 2021 Individual #4,2021,Number Theory,BmMT,1.0,,Compute the sum of the prime factors of 2021.,aime_ready_integers,N/A,
252,,BmMT 2021 Individual #5,2021,Geometry,BmMT,1.0,,"A sphere has volume 36 cubic feet. If its radius increases by 100%, then its volume increases by cubic feet. Compute a.",aime_ready_integers,N/A,
110,,BmMT 2021 Individual #6,2021,Algebra,BmMT,1.0,,"The full price of a movie ticket is \$10, but a matinee ticket to the same movie costs only 70% of the full price. If 30% of the tickets sold for the movie are matinee tickets, and the total revenue from movie tickets is \$1001, compute the total number of tickets sold.",aime_ready_integers,N/A,
19,,BmMT 2021 Individual #7,2021,Counting,BmMT,1.5,,Anisa rolls a fair six-sided die twice. The probability that the value Anisa rolls the second time is greater than or equal to the value Anisa rolls the first time can be expressed $\frac{m}{n}$ where m and n are relatively prime positive integers. Compute $m+n$.,aime_ready_integers,N/A,
15,,BmMT 2021 Individual #8,2021,Geometry,BmMT,1.5,,Square ABCD has side length $AB=6$ Let point E be the midpoint of $\overline{BC}$. Line segments $\overline{AC}$ and DE intersect at point F. Compute the area of quadrilateral ABEF.,aime_ready_integers,N/A,
8,,BmMT 2021 Individual #9,2021,Counting,BmMT,1.5,,"Justine has a large bag of candy. She splits the candy equally between herself and her 4 friends, but she needs to discard three candies before dividing so that everyone gets an equal number of candies. Justine then splits her share of the candy between herself and her two siblings, but she needs to discard one candy before dividing so that she and her siblings get an equal number of candies. If Justine had instead split all of the candy that was originally in the large bag between herself and 14 of her classmates, what is the fewest number of candies that she would need to discard before dividing so that Justine and her 14 classmates get an equal number of candies?",aime_ready_integers,N/A,
52,,BmMT 2021 Individual #10,2021,Number Theory,BmMT,1.5,,"For some positive integers a and b, $a^{2}-b^{2}=400.$ If a is even, compute a.",aime_ready_integers,N/A,
8,,BmMT 2021 Individual #12,2021,Algebra,BmMT,2.0,,"Nelson, who never studies for tests, takes several tests in his math class. Each test has a passing
score of $60/100$. Since Nelson's test average is at least $60/100$, he manages to pass the class. If only nonnegative integer scores are attainable on each test, and Nelson gets a different score
on every test, compute the largest possible ratio of tests failed to tests passed. Assume that for
each test, Nelson either passes it or fails it, and the maximum possible score for each test is 100.",aime_ready_integers,N/A,
241,,BmMT 2021 Individual #13,2021,Algebra,BmMT,2.5,,"For each positive integer n, let $f(n)=\frac{n}{n+1}+\frac{n+1}{n}.$ Then $f(1)+f(2)+f(3)+\cdot\cdot\cdot+f(10)$ can be
expressed as where m and n are relatively prime positive integers.
Compute $m+n.$

$\frac{m}{n}$",aime_ready_integers,N/A,
22,,BmMT 2021 Individual #14,2021,Geometry,BmMT,2.5,,"Triangle ABC has point D lying on line segment $\overline{BC}$ between B and C such that triangle
$\triangle ABD$ is equilateral. If the area of triangle ADC is the area of triangle $\triangle ABC$, then
$\frac{1}{4}$
$(\frac{AC}{AB})^{2}$ can be expressed as, where m and n are relatively prime positive integers.
Compute
$m+n.$",aime_ready_integers,N/A,
23,,BmMT 2021 Individual #15,2021,Geometry,BmMT,2.5,,"In hexagon ABCDEF, $AB=60$, $AF=40$, $EF=20,$ $DE=20$, and each pair of adjacent edges
are perpendicular to each other. The probability that a random
point inside hexagon ABCDEF is at least $20\sqrt{2}$ units away from point D can be expressed in
the form $\frac{a-b\pi}{c}$ where a, b, c are positive integers such that $gcd(a,b,c)=1$ Compute $a+b+c.$",aime_ready_integers,N/A,
40,,BmMT 2021 Individual #16,2021,Algebra,BmMT,3.0,,"The equation

$\sqrt{x}+\sqrt{20-x}=\sqrt{20+20x-x^{2}}$

has 4 distinct real solutions, $x_{1}$, $x_{2}$, $x_{3}$, and $x_{4}.$ Compute $x_{1}+x_{2}+x_{3}+x_{4}$.",aime_ready_integers,N/A,
108,,BmMT 2021 Individual #17,2021,Counting,BmMT,3.0,,"How many distinct words with letters chosen from B, M, T have exactly 12 distinct permutations,
given that the words can be of any length, and not all the letters need to be used? For example,
the word BMMT has 12 permutations. Two words are still distinct even if one is a permutation
of the other. For example, BMMT is distinct from TMMB.",aime_ready_integers,N/A,
21,,BmMT 2021 Individual #18,2021,Counting,BmMT,3.5,,"We call a positive integer binary-okay if at least half of the digits in its binary (base 2) repre-
sentation are 1's, but no two 1s are consecutive. For example, $10_{10}=1010_{2}$ and $5_{10}=101_{2}$
are both binary-okay, but $16_{10}=10000_{2}$ and $11_{10}=1011_{2}$ are not. Compute the number of
binary-okay positive integers less than or equal to 2020 (in base 10).",aime_ready_integers,N/A,
31,,BmMT 2021 Individual #19,2021,Geometry,BmMT,3.5,,"A regular octahedron (a polyhedron with 8 equilateral triangles) has side length 2. An ant starts
on the center of one face, and walks on the surface of the octahedron to the center of the opposite
face in as short a path as possible. The square of the distance the ant travels can be expressed
as $\frac{m}{n}$ where m and n are relatively prime positive integers . Compute $m+n$ .",aime_ready_integers,N/A,
17,,BmMT 2021 Individual #20,2021,Number Theory,BmMT,3.5,,"The sum of over all positive factors a of the number 360 can be expressed in the form
$\frac{m}{n}$
where m and n are relatively prime positive integers. Compute $m+n.$",aime_ready_integers,N/A,
24,,BmMT 2021 Team #1,2021,Geometry,BmMT,1.0,,"What is the area of a triangle with side lengths 6, 8, and 10?",aime_ready_integers,N/A,
256,,BmMT 2021 Team #2,2021,Algebra,BmMT,1.0,,"Let $f(n)=\sqrt{n}.$ If $f(f(f(n)))=2$, compute n.",aime_ready_integers,N/A,
5,,BmMT 2021 Team #3,2021,Algebra,BmMT,1.0,,"Anton is buying AguaFina water bottles. Each bottle costs 14 dollars, and Anton buys at least one water bottle. The number of dollars that Anton spends on AguaFina water bottles is a multiple of 10. What is the least number of water bottles he can buy?",aime_ready_integers,N/A,
3,,BmMT 2021 Team #4,2021,Counting,BmMT,1.5,,Alex flips 3 fair coins in a row. The probability that the first and last flips are the same can be expressed in the form $\frac{m}{n}$ for relatively prime positive integers m and n. Compute $m+n$.,aime_ready_integers,N/A,
2,,BmMT 2021 Team #5,2021,Number Theory,BmMT,1.5,,How many prime numbers p satisfy the property that $p^{2}-1$ is not a multiple of 6?,aime_ready_integers,N/A,
15,,BmMT 2021 Team #6,2021,Geometry,BmMT,1.5,,"In right triangle $\triangle ABC$ with $AB=5$, $BC=12$, and $CA=13$, point D lies on $\overline{CA}$ such that $AD=BD$ The length of CD can then be expressed in the form for relatively prime positive integers m and n. Compute $m+n.$",aime_ready_integers,N/A,
105,,BmMT 2021 Team #7,2021,Counting,BmMT,1.5,,"Vivienne is deciding on what courses to take for Spring 2021, and she must choose from four math courses, three computer science courses, and five English courses. Vivienne decides that she will take one English course and two additional courses that are either computer science or math, and the order of the courses does not matter. How many choices does Vivienne have?",aime_ready_integers,N/A,
10,,BmMT 2021 Team #8,2021,Geometry,BmMT,2.0,,Square ABCD has side length 2. Square ACEF is drawn such that B lies inside square ACEF. Compute the area of pentagon AFECD.,aime_ready_integers,N/A,
60,,BmMT 2021 Team #9,2021,Algebra,BmMT,2.0,,"At the Boba Math Tournament, the Blackberry Milk Team has answered 4 out of the first 10 questions on the Boba Round correctly. If they answer all p remaining questions correctly, they will have answered exactly $\frac{9p}{5}%$ of the questions correctly in total. How many questions are on the Boba Round?",aime_ready_integers,N/A,
679,,BmMT 2021 Team #10,2021,Algebra,BmMT,2.0,,"The sum of two positive integers is 2021 less than their product. If one of them is a perfect square, compute the sum of the two numbers.",aime_ready_integers,N/A,
10,,BmMT 2021 Team #11,2021,Geometry,BmMT,2.5,,"Points E and F lie on edges $\overline{BC}$ and $\overline{DA}$ of unit square ABCD, respectively, such that $BE=\frac{1}{3}$ and $DF=\frac{1}{3}$ Line segments $\overline{AE}$ and $\overline{BF}$ intersect at point G. The area of triangle EFG can be written in the form$\frac{m}{n}$ where m and n are relatively prime positive integers. Compute $m+n$",aime_ready_integers,N/A,
1,,BmMT 2021 Team #12,2021,Number Theory,BmMT,2.5,,Compute the number of positive integers $n\le2020$ for which $n^{k+1}$ is a factor of $(1+2+3+\cdot\cdot\cdot+n)^{k}$ for some positive integer k.,aime_ready_integers,N/A,
648,,BmMT 2021 Team #13,2021,Counting,BmMT,2.5,,"How many permutations of 123456 are divisible by their last digit? For instance, 123456 is divisible by 6, but 561234 is not divisible by 4.",aime_ready_integers,N/A,
2,,BmMT 2021 Team #14,2021,Number Theory,BmMT,2.5,,Compute the sum of all possible integer values for n such that $n^{2}-2n-120$ is a positive prime number.,aime_ready_integers,N/A,
13,,BmMT 2021 Team #15,2021,Geometry,BmMT,3.0,,"Triangle $\triangle ABC$ has $AB=\sqrt{10},$ $BC=\sqrt{17},$ and $CA=\sqrt{41}.$ The area of ABC can be expressed in the form for relatively prime positive integers m and n. Compute $m+n$.",aime_ready_integers,N/A,
41,,BmMT 2021 Team #16,2021,Algebra,BmMT,3.5,,"Let
$$f(x)=\frac{1+x^{3}+x^{10}}{1+x^{10}}.$$
Compute
$$f(-20)+f(-19)+f(-18)+\cdot\cdot\cdot+f(20).$$",aime_ready_integers,N/A,
100,,BmMT 2021 Team #17,2021,Counting,BmMT,4.0,,"Leanne and Jing Jing are walking around the xy-plane. In one step, Leanne can move from any point (x, y) to $(x+1,y)$ or $(x,y+1)$ and Jing Jing can move from (x , y) to $(x-2,y+5)$ or $(x+3,y-1)$ The number of ways that Leanne can move from (0,0) to (20,20) is equal to the number of ways that Jing Jing can move from (0,0) to (a, b), where a and b are positive integers. Compute the minimum possible value of $a+b.$",aime_ready_integers,N/A,
43,,BmMT 2021 Team #18,2021,Algebra,BmMT,4.0,,"Compute the number of positive integers $1<k<2021$ such that the equation
$$x+\sqrt{kx}=kx+\sqrt{x}$$
has a positive rational solution for $x$.",aime_ready_integers,N/A,
250,,BmMT 2021 Team #19,2021,Geometry,BmMT,4.5,,"In triangle $\triangle ABC$ point D lies on $\overline{BC}$ with $\overline{AD}\perp\overline{BC}$ If $BD=3AD$, and the area of $\triangle ABC$ is 15, then the minimum value of $AC^{2}$ is of the form $p\sqrt{q}-r,$ where p, q, and rare positive integers and q is not divisible by the square of any prime number. Compute $p+q+r$",aime_ready_integers,N/A,
28,,BmMT 2021 Team #20,2021,Number Theory,BmMT,5.0,,"Suppose the decimal representation of $\frac{1}{n}$ is in the form $0.p_{1}p_{2}...p_{j}\overline{d_{1}d_{2}...d_{k}}$ where $p_{1},...,p_{j},d_{1}$ $\frac{1}{n}$ $...,d_{k}$ are decimal digits, and j and k are the smallest possible nonnegative integers (i.e. it's possible for $j=0$ or $k=0)$ . We define the preperiod of $\frac{1}{n}$ to be j and the period of $\frac{1}{n}$ to be k . For example, $\frac{1}{6}=0.16666...$ has preperiod 1 and period 1, $\frac{1}{7}=0.\overline{142857}$ has preperiod 0 and period 6, and $\frac{1}{4}=0.25$ has preperiod 2 and period 0. What is the smallest positive integer n such that the sum of the preperiod and period of is 8? $\frac{1}{n}$",aime_ready_integers,N/A,
528,,BMT 2022 General #1,2022,Number Theory,BMT,1.0,,What is the sum of all two-digit odd numbers whose digits are all greater than 6?,aime_ready_integers,N/A,
20,,BMT 2022 General #2,2022,Algebra,BMT,1.0,,Define an operation as $a\diamond b=12a-10b$ Compute the value of $((((20\diamond22)\diamond22)\diamond22)\diamond22)$.,aime_ready_integers,N/A,
18,,BMT 2022 General #3,2022,Counting,BMT,1.0,,"For lunch, Lamy, Botan, Nene, and Polka each choose one of three options: a hot dog, a slice of pizza, or a hamburger. Lamy and Botan choose different items, and Nene and Polka choose the same item. In how many ways could they choose their items?",aime_ready_integers,N/A,
3,,BMT 2022 General #5,2022,Number Theory,BMT,1.0,,Compute the last digit of $(5^{20}+2)^{3}$.,aime_ready_integers,N/A,
√5,,BMT 2022 General #6,2022,Geometry,BMT,1.0,,"To fold a paper airplane, Austin starts with a square paper FOLD with side length 2. First, he folds corners Land D to the square's center. Then, he folds corner F to corner O. What is the longest distance between two corners of the resulting figure?",roots,"Austin begins with a square piece of paper FOLD with side length 2. He first folds corners Land D to the square's center. Next, he folds corner F to corner O. Let x be the longest distance between two corners of the resulting figure. If x can be written as √n, where n is not divisible by the square of a prime, find n.",
61/36,,BMT 2022 General #7,2022,Algebra,BMT,1.5,,"Let $f(x)=x^{2}+\lfloor x\rfloor^{2}-2x\lfloor x\rfloor+1$ Compute $f(4+\frac{5}{6}).$ (Here, $\lfloor m\rfloor$ is defined as the greatest integer less than or equal to m. For example, $\lfloor3\rfloor=3$ and $\lfloor-4.25\rfloor=-5.$)",fractions,"Let $f(x)=x^{2}+\lfloor x\rfloor^{2}-2x\lfloor x\rfloor+1$. Let s be the value of $f(4+\frac{5}{6}).$ If s can be expressed as m/n, where m and n are relatively prime positive integers, find m + n.",
4/9,,BMT 2022 General #8,2022,,BMT,1.5,,"Oliver is at a carnival. He is offered to play a game where he rolls a fair dice and receives \$1 if his roll is a 1 or 2, receives \$2 if his roll is a 3 or 4, and receives \$3 if his roll is a 5 or 6. Oliver plays the game repeatedly until he has received a total of at least \$2. What is the probability that he ends with \$3?",fractions,"Oliver is at a carnival. He is offered to play a game where he rolls a fair dice and receives \$1 if his roll is a 1 or 2, receives \$2 if his roll is a 3 or 4, and receives \$3 if his roll is a 5 or 6. Oliver plays the game repeatedly until he has received a total of at least \$2. Let s be the probability that he ends with \$3. If s can be expressed as m/n, where m and n are relatively prime positive integers, find m + n.",
160,,BMT 2022 General #9,2022,,BMT,2.0,,"What is the measure of the largest convex angle formed by the hour and minute hands of a clock between 1:45 PM and 2:40 PM, in degrees? Convex angles always have a measure of less than 180 degrees.",aime_ready_integers,N/A,
4,,BMT 2022 General #10,2022,,BMT,2.0,,"Each box in the equation
$$
\Box\times\Box\times\Box-\Box\times\Box\times\Box=9
$$
is filled in with a different number in the list 2, 3, 4, 5, 6, 7, 8 so that the equation is true. Which number in the list is not used to fill in a box?",aime_ready_integers,N/A,
4,,BMT 2022 General #11,2022,,BMT,2.0,,"The equation
$$
4^{x}-5\cdot2^{x+1}+16=0
$$
has two integer solutions for z. Find their sum.",aime_ready_integers,N/A,
71,,BMT 2022 General #12,2022,,BMT,2.0,,"Parallelograms ABGF, CDGB and EFGD are drawn so that ABCDEF is a convex hexagon. If $\angle ABG=53^{\circ}$ and $\angle CDG=56^{\circ}$ what is the measure of $\angle EFG$, in degrees?",aime_ready_integers,N/A,
1/18,,BMT 2022 General #13,2022,,BMT,2.0,,Three standard six-sided dice are rolled. What is the probability that the product of the values on the top faces of the three dice is a perfect cube?,fractions,"Three standard six-sided dice are rolled. Let s be the probability that the product of the values on the top faces of the three dice is a perfect cube. If s can be expressed as m/n, where m and n are relatively prime positive integers, find m + n.",
11,,BMT 2022 General #14,2022,,BMT,2.0,,Compute the number of positive integer divisors of 100000 which do not contain the digit 0.,aime_ready_integers,N/A,
180,,BMT 2022 General #15,2022,,BMT,2.5,,"Sohom constructs a square $BERK$ of side length $10$. Darlnim adds points $T$, $O$, $W$, and $N$, which are the midpoints of $\overline{BE}$, $\overline{ER}$, $\overline{RK}$, and $\overline{KB}$, respectively. Lastly, Sylvia constructs square $CALI$ whose edges contain the vertices of $BERK$, such that $\overline{CA}$ is parallel to $\overline{BO}.$ Compute the area of $CALI$.",aime_ready_integers,N/A,
64,,BMT 2022 General #16,2022,,BMT,2.5,,"A street on Stanford can be modeled by a number line. Four Stanford students, located at positions 1, 9, 25 and 49 along the line, want to take an UberXL to Berkeley, but are not sure where to meet the driver. Find the smallest possible total distance walked by the students to a single position on the street. (For example, if they were to meet at position 46, then the total distance walked by the students would be $45+37+21+3=106$, where the distances walked by the students at positions 1, 9, 25 and 49 are summed in that order.)",aime_ready_integers,N/A,
160,,BMT 2022 General #17,2022,,BMT,3.0,,"Midori and Momoi are arguing over chores. Each of 5 chores may either be done by Midori, done by Momoi, or put off for tomorrow. Today, each of them must complete at least one chore, and more than half of the chores must be completed. How many ways can they assign chores for today? (The order in which chores are completed does not matter.)",aime_ready_integers,N/A,
6√3 + 4π,,BMT 2022 General #18,2022,,BMT,3.0,,"Let equilateral triangle ABC be inscribed in a circle $\omega_{1}$ with radius 4. Consider another circle $\omega_{2}$ with radius 2 internally tangent to $\omega_{1}$ at A. Let $\omega_{2}$ intersect sides $\overline{AB}$ and $\overline{AC}$ at D and E, respectively. Compute the area of the shaded region.",pi,"Let equilateral triangle ABC be inscribed in a circle $\omega_{1}$ with radius 4. Consider another circle $\omega_{2}$ with radius 2 internally tangent to $\omega_{1}$ at A. Let $\omega_{2}$ intersect sides $\overline{AB}$ and $\overline{AC}$ at D and E, respectively. Let n be the area of the shaded region. If n can be written as aπ + b√c, where a, b, and c are positive integers, find a + b + c.",
-1/8,,BMT 2022 General #19,2022,,BMT,3.5,,"Suppose we have four real numbers a, b, c, d such that a is nonzero, a, b, form a geometric sequence, in that order, and b, c, d form an arithmetic sequence, in that order. Compute the smallest possible value of $\frac{d}{a}$ (A geometric sequence is one where every succeeding term can be written as the previous term multiplied by a constant, and an arithmetic sequence is one where every succeeeding term can be written as the previous term added to a constant.)",fractions,"Suppose we have four real numbers a, b, c, d such that a is nonzero, a, b, form a geometric sequence, in that order, and b, c, d form an arithmetic sequence, in that order. Let s be the smallest possible value of $\frac{d}{a}$. If s can be expressed as m/n, where m and n are relatively prime positive integers, find the value of m + n.",
43,,BMT 2022 General #20,2022,,BMT,4.0,,"The game Boddle uses eight cards numbered 6, 11, 12, 14, 24, 47, 54, and n, where $0<n<56$. An integer D is announced, and players try to obtain two cards, which are not necessarily distinct, such that one of their differences (positive or negative) is congruent to D modulo 57. For example, if $D=27$, then the pair 24 and 54 would work because $24-54\equiv27$ mod 57. Compute n such that this task is always possible for all D.",aime_ready_integers,N/A,
15√3/4,,BMT 2022 General #21,2022,,BMT,4.0,,"On regular hexagon GOBEAR with side length 2, bears are initially placed at G, B, A, forming an equilateral triangle. At time $t=0$, all of them move clockwise along the sides of the hexagon at the same pace, stopping once they have each traveled 1 unit. What is the total area swept out by the triangle formed by the three bears during their journey?",roots,"In a regular hexagon GOBEAR with side length 2, bears are initially located at the vertices G, B, A, thereby creating an equilateral triangle. At time $t=0$, all the bears start moving clockwise along the sides of the hexagon at the same speed, and stop once they have all travelled a distance of 1 unit. Let x be the total area swept out by the triangle formed by the three bears during their journey. If x can be written in the form of m√n/k, where m, n, and k are positive integers, m and k are relatively prime, and n is not divisible by the square of any prime, find the value of m + n + k.",
397,,BMT 2022 General #22,2022,,BMT,4.5,,"Given a positive integer n, let $s(n)$ denote the sum of the digits of n. Compute the largest positive integer n such that $n=s(n)^{2}+2s(n)-2$.",aime_ready_integers,N/A,
48,,BMT 2022 General #23,2022,,BMT,4.5,,"For real numbers B, M, and T, we have $B^{2}+M^{2}+T^{2}=2022$ and $B+M+T=72$ Compute the sum of the minimum and maximum possible values of T.",aime_ready_integers,N/A,
72/5,,BMT 2022 General #24,2022,,BMT,4.0,,"Triangle ABMT has $BM=4$, $BT=6$, and $MT=8.$ Point A lies on line $\overleftrightarrow{BM}$ and point Y lies on line $\overleftrightarrow{BT}$ such that $\overline{AY}$ is parallel to $\overline{MT}$ and the center of the circle inscribed in triangle ABAY lies on $\overline{MT}.$ Compute AY.",fractions,"Triangle ABMT has $BM=4$, $BT=6$, and $MT=8.$ Point A lies on line $\overleftrightarrow{BM}$ and point Y lies on line $\overleftrightarrow{BT}$ such that $\overline{AY}$ is parallel to $\overline{MT}$ and the center of the circle inscribed in triangle ABAY lies on $\overline{MT}.$ Let s be the length of segment AY. If s can be expressed as m/n, where m and n are relatively prime positive integers, what is the value of m + n?",
111/128,,BMT 2022 General #25,2022,,BMT,5.0,,"Bayus has eight slips of paper, which are labeled 1, 2, 4, 8, 16, 32, 64, and 128. Uniformly at random, he draws three slips with replacement; suppose the three slips he draws are labeled a, $b,$ and c. What is the probability that Bayus can form a quadratic polynomial with coefficients a, $b,$ and c, in some order, with 2 distinct real roots?",fractions,"Bayus has eight slips of paper, which are labeled 1, 2, 4, 8, 16, 32, 64, and 128. Uniformly at random, he draws three slips with replacement; suppose the three slips he draws are labeled a, $b,$ and c. Let s be the probability that Bayus can form a quadratic polynomial with coefficients a, $b,$ and c, in some order, with 2 distinct real roots. If s can be expressed as m/n, where m and n are relatively prime positive integers, find the value of m + n.",
"[674/15,2023/45)",,BMT 2022 Algebra #4,2022,Algebra,BMT,3.0,,"Find all real $x$ such that
$$\lfloor x\lceil x\rceil\rfloor=2022.$$
Express your answer in interval notation. (Here, $\lfloor m\rfloor$ is defined as the greatest integer less than or equal to m. For example, $\lfloor3\rfloor=3$ and $\lfloor-4.25\rfloor=-5$. In addition, $\lceil m\rceil$ is defined as the least integer greater than or equal to m. For example, $\lceil2\rceil=2$ and $\lceil-3.25\rceil=-3.$",misc,N/A,
6723,,BMT 2022 Algebra #6,2022,Algebra,BMT,4.0,,"The degree-6 polynomial f satisfies $f(7)-f(1)=1$, $f(8)-f(2)=16$ , $f(9)-f(3)=81$, $f(10)-f(4)=256$ and $f(11)-f(5)=625$ Compute $f(15)-f(-3)$",large_integers,"Original problem:
The degree-6 polynomial f satisfies $f(7)-f(1)=1$, $f(8)-f(2)=16$ , $f(9)-f(3)=81$, $f(10)-f(4)=256$ and $f(11)-f(5)=625$ Let n be $f(15)-f(-3)$. Find the remainder when n is divided by 1000.",
2025/2023,,BMT 2022 Algebra #7,2022,Algebra,BMT,4.5,,"Let r, s, and t be the distinct roots of $x^{3}-2022x^{2}+2022x+2022.$ Compute
$$\frac{1}{1-r^{2}}+\frac{1}{1-s^{2}}+\frac{1}{1-t^{2}}$$",fractions,"Let r, s, and t be the distinct roots of $x^{3}-2022x^{2}+2022x+2022.$ Let M be the value of
$$\frac{1}{1-r^{2}}+\frac{1}{1-s^{2}}+\frac{1}{1-t^{2}}$$
If M can be expressed as p/q, where p and q are relatively prime positive integers, find p + q.",
2022! + 2^2022 - 1,,BMT 2022 Algebra #8,2022,Algebra,BMT,5.0,,"Given
$$x_{1}x_{2}\cdot\cdot\cdot x_{2022}=1$$
$$(x_{1}+1)(x_{2}+1)\cdot\cdot\cdot(x_{2022}+1)=2$$
$$((x_{1}+2021)(x_{2}+2021)\cdot\cdot\cdot(x_{2022}+2021)=2^{2021},$$
compute
$$((x_{1}+2022)(x_{2}+2022)\cdot\cdot\cdot(x_{2022}+2022).$$",misc,N/A,
10,,BMT 2022 Algebra #9,2022,Algebra,BMT,5.5,,"We define a sequence $=\sqrt{3},x_{2}=-1,x_{3}=2-\sqrt{3},$ and for all $n\ge4$
$$(x_{n}+x_{n-3})(1-x_{n-1}^{2}x_{n-2}^{2})=2x_{n-1}(1+x_{n-2}^{2}).$$
Suppose m is the smallest positive integer for which $x_{m}$ is undefined. Compute m.",aime_ready_integers,N/A,
-674,,BMT 2022 Algebra #10,2022,Algebra,BMT,7.0,,"Let p, q, and r be the roots of the polynomial $f(t)=t^{3}-2022t^{2}+2022t-337.$ Given
$$x=(q-1)(\frac{2022-q}{r-1}+\frac{2022-r}{p-1})$$
$$y=(r-1)(\frac{2022-r}{p-1}+\frac{2022-p}{q-1})$$
$$z=(p-1)(\frac{2022-p}{q-1}+\frac{2022-q}{r-1})$$
compute $xyz -qrx-rpy - pqz$.",negative_integers,"Let p, q, and r be the roots of the polynomial $f(t)=t^{3}-2022t^{2}+2022t-337.$ Given
$$x=(q-1)(\frac{2022-q}{r-1}+\frac{2022-r}{p-1})$$
$$y=(r-1)(\frac{2022-r}{p-1}+\frac{2022-p}{q-1})$$
$$z=(p-1)(\frac{2022-p}{q-1}+\frac{2022-q}{r-1})$$
Denote by n the quantity $xyz -qrx-rpy - pqz$. Find the absolute value of n.",
18,,BMT 2022 Discrete #1,2022,Counting,BMT,1.5,,"For lunch, Lamy, Botan, Nene, and Polka each choose one of three options: a hot dog, a slice of pizza, or a hamburger. Lamy and Botan choose different items, and Nene and Polka choose the same item. In how many ways could they choose their items?",aime_ready_integers,N/A,
25/72,,BMT 2022 Discrete #3,2022,Counting,BMT,2.5,,"Katie and Allie are playing a game. Katie rolls two fair six-sided dice and Allie flips two fair two-sided coins. Katie's score is equal to the sum of the numbers on the top of the dice. Allie's score is the product of the values of two coins, where heads is worth 4 and tails is worth 2. What is the probability Katie's score is strictly greater than Allie's?",fractions,"Katie and Allie are playing a game. Katie rolls two fair six-sided dice and Allie flips two fair two-sided coins. Katie's score is equal to the sum of the numbers on the top of the dice. Allie's score is the product of the values of two coins, where heads is worth 4 and tails is worth 2. Let s be the probability that Katie's score is strictly greater than Allie's. If s can be expressed as m/n, where m and n are relatively prime positive integers, find the value of m + n.",
932,,BMT 2022 Discrete #4,2022,Counting,BMT,3.5,,"Richard and Shreyas are arm wrestling against each other. They will play 10 rounds, and in each round, there is exactly one winner. If the same person wins in consecutive rounds, these rounds are considered part of the same ""streak"". How many possible outcomes are there in which there are strictly more than 3 streaks? For example, if we denote Richard winning by R and Shreyas winning by S, SSRSSRRRRR is one such outcome, with 4 streaks.",aime_ready_integers,N/A,
397,,BMT 2022 Discrete #5,2022,Number Theory,BMT,4.5,,"Given a positive integer n, let $s(n)$ denote the sum of the digits of n. Compute the largest positive integer n such that $n=s(n)^{2}+2s(n)-2$",aime_ready_integers,N/A,
689/45,,BMT 2022 Discrete #7,2022,Counting,BMT,5.0,,"Luke the frog has a standard deck of 52 cards shuffled uniformly at random placed face down on a table. The deck contains four aces and four kings (no card is both an ace and a king). He now begins to flip over the cards one by one, leaving a card face up once he has flipped it over. He continues until the set of cards he has flipped over contains at least one ace and at least one king, at which point he stops. What is the expected value of the number of cards he flips over?",fractions,"Luke the frog has a standard deck of 52 cards shuffled uniformly at random placed face down on a table. The deck contains four aces and four kings (no card is both an ace and a king). He now begins to flip over the cards one by one, leaving a card face up once he has flipped it over. He continues until the set of cards he has flipped over contains at least one ace and at least one king. Let s be the expected value of the number of cards he flips over. If s can be expressed as m/n, where m and n are relatively prime positive integers, find m + n.",
3010,,BMT 2022 Discrete #8,2022,Number Theory,BMT,5.5,,"Define the two sequences $a_{0},a_{1},a_{2},...$ and $b_{0},b_{1},b_{2},...$ by $a_{0}=3$ and $b_{0}=1$ with the recurrence relations $a_{n+1}=3a_{n}+b_{n}$ and $b_{n+1}=3b_{n}-a_{n}$ for all nonnegative integers n. Let r and s be the remainders when $a_{32}$ and $b_{32}$ are divided by 31, respectively. Compute $100r+s$.",large_integers,"Define the two sequences $a_{0},a_{1},a_{2},...$ and $b_{0},b_{1},b_{2},...$ by $a_{0}=3$ and $b_{0}=1$ with the recurrence relations $a_{n+1}=3a_{n}+b_{n}$ and $b_{n+1}=3b_{n}-a_{n}$ for all nonnegative integers n. Let r and s be the remainders when $a_{32}$ and $b_{32}$ are divided by 31, respectively. Let n be the sum of 100 times r and s. Find the remainder when n is divided by 1000.",
1355,,BMT 2022 Discrete #9,2022,Counting,BMT,6.0,,"Lysithea and Felix each have a take-out box, and they want to select among 42 different types of sweets to put in their boxes. They each select an even number of sweets (possibly 0) to put in their box. In each box, there is at most one sweet of any type, although the boxes may have sweets of the same type in common. The total number of sweets they take out is 42. Let N be the number of ways can they select sweets to take out. Compute the remainder when N is divided by $42^{2}-1$.",large_integers,"Lysithea and Felix each have a take-out box, and they want to select among 42 different types of sweets to put in their boxes. They each select an even number of sweets (possibly 0) to put in their box. In each box, there is at most one sweet of any type, although the boxes may have sweets of the same type in common. The total number of sweets they take out is 42. Let N be the number of ways can they select sweets to take out. Find the remainder when N is divided by 1000.",
648,,BMT 2022 Discrete #10,2022,Number Theory,BMT,7.0,,"Compute the number of integer ordered pairs (a, b) such that 10! is a multiple of $a^{2}+b^{2}.$",aime_ready_integers,N/A,
114√1601,,BMT 2022 Geometry #5,2022,Geometry,BMT,3.0,,"Steve has a tricycle which has a front wheel with a radius of 30 cm and back wheels with radii of 10 cm and 9 cm. The axle passing through the centers of the back wheels has a length of 40 cm and is perpendicular to both planes containing the wheels. Since the tricycle is tilted, it goes in a circle as Steve pedals. Steve rides the tricycle until it reaches its original position, so that all of the wheels do not slip or leave the ground. The tires trace out concentric circles on the ground, and the radius of the circle the front wheel traces is the average of the radii of the other two traced circles. Compute the total number of degrees the front wheel rotates. (Express your answer in simplest radical form.)",roots,"Steve has a tricycle which has a front wheel with a radius of 30 cm and back wheels with radii of 10 cm and 9 cm. The axle passing through the centers of the back wheels has a length of 40 cm and is perpendicular to both planes containing the wheels. Since the tricycle is tilted, it goes in a circle as Steve pedals. Steve rides the tricycle until it reaches its original position, so that all of the wheels do not slip or leave the ground. The tires trace out concentric circles on the ground, and the radius of the circle the front wheel traces is the average of the radii of the other two traced circles. Let x be the total number of degrees the front wheel rotates. If x can be written as m√n, where m and n are positive integers and n is not divisible by the square of a prime, find m + n.",
4√35,,BMT 2022 Geometry #7,2022,Geometry,BMT,4.5,,"In triangle $\triangle ABC$ with orthocenter H, the internal angle bisector of $\angle BAC$ intersects $\overline{BC}$ at Y. Given that $AH=4$, $AY=6$, and the distance from Y to $\overline{AC}$ is $\sqrt{15}$ compute BC.",roots,"In triangle $\triangle ABC$ with orthocenter H, the internal angle bisector of $\angle BAC$ intersects $\overline{BC}$ at Y. Given that $AH=4$, $AY=6$, and the distance from Y to $\overline{AC}$ is $\sqrt{15}$, let x denote the length of $\overline{BC}$. If x can be written in the form of $m\sqrt{n}$, where m and n are positive integers and n is not divisible by the square of a prime, find the value of $m + n$.",
(π^3)/4,,BMT 2022 Geometry #8,2022,Geometry,BMT,5.5,,"Anton is playing a game with shapes. He starts with a circle $\omega_{1}$ of radius 1, and to get a new circle $\omega_{2}$, he circumscribes a square about $\omega_{1}$ and then circumscribes circle $\omega_{2}$ about that square. To get another new circle $\omega_{3}$, he circumscribes a regular octagon about circle $\omega_{2}$ and then circumscribes circle $\omega_{3}$ about that octagon. He continues like this, circumscribing a $2^{n}$-gon about $\omega_{n-1}$ and then circumscribing a new circle $\omega_{n}$ about the $2^{n}$-gon. As n increases, the area of $\omega_{n}$ approaches a constant A. Compute A.",misc,N/A,
735,,BMT 2022 Geometry #9,2022,Geometry,BMT,6.5,,"Seven spheres are situated in space such that no three centers are collinear, no four centers are coplanar, and every pair of spheres intersect each other at more than one point. For every pair of spheres, the plane on which the intersection of the two spheres lies in is drawn. What is the least possible number of sets of four planes that intersect in at least one point?",aime_ready_integers,N/A,
2√21,,BMT 2022 Geometry #10,2022,Geometry,BMT,7.0,,"In triangle AABC, E and F are the feet of the altitudes from B to AC and C to $\overline{AB}$, respectively. Line $\overleftrightarrow{BC}$ and the line through A tangent to the circumcircle of ABC intersect at X. Let Y be the intersection of line $\overleftrightarrow{EF}$ and the line through A parallel to $\overline{BC}$. IF $XB=4$ $BC=8$ and $EF=4\sqrt{3}$, compute XY.",roots,"In triangle $ABC$, $E$ and $F$ are the feet of the altitudes from $B$ to $AC$ and $C$ to $\overline{AB}$, respectively. Line $\overleftrightarrow{BC}$ and the line through $A$ tangent to the circumcircle of $ABC$ intersect at $X$. Let $Y$ be the intersection of line $\overleftrightarrow{EF}$ and the line through $A$ parallel to $\overline{BC}$. Given that $XB=4$, $BC=8$, and $EF=4\sqrt{3}$, let $x$ be the length of line segment $XY$. If $x$ can be written as $m\sqrt{n}/k$, where $m$ and $k$ are relatively prime positive integers and $n$ is not divisible by the square of a prime, find $m+n+k$.",
264,,BMT 2022 Guts #1,2022,Number Theory,BMT,1.0,,What is the sum of all positive 2-digit integers whose sum of digits is 16?,aime_ready_integers,N/A,
7/15,,BMT 2022 Guts #2,2022,Counting,BMT,1.5,,A bag has 3 white and 7 black marbles. Arjun picks out one marble without replacement and then a second. What is the probability that Arjun chooses exactly 1 white and 1 black marble?,fractions,"A bag has 3 white and 7 black marbles. Arjun picks out one marble without replacement and then a second. Let s be the probability that Arjun chooses exactly 1 white and 1 black marble. If s can be expressed as m/n, where m and n are relatively prime positive integers, what is m + n?",
21/2,,BMT 2022 Guts #3,2022,Algebra,BMT,1.5,,The polynomial $ax^{2}+bx+c$ crosses the x-axis at $x=10$ and $x=-6$ and crosses the y-axis at $y=10$ Compute $a+b+c.$,fractions,"The polynomial $ax^{2}+bx+c$ crosses the x-axis at $x=10$ and $x=-6$ and crosses the y-axis at $y=10$. Let s be the sum of the coefficients a, b, and c. If s can be expressed as m/n, where m and n are relatively prime positive integers, find m + n.",
5,,BMT 2022 Guts #4,2022,Number Theory,BMT,1.5,,Compute the number of primes less than 40 that are the sum of two primes.,aime_ready_integers,N/A,
24,,BMT 2022 Guts #5,2022,Algebra,BMT,2.0,,"Theo and Wendy are commuting to school from their houses. Theo travels at z miles per hour, while Wendy travels at $x+5$ miles per hour. The school is 4 miles from Theo's house and 10 miles from Wendy's house. If Wendy's commute takes double the amount of time that Theo's commute takes double the amount of time that Theo's commute takes, how many minutes does it take Wendy to get to school?",aime_ready_integers,N/A,
240,,BMT 2022 Guts #6,2022,Geometry,BMT,2.0,,Equilateral triangle ABC has side length 20. Let PQRS be a square such that A is the midpoint of $\overline{RS}$ and Q is the midpoint of $\overline{BC}$ Compute the area of PQRS.,aime_ready_integers,N/A,
√3/2,,BMT 2022 Guts #7,2022,Geometry,BMT,2.0,,"A regular hexagon is inscribed in a circle of radius 1, and all diagonals between vertices that have exactly one vertex between them are drawn. Compute the area of the hexagon enclosed by all of the diagonals.",roots,"A regular hexagon is inscribed in a circle of radius 1, and all diagonals between vertices that have exactly one vertex between them are drawn. Let x be the area of the hexagon enclosed by all of the diagonals. If x can be written as m√n/k, where m and k are relatively prime positive integers and n is not divisible by the square of a prime, find m + n + k.",
2/5,,BMT 2022 Guts #8,2022,Counting,BMT,2.5,,Seven equally-spaced points are drawn on a circle of radius 1. Three distinct points are chosen uniformly at random. What is the probability that the center of the circle lies in the triangle formed by the three points?,fractions,"Seven equally-spaced points are drawn on a circle of radius 1. Three distinct points are chosen uniformly at random. Let s be the probability that the center of the circle lies in the triangle formed by the three points. If s can be expressed as m/n, where m and n are relatively prime positive integers, find m + n.",
1617,,BMT 2022 Guts #9,2022,Number Theory,BMT,2.5,,Define the polynomial $f(x)=x^{4}+x^{3}+x^{2}+x+1$. Compute the number of positive integers n less than equal to 2022 such that $f(n)$ is 1 more than multiple of 5.,large_integers,"Original problem:
Define the polynomial $f(x)=x^{4}+x^{3}+x^{2}+x+1$. Compute the number of positive integers n less than equal to 2022 such that $f(n)$ is 1 more than multiple of 5. 

Let n be the number of such positive integers. Find the remainder when n is divided by 1000.",
405,,BMT 2022 Guts #10,2022,Number Theory,BMT,3.0,,"Compute the number of ordered pairs (a, b) of positive integers such that a and b divide 5040 but share no common factors greater than 1.",aime_ready_integers,N/A,
950,,BMT 2022 Guts #11,2022,Number Theory,BMT,3.0,,"Kylie is trying to count to 202250. However, this would take way too long, so she decides to only write down positive integers from 1 to 202250, inclusive, that are divisible by 125. How many times does she write down the digit 2?",aime_ready_integers,N/A,
25/8,,BMT 2022 Guts #12,2022,Geometry,BMT,3.5,,"Let circles $C_{1}$ and $C_{2}$ be internally tangent at point P, with $C_{1}$ being the smaller circle. Consider a line passing through P which intersects $C_{1}$ at Q and $C_{2}$ at R. Let the line tangent to $C_{2}$ at R and the line perpendicular to PR passing through Q intersect at a point S outside both circles. Given that $SR=5,$ $RQ=3,$ and $QP=2$ compute the radius of $C_{2}$.",fractions,"Let s be the radius of $C_{2}$. If s can be expressed as m/n, where m and n are relatively prime positive integers, find the value of m + n.",
√6 - 1,,BMT 2022 Guts #13,2022,Algebra,BMT,3.5,,"Real numbers $x$ and $y$ satisfy the system of equations $x^{3}+3x^{2}=-3y-1$ and
$y^{3}+3y^{2}=-3x-1.$
What is the greatest possible value of x?",roots,"Real numbers $x$ and $y$ satisfy the system of equations $x^{3}+3x^{2}=-3y-1$ and $y^{3}+3y^{2}=-3x-1$. Let $x$ be the greatest possible value of $x$ in this system. If $x$ can be written as $m\sqrt{n} - c$, where $m$, $n$, and $c$ are positive integers and $n$ is not divisible by the square of a prime, find $m + n + c$.",
35350,,BMT 2022 Guts #14,2022,Number Theory,BMT,4.0,,"Isaac writes each fraction $\frac{1^{2}}{300},\frac{2^{2}}{300},...,\frac{300^{2}}{300}$ in reduced form. Compute the sum of all denominators over all the reduced fractions that Isaac writes down.",large_integers,"Isaac writes each fraction $\frac{1^{2}}{300},\frac{2^{2}}{300},...,\frac{300^{2}}{300}$ in reduced form. Let n be the sum of all denominators over all the reduced fractions that Isaac writes down. Find the remainder when n is divided by 1000.",
4896,,BMT 2022 Guts #15,2022,Algebra,BMT,4.5,,"Let $f(x)$ be a function acting on a string of 0s and 1s, defined to be the number of substrings of $x$ that have at least one 1, where a substring is a contiguous sequence of characters in $x$.
Let S be the set of binary strings with 24 ones and 100 total digits. Compute the maximum possible value of $f(s)$ over all $s\in S$
For example, $f(110)=5$ as 1, 1, 0, 11, 10, and 110 are all substrings including a 1. Note that 0 is not such a substring.",large_integers,"Let $f(x)$ be a function acting on a string of 0s and 1s, defined to be the number of substrings of $x$ that have at least one 1, where a substring is a contiguous sequence of characters in $x$.
Let S be the set of binary strings with 24 ones and 100 total digits. Let $n$ be the maximum possible value of $f(s)$ over all $s\in S$. Find the remainder when $n$ is divided by 1000.

For example, $f(110)=5$ as 1, 1, 0, 11, 10, and 110 are all substrings including a 1. Note that 0 is not such a substring.",
60√3/7,,BMT 2022 Guts #16,2022,Geometry,BMT,5.0,,"Let triangle $\triangle ABC$ be a triangle with $AB=5$, $BC=7,$ and $CA=8,$ and let I be the incenter of $\triangle ABC$. Let circle $C_{A}$ denote the circle with center A and radius $\overline{AI}$ denote $C_{B}$ and circle $C_{C}$ similarly. Besides all intersecting at $I,$ the circles $C_{A}$, $C_{B}$, $C_{C}$ also intersect pairwise at F, G, and H. Compute the area of triangle $\triangle FGH.$",roots,"Let triangle $\triangle ABC$ be a triangle with $AB=5$, $BC=7,$ and $CA=8,$ and let I be the incenter of $\triangle ABC$. Let circle $C_{A}$ denote the circle with center A and radius $\overline{AI}$ denote $C_{B}$ and circle $C_{C}$ similarly. Besides all intersecting at $I,$ the circles $C_{A}$, $C_{B}$, $C_{C}$ also intersect pairwise at F, G, and H. Let x be the area of triangle $\triangle FGH.$ If x can be written as $m\sqrt{n}/k$, where m and k are relatively prime positive integers and n is not divisible by the square of a prime, find m + n + k.",
207,,BMT 2022 Guts #17,2022,Algebra,BMT,5.0,,"Compute the number of ordered triples (a, b, c) of integers between -100 and 100 inclusive satisfying the simultaneous equations
$a^{3}-2a=abc-b-c$,
$b^{3}-2b=bca-c-a$, and $c^{3}-2c=cab-a-b$.",aime_ready_integers,N/A,
17,,BMT 2022 Guts #18,2022,Number Theory,BMT,5.5,,"Nir finds integers $a_{0},a_{1},...,a_{208}$ such that $
(x+2)^{208}=a_{0}x^{0}+a_{1}x^{1}+a_{2}x^{2}+\cdot\cdot\cdot+a_{208}x^{208}.
$
Let S be the sum of all $a_{n}$ such that $n-3$ is divisible by 5. Compute the remainder when S is divided by 103.",aime_ready_integers,N/A,
390050,,BMT 2022 Guts #22,2022,Number Theory,BMT,6.5,,"Set $n=425425$ Let S be the set of proper divisors of n. Compute the remainder when
$
\sum_{k\in S}\varphi(k)\binom{2n/k}{n/k}
$
is divided by $2n,$ where $\varphi(x)$ is the number of positive integers at most $x$ that are relatively prime to it.",large_integers,"Set $n=425425$ Let S be the set of proper divisors of n. Let m be the result of
$
\sum_{k\in S}\varphi(k)\binom{2n/k}{n/k}
$
divided by $2n,$ where $\varphi(x)$ is the number of positive integers at most $x$ that are relatively prime to it. Let n be the value of m. Find the remainder when n is divided by 1000.",
115/33,,BMT 2022 Guts #23,2022,Counting,BMT,6.5,,"Carson the farmer has a plot of land full of crops in the shape of a $6\times6$ grid of squares. Each day, he uniformly at random chooses a row or a column of the plot that he hasn't chosen before and harvests all of the remaining crops in the row or column. Compute the expected number of connected components that the remaining crops form after 6 days. If all crops have been harvested, we say there are 0 connected components.",fractions,"Carson the farmer has a plot of land full of crops in the shape of a $6\times6$ grid of squares. Each day, he uniformly at random chooses a row or a column of the plot that he hasn't chosen before and harvests all of the remaining crops in the row or column. Let s be the expected number of connected components that the remaining crops form after 6 days. If all crops have been harvested, we say there are 0 connected components. If s can be expressed as m/n, where m and n are relatively prime positive integers, find m + n.",
3√3/16,,BMT 2022 Guts #24,2022,Geometry,BMT,7.5,,"Let $\triangle BCD$ be an equilateral triangle and A be a point on the circumcircle of ABCD such that A is on the minor arc $\hat{BD}.$ Then, let P be the intersection of AB with $CD_{1}$ Q be the intersection of $\overline{AC}$ with $\overline{DB},$ and R be the intersection of $\overline{AD}$ with $\overline{BC}$ Finally, let X, Y, and Z be the feet of the altitudes from P, $Q,$ and $R,$ respectively, in triangle APQR. Given $BQ=3-\sqrt{5}$ and $BC=2,$ compute the product of the areas $[\triangle XCD]\cdot[\triangle YDB]\cdot[\triangle ZBC]$.",roots,"In equilateral triangle $BCD$, there is a point $A$ on the circumcircle of $ABCD$ such that $A$ is on the minor arc $\hat{BD}$. Furthermore, let $P$ be the intersection of $\overline{AB}$ with $\overline{CD}$, $Q$ be the intersection of $\overline{AC}$ with $\overline{DB}$, and $R$ be the intersection of $\overline{AD}$ with $\overline{BC}$. Let $X$, $Y$, and $Z$ be the feet of the altitudes from $P$, $Q$, and $R$, respectively, in $\triangle APQR$. If $BQ = 3-\sqrt{5}$ and $BC = 2$, let $x$ be the product of the areas of $\triangle XCD$, $\triangle YDB$, and $\triangle ZBC$. If $x$ can be written in the form $m\sqrt{n}/k$, where $m$ and $k$ are relatively prime positive integers and $n$ is not divisible by the square of any prime, find $m+n+k$.",
0,,BmMT 2022 Individual #1,2022,Algebra,BmMT,1.0,,"Nikhil computes the sum of the first 10 positive integers, starting from 1. He then divides that sum by 5. What remainder does he get?",aime_ready_integers,N/A,
12,,BmMT 2022 Individual #2,2022,Number Theory,BmMT,1.0,,"In class, starting at 8:00, Ava claps her hands once every 4 minutes, while Ella claps her hands once every 6 minutes. What is the smallest number of minutes after 8:00 such that both Ava and Ella clap their hands at the same time?",aime_ready_integers,N/A,
4,,BmMT 2022 Individual #3,2022,Geometry,BmMT,1.0,,"A triangle has side lengths 3, 4, and 5. If all of the side lengths of the triangle are doubled, how many times larger is the area?",aime_ready_integers,N/A,
50,,BmMT 2022 Individual #4,2022,Algebra,BmMT,1.0,,"There are 50 students in a room. Every student is wearing either 0, 1, or 2 shoes. An even number of the students are wearing exactly 1 shoe. Of the remaining students, exactly half of them have 2 shoes and half of them have 0 shoes. How many shoes are worn in total by the 50 students?",aime_ready_integers,N/A,
4044,,BmMT 2022 Individual #5,2022,Algebra,BmMT,1.0,,What is the value of $-2+4-6+8-\cdot\cdot\cdot+8088?$,large_integers,Let n be the value of $-2+4-6+8-\cdot\cdot\cdot+8088$. Find the remainder when n is divided by 1000.,
1/3,,BmMT 2022 Individual #6,2022,Counting,BmMT,1.0,,"Suppose Lauren has 2 cats and 2 dogs. If she chooses 2 of the 4 pets uniformly at random, what is the probability that the 2 chosen pets are either both cats or both dogs?",fractions,"Suppose Lauren has 2 cats and 2 dogs. If she chooses 2 of the 4 pets uniformly at random, let s be the probability that the 2 chosen pets are either both cats or both dogs. If s can be expressed as m/n, where m and n are relatively prime positive integers, what is the value of m + n?",
3√3,,BmMT 2022 Individual #7,2022,Geometry,BmMT,1.5,,"Let triangle $\triangle ABC$ be equilateral with side length 6. Points E and F lie on $\overline{BC}$ such that E is closer to B than it is to C and F is closer to C than it is to B. If $BE=EF=FC$, what is the area of triangle $AAFE$?",roots,"Let triangle $\triangle ABC$ be equilateral with side length 6. Points E and F lie on $\overline{BC}$ such that E is closer to B than it is to C and F is closer to C than it is to B. If $BE=EF=FC$, let x be the area of triangle $AAFE$. If x can be written as m√n/k, where m and k are relatively prime positive integers and n is not divisible by the square of a prime, find m + n + k.",
3,,BmMT 2022 Individual #8,2022,Algebra,BmMT,1.5,,The two equations $x^{2}+ax-4=0$ and $x^{2}-4x+a=0$ share exactly one common solution for $x$. Compute the value of a.,aime_ready_integers,N/A,
7,,BmMT 2022 Individual #9,2022,Algebra,BmMT,1.5,,"At Shreymart, Shreyas sells apples at a price c. A customer who buys n apples pays nc dollars, rounded to the nearest integer, where we always round up if the cost ends in .5. For example, if the cost of the apples is 4.2 dollars, a customer pays 4 dollars. Similarly, if the cost of the apples is 4.5 dollars, a customer pays 5 dollars. If Justin buys 7 apples for 3 dollars and 4 apples for 1 dollar, how many dollars should he pay for 20 apples?",aime_ready_integers,N/A,
2,,BmMT 2022 Individual #10,2022,Geometry,BmMT,2.0,,"In triangle $\triangle ABC$ the angle trisector of $\angle BAC$ closer to $\overline{AC}$ than $\overline{AB}$ intersects $\overline{BC}$ at D. Given that triangle $\triangle ABD$ is equilateral with area 1, compute the area of triangle $\triangle ABC$.",aime_ready_integers,N/A,
5,,BmMT 2022 Individual #11,2022,Number Theory,BmMT,1.5,,"Wanda lists out all the primes less than 100 for which the last digit of that prime equals the last digit of that prime's square. For instance, 71 is in Wanda's list because its square, 5041, also has 1 as its last digit. What is the product of the last digits of all the primes in Wanda's list?",aime_ready_integers,N/A,
22,,BmMT 2022 Individual #12,2022,Counting,BmMT,2.0,,"How many ways are there to arrange the letters of SUSBUS such that SUS appears as a contiguous substring? For example, SUSBUS and USSUSB are both valid arrangements, but SUBSSU is not.",aime_ready_integers,N/A,
144,,BmMT 2022 Individual #13,2022,Algebra,BmMT,2.5,,"Suppose that $x$ and $y$ are integers such that $x\ge5$, $y\ge3$ and $\sqrt{x-5}+\sqrt{y-3}=\sqrt{x+y}.$ Compute the maximum possible value of $xy$.",aime_ready_integers,N/A,
2464,,BmMT 2022 Individual #14,2022,Algebra,BmMT,2.5,,What is the largest integer k divisible by 14 such that $x^{2}-100x+k=0$ has two distinct integer roots?,large_integers,"Original problem:
What is the largest integer k divisible by 14 such that $x^{2}-100x+k=0$ has two distinct integer roots?

Modified problem:
Let n be the largest integer k divisible by 14 such that $x^{2}-100x+k=0$ has two distinct integer roots. Find the remainder when n is divided by 1000.",
18888,,BmMT 2022 Individual #15,2022,Algebra,BmMT,2.5,,What is the sum of the first 16 positive integers whose digits consist of only 0s and 1s?,large_integers,Let n be the sum of the first 16 positive integers whose digits consist of only 0s and 1s. Find the remainder when n is divided by 1000.,
21/41,,BmMT 2022 Individual #16,2022,Counting,BmMT,2.5,,"Jonathan and Ajit are flipping two unfair coins. Jonathan's coin lands on heads with probability $\frac{1}{20}$ while Ajit's coin lands on heads with probability $\frac{1}{22}$. Each year , they flip their coins at the same time, independently of their previous flips. Compute the probability that Jonathan's coin lands on heads strictly before Ajit's coin does.",fractions,"Jonathan and Ajit are flipping two unfair coins. Jonathan's coin lands on heads with probability $\frac{1}{20}$ while Ajit's coin lands on heads with probability $\frac{1}{22}$. Each year , they flip their coins at the same time, independently of their previous flips. Let s be the probability that Jonathan's coin lands on heads strictly before Ajit's coin does. If s can be expressed as m/n, where m and n are relatively prime positive integers, find m + n.",
√2-1,,BmMT 2022 Individual #17,2022,Geometry,BmMT,3.0,,A point is chosen uniformly at random in square ABCD. What is the probability that it is closer to one of the 4 sides than to one of the 2 diagonals?,roots,"A point is chosen uniformly at random in square ABCD. Let x be the probability that it is closer to one of the 4 sides than to one of the 2 diagonals. If x can be written as √n - 1, where n is not divisible by the square of a prime, find n.",
5940,,BmMT 2022 Individual #18,2022,Number Theory,BmMT,2.5,,"Two integers are coprime if they share no common positive factors other than 1. For example, 3 and 5 are coprime because their only common factor is 1. Compute the sum of all positive integers that are coprime to 198 and less than 198.",large_integers,"Two integers are coprime if they share no common positive factors other than 1. For example, 3 and 5 are coprime because their only common factor is 1. Let n be the sum of all positive integers that are coprime to 198 and less than 198. Find the remainder when n is divided by 1000.",
308,,BmMT 2022 Individual #19,2022,Number Theory,BmMT,3.5,,"Sumith lists out the positive integer factors of 12 in a line, writing them out in increasing order as 1, 2, 3, 4, 6, 12. Luke, being the mischievious person he is, writes down a permutation of those factors and lists it right under Sumith's as $a_{1}$, $a_{2}$, $a_{3}$, $a_{4}$ $a_{5}$, $a_{6}$ Luke then calculates
$
gcd(a_1, 2a_2, 3a_3, 4a_4, 6a_5, 12a_6).
$
Given that Luke's result is greater than 1, how many possible permutations could he have written?",aime_ready_integers,N/A,
√5,,BmMT 2022 Individual #20,2022,Geometry,BmMT,4.0,,"Tetrahedron ABCD is drawn such that $DA=DB=DC=2$, $\angle ADB=\angle ADC=90^{\circ}$, and $\angle BDC=120^{\circ}$. Compute the radius of the sphere that passes through A, B, C, and D.",roots,"A tetrahedron ABCD is constructed such that $DA=DB=DC=2$, $\angle ADB=\angle ADC=90^{\circ}$, and $\angle BDC=120^{\circ}$. Let x be the radius of the sphere that passes through A, B, C, and D. If x can be written as √n, where n is not divisible by the square of a prime, find n.",
57,,BmMT 2022 Team #1,2022,Algebra,BmMT,1.0,,"If $x^{2}=7$, what is $x^{4}+x^{2}+1?$",aime_ready_integers,N/A,
20,,BmMT 2022 Team #2,2022,Algebra,BmMT,1.0,,"Richard and Alex are competing in a 150-meter race. If Richard runs at a constant speed of 5 meters per second and Alex runs at a constant speed of 3 meters per second, how many more seconds does it take for Alex to finish the race?",aime_ready_integers,N/A,
59,,BmMT 2022 Team #3,2022,Algebra,BmMT,1.0,,"David and Emma are playing a game with a chest of 100 gold coins. They alternate turns, taking one gold coin if the chest has an odd number of gold coins or taking exactly half of the gold coins if the chest has an even number of gold coins. The game ends when there are no more gold coins in the chest. If Emma goes first, how many gold coins does Emma have at the end?",aime_ready_integers,N/A,
625,,BmMT 2022 Team #4,2022,Number Theory,BmMT,1.0,,What is the only 3-digit perfect square whose digits are all different and whose units digit is 5?,aime_ready_integers,N/A,
36,,BmMT 2022 Team #5,2022,Geometry,BmMT,1.5,,"In regular pentagon ABCDE, let F be the midpoint of $\overline{AB},$ G be the midpoint of $\overline{CD}$ and H be the midpoint of $\overline{AE}.$ What is the measure of $\angle FGH$ in degrees?",aime_ready_integers,N/A,
21,,BmMT 2022 Team #6,2022,Algebra,BmMT,1.5,,Water enters at the left end of a pipe at a rate of 1 liter per 35 seconds. Some of the water exits the pipe through a leak in the middle. The rest of the water exits from the right end of the pipe at a rate of 1 liter per 36 seconds. How many minutes does it take for the pipe to leak a liter of water?,aime_ready_integers,N/A,
4056,,BmMT 2022 Team #7,2022,Geometry,BmMT,1.5,,"Carson wants to create a wire frame model of a right rectangular prism with a volume of 2022 cubic centimeters, where strands of wire form the edges of the prism. He wants to use as much wire as possible. If Carson also wants the length, width, and height in centimeters to be distinct whole numbers, how many centimeters of wire does he need to create the prism?",large_integers,"Carson wants to create a wire frame model of a right rectangular prism with a volume of 2022 cubic centimeters, where strands of wire form the edges of the prism. He wants to use as much wire as possible. If Carson also wants the length, width, and height in centimeters to be distinct whole numbers, let n be the number of centimeters of wire he needs to create the prism. Find the remainder when n is divided by 1000.",
384,,BmMT 2022 Team #8,2022,Counting,BmMT,2.0,,"How many ways are there to fill the unit squares of a $3\times5$ grid with the digits 1, 2, and 3 such that every pair of squares that share a side differ by exactly 1?",aime_ready_integers,N/A,
183,,BmMT 2022 Team #9,2022,Geometry,BmMT,2.0,,"In pentagon ABCDE, $AB=54$ $AE=45$, $DE=18$, $\angle A=\angle C=\angle E$, D is on line segment $\overline{BE}$ and line $\overleftrightarrow{BD}$ bisects angle $\angle ABC$. What is the perimeter of pentagon ABCDE?",aime_ready_integers,N/A,
25/63,,BmMT 2022 Team #10,2022,Algebra,BmMT,2.0,,If $x$ and $y$ are nonzero real numbers such that $\frac{7}{x}+\frac{8}{y}=91$ and $\frac{6}{x}+\frac{10}{y}=89$ what is the value of $x+y?$,fractions,"If $x$ and $y$ are nonzero real numbers such that $\frac{7}{x}+\frac{8}{y}=91$ and $\frac{6}{x}+\frac{10}{y}=89$, let $s$ be the sum of $x$ and $y$. If $s$ can be expressed as $m/n$, where $m$ and $n$ are relatively prime positive integers, what is the value of $m + n$?",
13,,BmMT 2022 Team #11,2022,Logic,BmMT,2.5,,"Hilda and Marianne play a game with a shuffled deck of 10 cards, numbered from 1 to 10. Hilda draws five cards, and Marianne picks up the five remaining cards. Hilda observes that she does not have any pair of consecutive cards - that is, no two cards have numbers that differ by exactly 1. Additionally, the sum of the numbers on Hilda's cards is 1 less than the sum of the numbers on Marianne's cards. Marianne has exactly one pair of consecutive cards what is the sum of this pair?",aime_ready_integers,N/A,
9√3/2,,BmMT 2022 Team #12,2022,Geometry,BmMT,2.5,,Regular hexagon AUSTIN has side length 2. Let M be the midpoint of line segment $\overline{ST}.$ What is the area of pentagon MINUS?,roots,"Regular hexagon AUSTIN has side length 2. Let M be the midpoint of line segment $\overline{ST}.$ Let x be the area of pentagon MINUS. If x can be written as m√n/k, where m and k are relatively prime positive integers and n is not divisible by the square of a prime, find m + n + k.",
6,,BmMT 2022 Team #13,2022,Algebra,BmMT,2.5,,"At a collector's store, plushes are either small or large and cost a positive integer number of dollars. All small plushes cost the same price, and all large plushes cost the same price. Two small plushes cost exactly one dollar less than a large plush. During a shopping trip, Isaac buys some plushes from the store for 59 dollars. What is the smallest number of dollars that the small plush could not possibly cost?",aime_ready_integers,N/A,
37/432,,BmMT 2022 Team #14,2022,Counting,BmMT,3.0,,Four fair six-sided dice are rolled. What is the probability that the median of the four outcomes is 5?,fractions,"Four fair six-sided dice are rolled. Let s be the probability that the median of the four outcomes is 5. If s can be expressed as m/n, where m and n are relatively prime positive integers, what is the value of m + n?",
1330,,BmMT 2022 Team #15,2022,Algebra,BmMT,3.0,,"Suppose $x_{1},x_{2},...,x_{2022}$ is a sequence of real numbers such that:
    $x_{1}+x_{2}=1$,
    $x_{2}+x_{3}=2$
    $\cdots$, and 
    $x_{2021}+x_{2022}=2021.$
    If $x_{1}+x_{499}+x_{999}+x_{1501}=222$, then what is the value of $x_{2022}$?",large_integers,"Suppose $x_{1},x_{2},...,x_{2022}$ is a sequence of real numbers such that:
    $x_{1}+x_{2}=1$,
    $x_{2}+x_{3}=2$
    $\cdots$, and 
    $x_{2021}+x_{2022}=2021.$
    If $x_{1}+x_{499}+x_{999}+x_{1501}=222$, then let n be the value of $x_{2022}$. Find the remainder when n is divided by 1000.",
32π/7,,BmMT 2022 Team #16,2022,Geometry,BmMT,3.0,,"A cone has radius 3 and height 4. An infinite number of spheres are placed in the cone in the following way: sphere $C_{0}$ is placed inside the cone such that it is tangent to the base of the cone and to the curved surface of the cone at more than one point, and for $i\ge1$ sphere $C_{i}$ is placed such that it is externally tangent to sphere $C_{i-1}$ and internally tangent to more than one point of the curved surface of the cone. If
$V_{i}$ is the volume of sphere $C_{i}$, compute
$V_{0}+V_{1}+V_{2}+\cdot\cdot\cdot.$",pi,"A cone has radius 3 and height 4. An infinite number of spheres are placed in the cone in the following way: sphere $C_{0}$ is placed inside the cone such that it is tangent to the base of the cone and to the curved surface of the cone at more than one point, and for $i\ge1$ sphere $C_{i}$ is placed such that it is externally tangent to sphere $C_{i-1}$ and internally tangent to more than one point of the curved surface of the cone. Let $n$ be the sum of the volumes of all the spheres, $V_{0}+V_{1}+V_{2}+\cdot\cdot\cdot$. If $n$ can be written as $a\pi/b$, where $a$, $b$ are positive integers, find $a + b$.",
23405,,BmMT 2022 Team #17,2022,Number Theory,BmMT,3.5,,"Call an ordered pair, $(x,y)$, relatable if $x$ and $y$ are positive integers where $y$ divides 3600, $x$ divides $y$, and $\frac{y}{x}$ is a prime number. For every relatable ordered pair, Leanne wrote down the positive difference of the two terms of the pair. What is the sum of the numbers she wrote down?",large_integers,"Call an ordered pair, $(x,y)$, relatable if $x$ and $y$ are positive integers where $y$ divides 3600, $x$ divides $y$, and $\frac{y}{x}$ is a prime number. For every relatable ordered pair, Leanne wrote down the positive difference of the two terms of the pair. Let n be the sum of the numbers she wrote down. Find the remainder when n is divided by 1000.",
271,,BmMT 2022 Team #18,2022,Algebra,BmMT,4.0,,"Let r, s, and t be the three roots of $P(x)=x^{3}-9x-9.$ Compute the value of
$
(r^{3}+r^{2}-10r-8)(s^{3}+s^{2}-10s-8)(t^{3}+t^{2}-10t-8).
$",aime_ready_integers,N/A,
30,,BmMT 2022 Team #19,2022,Counting,BmMT,4.5,,"Compute the number of ways to color the digits $0,1,2,3,4,5,6,7,8,$ and 9 red, blue, or green such that:
(a) every prime integer has at least one digit that is not blue, and
(b) every composite integer has at least one digit that is not green.
Note that 0 is not composite. For example, since 12 is composite, either the digit 1, the digit 2, or both must be not green.",aime_ready_integers,N/A,
√113 - 9,,BmMT 2022 Team #20,2022,Geometry,BmMT,5.0,,Pentagon ABCDE has $AB=DE=4$ and $BC=CD=9$ with $\angle ABC=\angle CDE=90^{\circ}.$ and there exists a circle tangent to all five sides of the pentagon. What is the length of segment $\overline{AE}$?,roots,"A pentagon ABCDE has $AB=DE=4$ and $BC=CD=9$ with $\angle ABC=\angle CDE=90^{\circ}.$ There exists a circle tangent to all five sides of the pentagon. Let x be the length of segment $\overline{AE}$. If x can be written as $m\sqrt{n} - c$, where m, n, and c are positive integers and n is not divisible by the square of a prime, find m + n + c.",
21,,BMT 2023 General #1,2023,Algebra,BMT,1.0,,"Arjun eats twice as many chocolates as Theo, and Wen eats twice as many chocolates as Arjun. If Arjun eats 6 chocolates, compute the total number of chocolates that Arjun, Theo, and Wen eat.",aime_ready_integers,N/A,
-10,,BMT 2023 General #2,2023,Algebra,BMT,1.0,,Compute $1 \times 4 - 2 \times 3 + 2 \times 5 - 3 \times 4 + 3 \times 6 - 4 \times 5 + 4 \times 7 - 5 \times 6 + 5 \times 8 - 6 \times 7$.,negative_integers,Let n be the result of the following calculation: $1 \times 4 - 2 \times 3 + 2 \times 5 - 3 \times 4 + 3 \times 6 - 4 \times 5 + 4 \times 7 - 5 \times 6 + 5 \times 8 - 6 \times 7$. Find the absolute value of n.,
2√5,,BMT 2023 General #3,2023,Geometry,BMT,1.0,,"A semicircle of radius 2 is inscribed inside of a rectangle, as shown in the diagram below. The diameter of the semicircle coincides with the bottom side of the rectangle, and the semicircle is tangent to the rectangle at all points of intersection. Compute the length of the diagonal of the rectangle.",roots,"A semicircle of radius 2 is inscribed inside of a rectangle, as shown in the diagram below. The diameter of the semicircle coincides with the bottom side of the rectangle, and the semicircle is tangent to the rectangle at all points of intersection. Let x be the length of the diagonal of the rectangle. If x can be written as m√n/k, where m and k are relatively prime positive integers and n is not divisible by the square of a prime, find m + n + k.",
75,,BMT 2023 General #4,2023,Algebra,BMT,1.0,,"Suppose a, b, and c are numbers satisfying the three equations:
$a+2b=20$,
$b+2c=2$,
$c+2a=3$.
Find $9a+9b+9c$.",aime_ready_integers,N/A,
1,,BMT 2023 General #5,2023,Algebra,BMT,1.0,,"Lakshay chooses two numbers, m and n, and draws two lines, $y=mx+3$ and $y=nx+23.$ Given that the two lines intersect at (20, 23), compute $m+n.$",aime_ready_integers,N/A,
171,,BMT 2023 General #6,2023,Number Theory,BMT,1.5,,"Compute the three-digit number that satisfies the following properties:
1. The hundreds digit and ones digit are the same, but the tens digit is different.
2. The number is divisible by 9.
3. When the number is divided by 5, the remainder is 1.",aime_ready_integers,N/A,
6069,,BMT 2023 General #7,2023,Algebra,BMT,1.5,,"Recall that an arithmetic sequence is a sequence of numbers such that the difference between any two consecutive terms is the same. Suppose $x_{1}$, $x_{2}$, $x_{3}$ forms an arithmetic sequence. If $x_{2}=2023$ compute $x_{1}+x_{2}+x_{3}$",large_integers,"Recall that an arithmetic sequence is a sequence of numbers such that the difference between any two consecutive terms is the same. Suppose $x_{1}$, $x_{2}$, $x_{3}$ forms an arithmetic sequence. If $x_{2}=2023$, let n be the sum $x_{1}+x_{2}+x_{3}$. Find the remainder when n is divided by 1000.",
4,,BMT 2023 General #8,2023,Number Theory,BMT,1.5,,One of Landau's four unsolved problems asks whether there are infinitely many primes p such that $p-1$ is a perfect square. How many such primes are there less than 100?,aime_ready_integers,N/A,
-18,,BMT 2023 General #9,2023,Algebra,BMT,1.5,,"The boxes in the expression below are filled with the numbers 3, 4, 5, 6, 7, and 8, so that each number is used exactly once. What is the least possible value of the expression? $
\Box \times \Box + \frac{\Box}{\Box} - \Box \times \Box
$",negative_integers,"The boxes in the expression below are filled with the numbers 3, 4, 5, 6, 7, and 8, so that each number is used exactly once. Denote by n the value of the expression. 
$
\Box \times \Box + \frac{\Box}{\Box} - \Box \times \Box
$
Find the absolute value of n.",
9π,,BMT 2023 General #10,2023,Geometry,BMT,2.0,,"Consider an equilateral triangle with side length 9. Each side is divided into 3 equal segments by 2 points, for a total of 6 points. Compute the area of the circle passing through these 6 points.",pi,"Consider an equilateral triangle with side length 9. Each side is divided into 3 equal segments by 2 points, for a total of 6 points. Let n be the area of the circle passing through these 6 points. If n can be written as aπ, where a is a positive integer, find a.",
490,,BMT 2023 General #11,2023,Algebra,BMT,2.0,,"Consider two geometric sequences 16, $a_{1},a_{2},...$ and 56, $b_{1}, b_{2},...$ with the same common nonzero ratio . Given that $a_{2023}=b_{2020}$ , compute $b_{6}-a_{6}.$",aime_ready_integers,N/A,
12,,BMT 2023 General #12,2023,Algebra,BMT,2.0,,Find the greatest integer less than $\sqrt{10}+\sqrt{80}.$,aime_ready_integers,N/A,
90,,BMT 2023 General #13,2023,Counting,BMT,2.5,,"Three people, Pranav, Sumith, and Jacklyn, are attending a fair. Every time a person enters or exits, the groundskeeper writes their name down in chronological order. If each person enters and exits the fairgrounds exactly once, in how many ways can the groundskeeper write down their names?",aime_ready_integers,N/A,
43,,BMT 2023 General #14,2023,Algebra,BMT,2.5,,"For real numbers $x$ and $y$, suppose that $|x|-|y|=20$ and $|x|+|y|=23.$ Compute the sum of all possible distinct values of $|x-y|$.",aime_ready_integers,N/A,
1111,,BMT 2023 General #15,2023,Counting,BMT,2.5,,Find the number of positive integers n less than 10000 such that there are more 4's in the digits of $n+1$ than in the digits of n.,large_integers,Let n be the number of positive integers less than 10000 such that there are more 4's in the digits of $n+1$ than in the digits of n. Find the remainder when n is divided by 1000.,
1232,,BMT 2023 General #16,2023,Number Theory,BMT,2.5,,"Let n be the smallest positive integer such that there exist integers, a, b, and c, satisfying:
$
\frac{n}{2}=a^{2} , \frac{n}{3}=b^{3} , \frac{n}{5}=c^{5} .
$
Find the number of positive integer factors of n.",large_integers,"Let n be the smallest positive integer such that there exist integers, a, b, and c, satisfying:
$
\frac{n}{2}=a^{2} , \frac{n}{3}=b^{3} , \frac{n}{5}=c^{5} .
$
Let n be the number of positive integer factors of n. Find the remainder when n is divided by 1000.",
1560π,,BMT 2023 General #17,2023,Geometry,BMT,3.0,,"Jingyuan is designing a bucket hat for BMT merchandise. The hat has the shape of a cylinder on top of a truncated cone. The cylinder has radius 9 and height 12. The truncated cone has base radius 15 and height 4, and its top radius is the same as the cylinder's radius. Compute the total volume of this bucket hat.",pi,"Jingyuan is designing a bucket hat for BMT merchandise. The hat has the shape of a cylinder on top of a truncated cone. The cylinder has radius 9 and height 12. The truncated cone has base radius 15 and height 4, and its top radius is the same as the cylinder's radius. Let n be the total volume of this bucket hat. If n can be written in the form of aπ, where a is a positive integer, find the value of a.",
6/11,,BMT 2023 General #18,2023,Counting,BMT,3.0,,"Kait rolls a fair 6-sided die until she rolls a 6. If she rolls a 6 on the Nth roll, she then rolls the die N more times. What is the probability that she rolls a 6 during these next N times?",fractions,"Kait rolls a fair 6-sided die until she rolls a 6. If she rolls a 6 on the Nth roll, she then rolls the die N more times. Let s be the probability that she rolls a 6 during these next N times. If s can be expressed as m/n, where m and n are relatively prime positive integers, find the value of m + n.",
30,,BMT 2023 General #19,2023,Geometry,BMT,3.5,,"Let w be a circle with center O and radius 8, and let A be a point such that $AO=17.$ Let P and Q be points on w such that line segments $\overline{AP}$ and $\overline{AQ}$ are tangent to w. Let B and C be points chosen on $\overline{AP}$ and $\overline{AQ}$, respectively, such that $\overline{BC}$ is also tangent to w. Compute the perimeter of triangle $\triangle ABC$.",aime_ready_integers,N/A,
71,,BMT 2023 General #20,2023,Number Theory,BMT,4.0,,"Call a positive integer, n, ready if all positive integer divisors of n have a ones digit of either 1 or 3. Let S be the sum of all positive integer divisors of 32! that are ready. Compute the remainder when S is divided by 131.",aime_ready_integers,N/A,
2006,,BMT 2023 General #21,2023,Algebra,BMT,4.0,,"Let $p, q,$ and $r$ be the three roots of the polynomial $x^{3}-2x^{2}+3x-2023$ Suppose that the polynomial $x^{3}+Bx^{2}+Mx+T$ has roots $p+q$, $p+r$, and $q+r$ for real numbers B, M, and T. Compute $B-M+T.$",large_integers,"Let $p, q,$ and $r$ be the three roots of the polynomial $x^{3}-2x^{2}+3x-2023$ Suppose that the polynomial $x^{3}+Bx^{2}+Mx+T$ has roots $p+q$, $p+r$, and $q+r$ for real numbers B, M, and T. Let n be $B-M+T$. Find the remainder when n is divided by 1000.",
5/7,,BMT 2023 General #22,2023,Geometry,BMT,4.0,,"Triangle $\triangle ABC$ has side lengths $AB=8$, $BC=15$, and $CA=17$ Circles $\omega_{1}$ and $\omega_{2}$ are externally tangent to each other and within $\triangle ABC$. The radius of circle $\omega_{2}$ is four times the radius of circle $\omega_{1}$. Circle $\omega_{1}$ is tangent to $\overline{AB}$ and $\overline{BC}$ and circle $\omega_{2}$ is tangent to $\overline{BC}$ and $\overline{CA}.$ Compute the radius of circle $\omega_{1}$.",fractions,"Triangle $\triangle ABC$ has side lengths $AB=8$, $BC=15$, and $CA=17$ Circles $\omega_{1}$ and $\omega_{2}$ are externally tangent to each other and within $\triangle ABC$. The radius of circle $\omega_{2}$ is four times the radius of circle $\omega_{1}$. Circle $\omega_{1}$ is tangent to $\overline{AB}$ and $\overline{BC}$ and circle $\omega_{2}$ is tangent to $\overline{BC}$ and $\overline{CA}.$ Let s be the radius of circle $\omega_{1}$. If s can be expressed as m/n, where m and n are relatively prime positive integers, find m + n.",
51,,BMT 2023 General #23,2023,Number Theory,BMT,4.5,,"Let N be the number of positive integers less than $210^{2023}$ such that $
lcm(gcd(x, 1734), gcd(x+17,x+1732))
$
divides 2023. Compute the sum of the prime factors of N with multiplicity. (For example, if $S=75=3^{1}\cdot5^{2}.$ then the answer is $1\cdot3+2\cdot5=13)$.",aime_ready_integers,N/A,
80,,BMT 2023 General #24,2023,Algebra,BMT,4.5,,"Define a sequence $a_{0},a_{1},a_{2},...$ recursively by $a_{0}=0$, $a_{1}=1,$ and $a_{n+2}=a_{n+1}+xa_{n}$ for each $n\ge0$ and some real number $x$. The infinite series
$
\sum_{n=0}^{\infty}\frac{a_{n}}{10^{n}}=1.
$
Compute $x$.",aime_ready_integers,N/A,
3√11/11,,BMT 2023 General #25,2023,Geometry,BMT,5.0,,"A tetrahedron has three edges of length 2 and three edges of length 4, and one of its faces is an equilateral triangle. Compute the radius of the sphere that is tangent to every edge of this tetrahedron.",roots,"A tetrahedron has three edges of length 2 and three edges of length 4, and one of its faces is an equilateral triangle. Let x be the radius of the sphere that is tangent to every edge of this tetrahedron. If x can be written as m√n/k, where m and k are relatively prime positive integers and n is not divisible by the square of a prime, find m + n + k.",
490,,BMT 2023 Algebra #3,2023,Algebra,BMT,2.5,,"Consider two geometric sequences 16, $a_{1},a_{2},...$ and $6,b_{1},b_{2},...$ with the same common nonzero ratio . Given that $a_{2023}=b_{2020}.$ compute $b_{6}-a_{6}.$",aime_ready_integers,N/A,
388,,BMT 2023 Algebra #4,2023,Algebra,BMT,2.5,,"Let $f(x)$ be a continuous function over the real numbers such that for every integer $n$, $f(n)=n^{2}$ and $f(x)$ is linear over the interval $[n,n+1]$. There exists a unique two-variable polynomial $g$ such that $g(x,\lfloor x\rfloor)=f(x)$ for all $x$. Compute $g(20,23)$. (Here, $\lfloor x\rfloor$ is defined as the greatest integer less than or equal to $x$. For example, $\lfloor2\rfloor=2$ and $\lfloor-3.5\rfloor=-4$.)",aime_ready_integers,N/A,
376,,BMT 2023 Algebra #7,2023,Algebra,BMT,4.5,,"Nikhil constructs a list of all polynomial pairs $(a(x),b(x))$ with real coefficients such that $a(x)$ has higher degree than $b(x)$ and $a(x)^{2}+b(x)^{2}=x^{10}+1$ Danielle takes Nikhil's list and adds all polynomial pairs that satisfy the same conditions but have complex coefficients. If Nikhil's original list had N pairs and Danielle added D pairs, compute $D-N$",aime_ready_integers,N/A,
5+3√2,,BMT 2023 Algebra #8,2023,Algebra,BMT,5.5,,"Compute the smallest real $t$ such that there exist constants $a, b$ for which the roots of $x^{3}-ax^{2}+ bx-\frac{ab}{t}$ are the side lengths of a right triangle.",roots,"Compute the smallest real $t$ such that there exist constants $a, b$ for which the roots of $x^{3}-ax^{2}+ bx-\frac{ab}{t}$ are the side lengths of a right triangle. Let $x$ be the smallest such $t$. If $x$ can be written as $m\sqrt{n} + c$, where $m, n,$ and $c$ are positive integers and $n$ is not divisible by the square of a prime, find $m + n + c$.",
2^2021 + 1,,BMT 2023 Algebra #9,2023,Algebra,BMT,6.0,,"A sequence of real numbers $\{x_{n}\}$ satisfies the recursion $x_{n+1}=4x_{n}-4x_{n}^{2}$ where $n\ge1.$ If $x_{2023}=0,$ compute the number of distinct possible values for $x_{1}$.",misc,N/A,
55,,BMT 2023 Algebra #10,2023,Algebra,BMT,6.5,,"There exists a unique triple of integers (B, M,T) such that $B>T>M$ and
$$
3B^{2}(3T-M)+8M^{2}(B-T)+3T^{2}(5M-B)-(2B^{3}+3M^{3}+4T^{3})+15BMT=2023.
$$
Compute $B+M+T.$",aime_ready_integers,N/A,
182,,BMT 2023 Discrete #4,2023,Number Theory,BMT,3.0,,"Given positive integers $a\ge2$ and k, let $m_{a}(k)$ denote the remainder when k is divided by a. Compute the number of positive integers, n, less than 500 such that $m_{2}(m_{5}(m_{11}(n)))=1$.",aime_ready_integers,N/A,
51,,BMT 2023 Discrete #6,2023,Number Theory,BMT,3.5,,"Let N be the number of positive integers a less than 2102023 such that
$lcm(gcd(x, 1734), gcd(x+17,x+1732))$
divides 2023. Compute the sum of the prime factors of N with multiplicity. (For example, if $S=75=3^{1}\cdot5^{2}$ then the answer is $1\cdot3+2.5=13$).",aime_ready_integers,N/A,
11/18,,BMT 2023 Discrete #7,2023,Counting,BMT,4.0,,"Maria and Skyler have a square-shaped cookie with a side length of 1 inch. They split the cookie by choosing two points on distinct sides of the cookie uniformly at random and cutting across the line segment formed by connecting the two points. If Maria always gets the larger piece, what is the expected amount of extra cookie in Maria's piece compared to Skyler's, in square inches?",fractions,"Maria and Skyler have a square-shaped cookie with a side length of 1 inch. They split the cookie by choosing two points on distinct sides of the cookie uniformly at random and cutting across the line segment formed by connecting the two points. Let s be the expected amount of extra cookie in Maria's piece compared to Skyler's, in square inches. If s can be expressed as m/n, where m and n are relatively prime positive integers, what is the value of m + n?",
232,,BMT 2023 Discrete #8,2023,Number Theory,BMT,5.0,,"Define a family of functions $S_{k}(n)$ for positive integers n and k by the following two rules:
$S_{0}(n)=1$
$S_{k}(n)=\sum_{d|n}dS_{k-1}(d).$
Compute the remainder when $S_{30}(30)$ is divided by 1001.",aime_ready_integers,N/A,
544,,BMT 2023 Discrete #9,2023,Counting,BMT,6.0,,"Shiori places seven books, numbered from 1 to 7, on a bookshelf in some order. Later, she discovers that she can place two dividers between the books, separating the books into left, middle, and right sections, such that:
1. The left section is numbered in increasing order from left to right, or has at most one book.
2. The middle section is numbered in decreasing order from left to right, or has at most one book.
3. The right section is numbered in increasing order from left to right, or has at most one book.
In how many possible orderings could Shiori have placed the books? For example, (2, 3, 5, 4, 1, 6, 7) and (2, 3, 4, 1, 5, 6, 7) are possible orderings with the partitions $2, 3, 5|4, 1|6, 7$ and $2, 3, 4 | 1 | 5, 6, 7$, but (5, 6, 2, 4, 1, 3, 7) is not.",aime_ready_integers,N/A,
970,,BMT 2023 Discrete #10,2023,Number Theory,BMT,7.0,,"Let a denote the positive real root of the polynomial $x^{2}-3x-2$. Compute the remainder when $\lfloor\alpha^{1000}\rfloor$ is divided by the prime number 997. Here, $\lfloor r\rfloor$ denotes the greatest integer less than r.",aime_ready_integers,N/A,
30,,BMT 2023 Geometry #4,2023,Geometry,BMT,3.0,,"Let w be a circle with center O and radius 8, and let A be a point such that $AO=17.$ Let P and Q be points on w such that line segments $\overline{AP}$ and $\overline{AQ}$ are tangent to w. Let B and C be points chosen on $\overline{AP}$ and AQ, respectively, such that $\overline{BC}$ is also tangent to w. Compute the perimeter of triangle $\triangle ABC.$",aime_ready_integers,N/A,
5/7,,BMT 2023 Geometry #5,2023,Geometry,BMT,3.5,,"Triangle $\Delta ABC$ has side lengths $AB=8$, $BC=15$, and $CA=17$ Circles $\omega_{1}$ and $\omega_{2}$ are externally tangent to each other and within $\triangle ABC$. The radius of circle $\omega_{2}$ is four times the radius of circle $\omega_{1}$ Circle $\omega_{1}$ is tangent to $\overline{AB}$ and $\overline{BC}$ and circle $\omega_{2}$ is tangent to $\overline{BC}$ and $\overline{CA}$ Compute the radius of circle $\omega_{1}$.",fractions,"Triangle $\Delta ABC$ has side lengths $AB=8$, $BC=15$, and $CA=17$. Circles $\omega_{1}$ and $\omega_{2}$ are externally tangent to each other and within $\triangle ABC$. The radius of circle $\omega_{2}$ is four times the radius of circle $\omega_{1}$. Circle $\omega_{1}$ is tangent to $\overline{AB}$ and $\overline{BC}$ and circle $\omega_{2}$ is tangent to $\overline{BC}$ and $\overline{CA}$. Let s be the radius of circle $\omega_{1}$. If s can be expressed as m/n, where m and n are relatively prime positive integers, find the value of m + n.",
5√7/16,,BMT 2023 Geometry #6,2023,Geometry,BMT,4.0,,"In triangle $\triangle ABC,$ let M be the midpoint of $\overline{AC}$. Extend $\overline{BM}$ such that it intersects the circumcircle of ∆ABC at a point X not equal to B. Let O be the center of the circumcircle of $\triangle ABC$. Given that $BM=4MX$ and $\angle ABC=45^{\circ}$ compute $sin(\angle BOX)$.",roots,"In triangle $\triangle ABC,$ let M be the midpoint of $\overline{AC}$. Extend $\overline{BM}$ such that it intersects the circumcircle of ∆ABC at a point X not equal to B. Let O be the center of the circumcircle of $\triangle ABC$. Given that $BM=4MX$ and $\angle ABC=45^{\circ}$, let x be $\sin(\angle BOX)$. If x can be written as $m\sqrt{n}/k$, where m and k are relatively prime positive integers and n is not divisible by the square of a prime, find m + n + k.",
16√3,,BMT 2023 Geometry #8,2023,Geometry,BMT,4.5,,"A circle intersects equilateral triangle XYZ at A, B, C, D, E, and F such that points X, A, B, Y, C, D, Z, E, and F lie on the equilateral triangle in that order. If $AC^{2}+CE^{2}+EA^{2}=1900$ and $BD^{2}+DF^{2}+FB^{2}=2092,$ compute the positive difference between the areas of triangles $ACE$ and $BDF$.",roots,"A circle intersects an equilateral triangle XYZ at six points: A, B, C, D, E, and F, which are ordered on the triangle as follows: X, A, B, Y, C, D, Z, E, F. Given that $AC^{2}+CE^{2}+EA^{2}=1900$ and $BD^{2}+DF^{2}+FB^{2}=2092$, let x be the positive difference of the areas of triangles ACE and BDF. If x can be written in the form of m√n, where m and n are positive integers and n is not divisible by the square of a prime, find the value of m + n.",
6√5,,BMT 2023 Geometry #9,2023,Geometry,BMT,6.5,,"Let triangle ∆ABC be acute, and let point M be the midpoint of $\overline{BC}$. Let E be on line segment $\overline{AB}$ such that $\overline{AE}\perp\overline{EC}$ Then, suppose T is a point on the other side of $\overleftrightarrow{BC}$ as A is such that $\angle BTM=\angle ABC$ and $\angle TCA=\angle BMT.$ If $AT=14$, $AM=9.$ and $\frac{AE}{AC}=\frac{2}{7}$, compute BC.",roots,"Triangle ABC is acute, and point M is the midpoint of side BC. Point E is on segment AB such that AE is perpendicular to EC. Point T is on the opposite side of line BC from A such that ∠BTM = ∠ABC and ∠TCA = ∠BMT. Given that AT = 14, AM = 9, and the ratio of AE to AC is 2/7, let x be the length of BC. If x can be written in the form m√n, where m and n are positive integers and n is not divisible by the square of any prime, find the value of m + n.",
156/25,,BMT 2023 Geometry #10,2023,Geometry,BMT,7.0,,"Let triangle ABC have circumcenter O and circumradius r, and let w be the circumcircle of triangle ABOC . Let F be the intersection of $\overleftrightarrow{AO}$ and w not equal to O. Let E be on line $\overleftrightarrow{AB}$ such that $\overline{EF}\perp\overline{AE},$ and let G be on line $\overleftrightarrow{AC}$ such that $\overline{GF}\perp\overline{AG}$. If $AC=\frac{65}{63}$, $BC=\frac{24}{13}r$, and $AB=\frac{126}{65}r$, compute $AF\cdot EG.$",fractions,"Let triangle ABC have circumcenter O and circumradius r, and let w be the circumcircle of triangle ABOC . Let F be the intersection of $\overleftrightarrow{AO}$ and w not equal to O. Let E be on line $\overleftrightarrow{AB}$ such that $\overline{EF}\perp\overline{AE},$ and let G be on line $\overleftrightarrow{AC}$ such that $\overline{GF}\perp\overline{AG}$. If $AC=\frac{65}{63}$, $BC=\frac{24}{13}r$, and $AB=\frac{126}{65}r$, let s be the product of AF and EG. If s can be expressed as m/n, where m and n are relatively prime positive integers, find the sum of m and n.",
27,,BMT 2023 Guts #1,2023,Geometry,BMT,1.0,,"Given a square ABCD of side length 6, the point E is drawn on the line AB such that the
distance EA is less than EB and the triangle $\triangle BCE$ has the same area as ABCD. Compute
the shaded area.",aime_ready_integers,N/A,
12,,BMT 2023 Guts #2,2023,Counting,BMT,1.5,,"Jerry has red blocks, yellow blocks, and blue blocks. He builds a tower 5 blocks high, without
any 2 blocks of the same color touching each other. Also, if the tower is flipped upside-down, it
still looks the same. Compute the number of ways Jerry could have built this tower.",aime_ready_integers,N/A,
18,,BMT 2023 Guts #3,2023,Number Theory,BMT,1.5,,"Compute the second smallest positive whole number that has exactly 6 positive whole number
divisors (including itself).",aime_ready_integers,N/A,
49/64,,BMT 2023 Guts #4,2023,Counting,BMT,2.0,,"A grasshopper is traveling on the coordinate plane, starting at the origin (0, 0). Each hop,
the grasshopper chooses to move 1 unit up, down, left, or right with equal probability. The
grasshopper hops 4 times and stops at point P. Compute the probability that it is possible to
return to the origin from P in at most 3 hops.",fractions,"A grasshopper is traveling on the coordinate plane, starting at the origin (0, 0). Each hop, the grasshopper chooses to move 1 unit up, down, left, or right with equal probability. The grasshopper hops 4 times and stops at point P. Let s be the probability that it is possible to return to the origin from P in at most 3 hops. If s can be expressed as m/n, where m and n are relatively prime positive integers, find m + n.",
3/4,,BMT 2023 Guts #5,2023,Algebra,BMT,2.0,,"Two parabolas, $y = ax^2 + bx + c$ and $y = -ax^2 - bx - c$, intersect at $x = 2$ and $x = -2$. If the
y-intercepts of the two parabolas are exactly 2 units apart from each other, compute $|a + b + c|$.",fractions,"Two parabolas, $y = ax^2 + bx + c$ and $y = -ax^2 - bx - c$, intersect at $x = 2$ and $x = -2$. Let s be the absolute value of the sum of the coefficients a, b, and c, given that the y-intercepts of the two parabolas are exactly 2 units apart from each other. If s can be expressed as m/n, where m and n are relatively prime positive integers, find the value of m + n.",
4√5,,BMT 2023 Guts #6,2023,Geometry,BMT,2.5,,"Let rectangle ABCD have side lengths AB = 8, BC = 6. Let ABCD be inscribed in a circle
with center O. Let M be the midpoint of side AB, and let X be the
intersection of ray $\overrightarrow{MO}$ with the circle. Compute the length AX.",roots,"Let ABCD be a rectangle with side lengths AB = 8 and BC = 6. The rectangle is inscribed in a circle with center O. Let M be the midpoint of side AB and X be the intersection of ray $\overrightarrow{MO}$ with the circle. Let x be the length of segment AX. If x can be written in the form of m√n, where m and n are positive integers, and n is not divisible by the square of a prime, find the value of m + n.",
157,,BMT 2023 Guts #7,2023,Number Theory,BMT,4.0,,"For an integer $n > 0$, let $p(n)$ be the product of the digits of $n$. Compute the sum of all integers
$n$ such that $n - p(n) = 52$.",aime_ready_integers,N/A,
13/2,,BMT 2023 Guts #8,2023,Geometry,BMT,3.5,,"Circle $\omega_1$ is centered at $O_1$ with radius 3, and circle $\omega_2$ is centered at $O_2$ with radius 2. Line
$\ell$ is tangent to $\omega_1$ and $\omega_2$ at X, Z, respectively, and intersects segment $O_1O_2$ at Y. The circle
through $O_1$, X, Y has center $O_3$, and the circle through $O_2$, Y, Z has center $O_4$. Given that
$O_1O_2 = 13$, find $O_3O_4$.",fractions,"Let s be the distance between centers $O_3$ and $O_4$. If s can be expressed as m/n, where m and n are relatively prime positive integers, find m + n.",
145,,BMT 2023 Guts #9,2023,Algebra,BMT,4.0,,"For positive integers a and b, consider the curve $x^a + y^b = 1$ over real numbers x, y and let
$S(a, b)$ be the sum of the number of x-intercepts and y-intercepts of this curve. Compute
$\sum_{a=1}^{10}\sum_{b=1}^5 S(a, b)$.",aime_ready_integers,N/A,
245,,BMT 2023 Guts #10,2023,Geometry,BMT,4.5,,"Let $\triangle ABC$ be a triangle with G as its centroid, which is the intersection of the three medians
of the triangle. If $GA \perp GB$ and AB = 7, compute $AC^2 + BC^2$.",aime_ready_integers,N/A,
36,,BMT 2023 Guts #11,2023,Algebra,BMT,4.5,,"Compute the sum of all positive integers n for which there exists a real number x satisfying
$\left(x + \frac{n}{x}\right)^n = 2^{20}$.",aime_ready_integers,N/A,
3024,,BMT 2023 Guts #12,2023,Counting,BMT,4.0,,"Call an n-digit integer with distinct digits mountainous if, for some integer $1 \leq k \leq n$, the first
k digits are in strictly ascending order and the following $n - k$ digits are in strictly descending
order. How many 5-digit mountainous integers with distinct digits are there?",large_integers,"Call an n-digit integer with distinct digits mountainous if, for some integer $1 \leq k \leq n$, the first k digits are in strictly ascending order and the following $n - k$ digits are in strictly descending order. Let n be the number of 5-digit mountainous integers with distinct digits. Find the remainder when n is divided by 1000.",
152,,BMT 2023 Guts #13,2023,Algebra,BMT,5.0,,"Consider the set of triangles with side lengths $1 \leq x \leq y \leq z$ such that x, y, and z are the
solutions to the equation $t^3 - at^2 + bt = 12$ for some real numbers a and b. Compute the smallest
real number N such that $N > ab$ for any choice of x, y, and z.",aime_ready_integers,N/A,
12+4√3,,BMT 2023 Guts #14,2023,Geometry,BMT,5.0,,"Right triangle $\triangle ABC$ with $\angle A = 30^\circ$ and $\angle B = 90^\circ$ is inscribed in a circle $\omega_1$ with radius 4.
Circle $\omega_2$ is drawn to be the largest circle outside of $\triangle ABC$ that is tangent to both BC and
$\omega_1$, and circles $\omega_3$ and $\omega_4$ are drawn this same way for sides AC and AB, respectively. Suppose
that the intersection points of these smaller circles with the bigger circle are noted as points D,
E, and F. Compute the area of triangle $\triangle DEF$.",roots,"Right triangle $\triangle ABC$ with $\angle A = 30^\circ$ and $\angle B = 90^\circ$ is inscribed in a circle $\omega_1$ with radius 4. Circle $\omega_2$ is drawn to be the largest circle outside of $\triangle ABC$ that is tangent to both BC and $\omega_1$, and circles $\omega_3$ and $\omega_4$ are drawn this same way for sides AC and AB, respectively. Suppose that the intersection points of these smaller circles with the bigger circle are noted as points D, E, and F. Let x be the area of triangle $\triangle DEF$. If x can be written as m√n + c, where m, n, and c are positive integers and n is not divisible by the square of a prime, find m + n + c.",
11111100111,,BMT 2023 Guts #15,2023,Number Theory,BMT,4.5,,"Given a positive integer k, let s(k) denote the sum of the digits of k. Let $a_1, a_2, a_3, \ldots$ denote the
strictly increasing sequence of all positive integers n such that $s(7n + 1) = 7s(n) + 1$. Compute
$a_{2023}$.",large_integers,"Given a positive integer k, let s(k) denote the sum of the digits of k. Let $a_1, a_2, a_3, \ldots$ denote the
strictly increasing sequence of all positive integers n such that $s(7n + 1) = 7s(n) + 1$. Let n be $a_{2023}$. Find the remainder when n is divided by 1000.",
15/28,,BMT 2023 Guts #16,2023,Counting,BMT,5.5,,"Sabine rolls a fair 14-sided die numbered 1 to 14 and gets a value of x. She then draws x cards
uniformly at random (without replacement) from a deck of 14 cards, each of which labeled a
different integer from 1 to 14. She finally sums up the value of her die roll and the value on
each card she drew to get a score of S. Let A be the set of all obtainable scores. Compute the
probability that S is greater than or equal to the median of A.",fractions,"Sabine rolls a fair 14-sided die numbered 1 to 14 and gets a value of x. She then draws x cards uniformly at random (without replacement) from a deck of 14 cards, each of which labeled a different integer from 1 to 14. She finally sums up the value of her die roll and the value on each card she drew to get a score of S. Let A be the set of all obtainable scores. Let p be the probability that S is greater than or equal to the median of A. If p can be expressed as m/n, where m and n are relatively prime positive integers, find m + n.",
20234,,BMT 2023 Guts #17,2023,Number Theory,BMT,6.5,,"Let N be the smallest positive integer divisble by $10^{2023} - 1$ that only has the digits 4 and 8 in
decimal form (these digits may be repeated). Compute the sum of the digits of $\frac{N}{10^{2023}-1}$.",large_integers,"Let N be the smallest positive integer divisble by $10^{2023} - 1$ that only has the digits 4 and 8 in
decimal form (these digits may be repeated). Let n be the sum of the digits of $\frac{N}{10^{2023}-1}$. Find the remainder when n is divided by 1000.",
(3-√3)/6,,BMT 2023 Guts #18,2023,Algebra,BMT,6.5,,"Consider the sequence $b_1, b_2, b_3, \ldots$ of real numbers defined by $b_1 = \frac{3+\sqrt{3}}{6}$, $b_2 = 1$, and for $n \geq 3$,
$b_n = \frac{1 - b_{n-1} - b_{n-2}}{2b_{n-1}b_{n-2} - b_{n-1} - b_{n-2}}$.
Compute $b_{2023}$.",misc,N/A,
18199,,BMT 2023 Guts #22,2023,Number Theory,BMT,6.5,,"Let $d_n(x)$ be the $n$th decimal digit (after the decimal point) of $x$.
    For example, $d_3(\pi) = 1$ because $\pi = 3.1415\ldots$. 
    For a positive integer $k$, let $f(k) = p_k^4$, where $p_k$ is the $k$th prime number. 
    Compute the value of $\sum_{i=1}^{2023} d_{f(i)}\left(\frac{1}{f(i)}\right)$.",large_integers,"Let $d_n(x)$ be the $n$th decimal digit (after the decimal point) of $x$.
    For example, $d_3(\pi) = 1$ because $\pi = 3.1415\ldots$. 
    For a positive integer $k$, let $f(k) = p_k^4$, where $p_k$ is the $k$th prime number. 
    Let n be the value of $\sum_{i=1}^{2023} d_{f(i)}\left(\frac{1}{f(i)}\right)$. Find the remainder when n is divided by 1000.",
225,,BMT 2023 Guts #23,2023,Counting,BMT,7.0,,"A robot initially at position 0 along a number line has a movement function f(u, v). It rolls a
fair 26-sided die repeatedly, with the kth roll having value $r_k$. For $k \geq 2$, if $r_k > r_{k-1}$, it moves
$f(r_k, r_{k-1})$ units in the positive direction. If $r_k < r_{k-1}$, it moves $f(r_k, r_{k-1})$ units in the negative
direction. If $r_k = r_{k-1}$, all movement and die-rolling stops and the robot remains at its final
position x. If $f(u, v) = (u^2 - v^2)^2 + (u - 1)(v + 1)$, compute the expected value of x.",aime_ready_integers,N/A,
141,,BMT 2023 Guts #24,2023,Algebra,BMT,8.0,,"Define the sequence $s_0, s_1, s_2, \ldots$ by $s_0 = 0$ and $s_n = 3s_{n-1} + 2$ for $n \geq 1$. The monic polynomial
f(x) defined as
$f(x) = \frac{1}{s_{2023}} \sum_{k=0}^{32} s_{2023+k}x^{32-k}$
can be factored uniquely (up to permutation) as the product of 16 monic quadratic polynomials
$p_1, p_2, \cdots, p_{16}$ with real coefficients, where $p_i(x) = x^2 + a_ix + b_i$ for $1 \leq i \leq 16$. Compute the
integer N that minimizes $\left|N - \sum_{k=1}^{16}(a_k + b_k)\right|$.",aime_ready_integers,N/A,
1,,BmMT 2023 Individual #1,2023,Algebra,BmMT,1.0,,"If x is 20% of 23 and y is 23% of 20, compute $\frac{x}{y}$.",aime_ready_integers,N/A,
6,,BmMT 2023 Individual #2,2023,Counting,BmMT,1.0,,"Pablo wants to eat a banana, a mango, and a tangerine, one at a time. How many ways can he
choose the order to eat the three fruits?",aime_ready_integers,N/A,
12,,BmMT 2023 Individual #3,2023,Algebra,BmMT,1.0,,"Let a, b, and c be 3 positive integers. If $a + \frac{b}{c} = \frac{11}{6}$, what is the minimum value of a + b + c?",aime_ready_integers,N/A,
16,,BmMT 2023 Individual #4,2023,Geometry,BmMT,1.0,,"A rectangle has an area of 12. If all of its sidelengths are increased by 2, its area becomes 32.
What is the perimeter of the original rectangle?",aime_ready_integers,N/A,
2/7,,BmMT 2023 Individual #6,2023,Counting,BmMT,1.0,,"Priscilla has three octagonal prisms and two cubes, none of which are touching each other. If she
chooses a face from these five objects in an independent and uniformly random manner, what
is the probability the chosen face belongs to a cube?",fractions,"Priscilla has three octagonal prisms and two cubes, none of which are touching each other. Let s be the probability that a face chosen from these five objects in an independent and uniformly random manner belongs to a cube. If s can be expressed as m/n, where m and n are relatively prime positive integers, find the value of m + n.",
π/2 + 1 + 2√2,,BmMT 2023 Individual #7,2023,Geometry,BmMT,1.5,,"Let triangle $\triangle ABC$ and triangle $\triangle DEF$ be two congruent isosceles right triangles where line
segments $AC$ and $DF$ are their respective hypotenuses. Connecting a line segment CF gives
us a square ACFD but with missing line segments AC, AD, and DF. Instead, A and D are
connected by an arc defined by the semicircle with endpoints A and D. If CF = 1, what is the
perimeter of the whole shape ABCFED?",misc,N/A,
7/10,,BmMT 2023 Individual #8,2023,Counting,BmMT,1.5,,"There are two moles that live underground, and there are five circular holes that the moles can
hop out of. The five holes are positioned where A, B, C, D,
and E are the centers of the circles, AE = 30 cm, and congruent triangles $\triangle ABC$, $\triangle CBD$, and
$\triangle CDE$ are equilateral. The two moles randomly choose exactly two of the five holes, hop out
of the two chosen holes, and hop back in. What is the probability that the holes that the two
moles hop out of have centers that are exactly 15 cm apart?",fractions,"There are two moles that live underground, and there are five circular holes that the moles can hop out of. The five holes are positioned where A, B, C, D, and E are the centers of the circles, AE = 30 cm, and congruent triangles $\triangle ABC$, $\triangle CBD$, and $\triangle CDE$ are equilateral. The two moles randomly choose exactly two of the five holes, hop out of the two chosen holes, and hop back in. Let s be the probability that the holes that the two moles hop out of have centers that are exactly 15 cm apart. If s can be expressed as m/n, where m and n are relatively prime positive integers, find m + n.",
13,,BmMT 2023 Individual #9,2023,Number Theory,BmMT,1.5,,"Carson is planning a trip for n people. Let x be the number of cars that will be used and y
be the number of people per car. What is the smallest value of n such that there are exactly 3
possibilities for x and y so that y is an integer, x < y, and exactly one person is left without a
car?",aime_ready_integers,N/A,
9,,BmMT 2023 Individual #10,2023,Geometry,BmMT,1.5,,"Iris is eating an ice cream cone, which consists of a hemisphere of ice cream with radius r > 0
on top of a cone with height 12 and also radius r. Iris is a slow eater, so after eating one-third
of the ice cream, she notices that the rest of the ice cream has melted and completely filled the
cone. Assuming the ice cream did not change volume after it melted, what is the value of r?",aime_ready_integers,N/A,
83,,BmMT 2023 Individual #11,2023,Algebra,BmMT,1.5,,"As Natasha begins eating brunch between 11:30 AM and 12 PM, she notes that the smaller angle
between the minute and hour hand of the clock is 27 degrees. What is the number of degrees
in the smaller angle between the minute and hour hand when Natasha finishes eating brunch 20
minutes later?",aime_ready_integers,N/A,
1/6,,BmMT 2023 Individual #12,2023,Counting,BmMT,2.0,,"On a regular hexagon ABCDEF, Luke the frog starts at point A; there is food on points C and
E and there are crocodiles on points B and D. When Luke is on a point, he hops to any of the
five other vertices with equal probability. What is the probability that Luke will visit both of
the points with food before visiting any of the crocodiles?",fractions,"On a regular hexagon ABCDEF, Luke the frog starts at point A; there is food on points C and E and there are crocodiles on points B and D. When Luke is on a point, he hops to any of the five other vertices with equal probability. Let s be the probability that Luke will visit both of the points with food before visiting any of the crocodiles. If s can be expressed as m/n, where m and n are relatively prime positive integers, what is m + n?",
5398,,BmMT 2023 Individual #13,2023,Geometry,BmMT,2.0,,"2023 regular unit hexagons are arranged in a tessellating lattice, as follows. The first hexagon
ABCDEF (with vertices in clockwise order) has leftmost vertex A at the origin, and hexagons
$H_2$ and $H_3$ share edges CD and DE with hexagon $H_1$, respectively. Hexagon $H_4$ shares edges
with both hexagons $H_2$ and $H_3$, and hexagons $H_5$ and $H_6$ are constructed similarly to hexagons
$H_2$ and $H_3$. Hexagons $H_7$ to $H_{2022}$ are constructed following the pattern of hexagons $H_4$,
$H_5$, $H_6$. Finally, hexagon $H_{2023}$ is constructed, sharing an edge with both hexagons $H_{2021}$ and $H_{2022}$.
Compute the perimeter of the resulting figure.",large_integers,"2023 regular unit hexagons are arranged in a tessellating lattice, as follows. The first hexagon
ABCDEF (with vertices in clockwise order) has leftmost vertex A at the origin, and hexagons
$H_2$ and $H_3$ share edges CD and DE with hexagon $H_1$, respectively. Hexagon $H_4$ shares edges
with both hexagons $H_2$ and $H_3$, and hexagons $H_5$ and $H_6$ are constructed similarly to hexagons
$H_2$ and $H_3$. Hexagons $H_7$ to $H_{2022}$ are constructed following the pattern of hexagons $H_4$,
$H_5$, $H_6$. Finally, hexagon $H_{2023}$ is constructed, sharing an edge with both hexagons $H_{2021}$ and $H_{2022}$.
Let n be the perimeter of the resulting figure. Find the remainder when n is divided by 1000.",
29,,BmMT 2023 Individual #14,2023,Algebra,BmMT,2.0,,"Aditya's favorite number is a positive two-digit integer. Aditya sums the integers from 5 to his
favorite number, inclusive. Then, he sums the next 12 consecutive integers starting after his
favorite number. If the two sums are consecutive integers and the second sum is greater than
the first sum, what is Aditya's favorite number?",aime_ready_integers,N/A,
499950,,BmMT 2023 Individual #15,2023,Algebra,BmMT,2.0,,"The $100^{th}$ anniversary of BMT will fall in the year 2112, which is a palindromic year. Compute
the sum of all years from 0000 to 9999, inclusive, that are palindromic when written out as
four-digit numbers (including leading zeros). Examples include 2002, 1991, and 0110.",large_integers,"The $100^{th}$ anniversary of BMT will fall in the year 2112, which is a palindromic year. Compute
the sum of all years from 0000 to 9999, inclusive, that are palindromic when written out as
four-digit numbers (including leading zeros). Examples include 2002, 1991, and 0110. Let n be this sum. Find the remainder when n is divided by 1000.",
15,,BmMT 2023 Individual #16,2023,Geometry,BmMT,2.5,,"Points A, B, C, D, and E lie on line r, in that order, such that DE = 2DC and AB = 2BC.
Let M be the midpoint of segment AC. Finally, let point P lie on r such that PE = x. If
AB = 8x, ME = 9x, and AP = 112, compute the sum of the two possible values of CD.",aime_ready_integers,N/A,
30,,BmMT 2023 Individual #17,2023,Algebra,BmMT,2.5,,"A parabola $y = x^2$ in the xy-plane is rotated $180^{\circ}$ about a point (a, b). The resulting parabola
has roots at x = 40 and x = 48. Compute a + b.",aime_ready_integers,N/A,
35/72,,BmMT 2023 Individual #18,2023,Counting,BmMT,3.0,,"Susan has a standard die with values 1 to 6. She plays a game where every time she rolls the
die, she permanently increases the value on the top face by 1. What is the probability that,
after she rolls her die 3 times, there is a face on it with a value of at least 7?",fractions,"Susan has a standard die with values 1 to 6. She plays a game where every time she rolls the die, she permanently increases the value on the top face by 1. Let s be the probability that, after she rolls her die 3 times, there is a face on it with a value of at least 7. If s can be expressed as m/n, where m and n are relatively prime positive integers, what is the value of m + n?",
115,,BmMT 2023 Individual #19,2023,Number Theory,BmMT,3.5,,"Let N be a 6-digit number satisfying the property that the average value of the digits of $N^4$ is
5. Compute the sum of the digits of $N^4$.",aime_ready_integers,N/A,
√(4 + 2√2) - 1,,BmMT 2023 Individual #20,2023,Geometry,BmMT,3.5,,"Let $O_1$, $O_2$,\ldots, $O_8$ be circles of radius 1 such that $O_1$ is externally tangent to $O_8$ and $O_2$ but
no other circles, $O_2$ is externally tangent to $O_1$ and $O_3$ but no other circles, and so on. Let C
be a circle that is externally tangent to each of $O_1$, $O_2$, $O_3$, \ldots, $O_8$. Compute the radius of C.",misc,N/A,
3/2,,BmMT 2023 Team #1,2023,Algebra,BmMT,1.0,,"There exist real numbers $B$, $M$, and $T$ such that $B + M + T = 23$ and $B - M - T = 20$.
Compute $M + T$.",fractions,"Let s be the sum of M and T. If s can be expressed as m/n, where m and n are relatively prime positive integers, find the value of m + n.",
5,,BmMT 2023 Team #2,2023,Geometry,BmMT,1.0,,"Kaity has a rectangular garden that measures 10 yards by 12 yards. Austin's triangular garden
has side lengths 6 yards, 8 yards, and 10 yards. Compute the ratio of the area of Kaity's garden
to the area of Austin's garden.",aime_ready_integers,N/A,
65,,BmMT 2023 Team #3,2023,Algebra,BmMT,1.0,,"Nikhil's mom and brother both have ages under 100 years that are perfect squares. His mom is
33 years older than his brother. Compute the sum of their ages.",aime_ready_integers,N/A,
3,,BmMT 2023 Team #4,2023,Counting,BmMT,1.5,,"Madison wants to arrange 3 identical blue books and 2 identical pink books on a shelf so that
each book is next to at least one book of the other color. In how many ways can Madison
arrange the books?",aime_ready_integers,N/A,
10,,BmMT 2023 Team #5,2023,Algebra,BmMT,1.5,,"Two friends, Anna and Bruno, are biking together at the same initial speed from school to the
mall, which is 6 miles away. Suddenly, 1 mile in, Anna realizes that she forgot her calculator
at school. If she bikes 4 miles per hour faster than her initial speed, she could head back to
school and still reach the mall at the same time as Bruno, assuming Bruno continues biking
towards the mall at their initial speed. In miles per hour, what is Anna and Bruno's initial
speed, before Anna has changed her speed? (Assume that the rate at which Anna and Bruno
bike is constant.)",aime_ready_integers,N/A,
12962,,BmMT 2023 Team #6,2023,Number Theory,BmMT,1.5,,"Let a number be ""almost-perfect"" if the sum of its digits is 28. Compute the sum of the third
smallest and third largest almost-perfect 4-digit positive integers.",large_integers,"Let a number be ""almost-perfect"" if the sum of its digits is 28. Compute the sum of the third smallest and third largest almost-perfect 4-digit positive integers. Let n be this sum. Find the remainder when n is divided by 1000.",
10+2√3,,BmMT 2023 Team #7,2023,Geometry,BmMT,1.5,,"Regular hexagon ABCDEF is contained in rectangle PQRS such that line AB lies on line PQ,
point C lies on line QR, line DE lies on line RS, and point F lies on line SP. Given that
PQ = 4, compute the perimeter of AQCDSF.",roots,"In rectangle PQRS, a regular hexagon ABCDEF is inscribed such that AB is on PQ, C is on QR, DE is on RS, and F is on SP. Given the length of PQ is 4, let x be the perimeter of polygon AQCDSF. If x can be expressed in the form of m√n + c, where m, n, and c are positive integers and n is not divisible by the square of a prime, find the sum m + n + c.",
16,,BmMT 2023 Team #8,2023,Number Theory,BmMT,1.5,,"Compute the number of ordered pairs $(m, n)$, where $m$ and $n$ are relatively prime positive
integers and $mn = 2520$. (Note that positive integers $x$ and $y$ are relatively prime if they share
no common divisors other than 1. For example, this means that 1 is relatively prime to every
positive integer.)",aime_ready_integers,N/A,
2013,,BmMT 2023 Team #9,2023,Algebra,BmMT,2.0,,"A geometric sequence with more than two terms has first term $x$, last term 2023, and common
ratio $y$, where $x$ and $y$ are both positive integers greater than 1. An arithmetic sequence with
a finite number of terms has first term $x$ and common difference $y$. Also, of all arithmetic
sequences with first term $x$, common difference $y$, and no terms exceeding 2023, this sequence
is the longest. What is the last term of the arithmetic sequence?",large_integers,Let n be the last term of the arithmetic sequence. Find the remainder when n is divided by 1000.,
5/42,,BmMT 2023 Team #10,2023,Counting,BmMT,2.0,,"Andrew is playing a game where he must choose three slips, uniformly at random and without
replacement, from a jar that has nine slips labeled 1 through 9. He wins if the sum of the three
chosen numbers is divisible by 3 and one of the numbers is 1. What is the probability Andrew
wins?",fractions,"Andrew is playing a game where he must choose three slips, uniformly at random and without replacement, from a jar that has nine slips labeled 1 through 9. He wins if the sum of the three chosen numbers is divisible by 3 and one of the numbers is 1. Let s be the probability that Andrew wins. If s can be expressed as m/n, where m and n are relatively prime positive integers, find m + n.",
16/25,,BmMT 2023 Team #11,2023,Geometry,BmMT,2.0,,"Circle $O$ is inscribed in square $ABCD$. Let $E$ be the point where $O$ meets line segment $AB$.
Line segments $EC$ and $ED$ intersect $O$ at points $P$ and $Q$, respectively. Compute the ratio of
the area of triangle $\triangle EPQ$ to the area of triangle $\triangle ECD$.",fractions,"Let s be the ratio of the area of triangle $\triangle EPQ$ to the area of triangle $\triangle ECD$. If s can be expressed as m/n, where m and n are relatively prime positive integers, find m + n.",
819,,BmMT 2023 Team #12,2023,Algebra,BmMT,2.5,,"Define a recursive sequence by $a_1 = \frac{1}{2}$ and $a_2 = 1$, and
$a_n = \frac{1 + a_{n-1}}{a_{n-2}}$ for $n \geq 3$. The product
$a_1 a_2 a_3 \ldots a_{2023}$
can be expressed in the form $a^b \cdot c^d \cdot e^f$, where $a$, $b$, $c$, $d$, $e$, and $f$ are positive (not necessarily
distinct) integers, and $a$, $c$, and $e$ are prime. Compute $a + b + c + d + e + f$.",aime_ready_integers,N/A,
7,,BmMT 2023 Team #13,2023,Number Theory,BmMT,2.5,,"An increasing sequence of 3-digit positive integers satisfies the following properties:
1. Each number is a multiple of 2, 3, or 5.

2. Adjacent numbers differ by only one digit and are relatively prime. (Note that positive
integers $x$ and $y$ are relatively prime if they share no common divisors other than 1.)

What is the maximum possible length of the sequence?",aime_ready_integers,N/A,
4√5,,BmMT 2023 Team #14,2023,Geometry,BmMT,3.0,,"Circles $O_A$ and $O_B$ with centers $A$ and $B$, respectively, have radii 3 and 8, respectively, and
are internally tangent to each other at point $P$. Point $C$ is on circle $O_A$ such that line $BC$ is
tangent to circle $O_A$. Extend line $PC$ to intersect circle $O_B$ at point $D \neq P$. Compute $CD$.",roots,"Two circles, $O_A$ and $O_B$, with centers $A$ and $B$ respectively, have radii $3$ and $8$ respectively, and are internally tangent to each other at point $P$. Point $C$ is on circle $O_A$ such that line $BC$ is tangent to circle $O_A$. Line $PC$ is extended to intersect circle $O_B$ at point $D \neq P$. Let $x$ be the length of segment $CD$. If $x$ can be written in the form $m\sqrt{n}$, where $m$ and $n$ are positive integers and $n$ is not divisible by the square of any prime, find $m+n$.",
-35,,BmMT 2023 Team #15,2023,Algebra,BmMT,3.0,,Compute the product of all real solutions $x$ to the equation $x^2 + 20x - 23 = 2\sqrt{x^2 + 20x + 1}$.,negative_integers,Denote by n the product of all real solutions $x$ to the equation $x^2 + 20x - 23 = 2\sqrt{x^2 + 20x + 1}$. Find the absolute value of n.,
90,,BmMT 2023 Team #16,2023,Number Theory,BmMT,3.0,,"Compute the number of divisors of $729,000,000$ that are perfect powers. (A perfect power is an
integer that can be written in the form $a^b$, where $a$ and $b$ are positive integers and $b > 1$.)",aime_ready_integers,N/A,
380,,BmMT 2023 Team #17,2023,Algebra,BmMT,3.5,,"The arithmetic mean of two positive integers $x$ and $y$, each less than 100, is 4 more than their
geometric mean. Given $x > y$, compute the sum of all possible values for $x + y$. (Note that the
geometric mean of $x$ and $y$ is defined to be $\sqrt{xy}$.)",aime_ready_integers,N/A,
258,,BmMT 2023 Team #18,2023,Number Theory,BmMT,3.5,,"Ankit and Richard are playing a game. Ankit repeatedly writes the digits 2, 0, 2, 3, in that
order, from left to right on a board until Richard tells him to stop. Richard wins if the resulting
number, interpreted as a base-10 integer, is divisible by as many positive integers less than or
equal to 12 as possible. For example, if Richard stops Ankit after 7 digits have been written,
the number would be 2023202, which is divisible by 1 and 2. Richard wants to win the game as
early as possible. Assuming Ankit must write at least one digit, after how many digits should
Richard stop Ankit?",aime_ready_integers,N/A,
744,,BmMT 2023 Team #19,2023,Counting,BmMT,4.0,,"Eight chairs are set around a circular table. Among these chairs, two are red, two are blue, two
are green, and two are yellow. Chairs that are the same color are identical. If rotations and
reflections of arrangements of chairs are considered distinct, how many arrangements of chairs
satisfy the property that each pair of adjacent chairs are different colors?",aime_ready_integers,N/A,
√2/4,,BmMT 2023 Team #20,2023,Geometry,BmMT,4.5,,"Four congruent spheres are placed inside a right-circular cone such that they are all tangent to
the base and the lateral face of the cone, and each sphere is tangent to exactly two other spheres.
If the radius of the cone is 1 and the height of the cone is $2\sqrt{2}$, what is the radius of one of the
spheres?",roots,"Four identical spheres are placed inside a right-circular cone such that they are all tangent to the base and the lateral face of the cone, and each sphere is tangent to exactly two other spheres. The radius of the cone is 1 and the height of the cone is $2\sqrt{2}$. Let x be the radius of one of the spheres. If x can be written as m√n/k, where m and k are relatively prime positive integers and n is not divisible by the square of a prime, find m + n + k.",
28,,BMT 2024 General #1,2024,Algebra,BMT,1.0,,"Compute
$2 + 0 + 2 + 4 + 2 \times 0 + 2 \times 2 + 2 \times 4 + 0 \times 2 + 0 \times 4 + 2 \times 4$.",aime_ready_integers,N/A,
43,,BMT 2024 General #2,2024,Algebra,BMT,11.0,,"When the odd positive two-digit number 11 is added to 46, the result is 57, whose sum of digits
is $5 + 7 = 12$.\\
What odd positive two-digit number can be added to 46 so the result is a number whose digits
sum to 17?",aime_ready_integers,N/A,
45,,BMT 2024 General #3,2024,Algebra,BMT,1.0,,"At a certain point in time, Nikhil had 3 more apples than Brian. Theo then gave Nikhil 9 apples
and took away 3 apples from Brian. Now, Nikhil has twice as many apples as Brian. Compute
the number of apples that Nikhil and Brian now have in total.",aime_ready_integers,N/A,
4 + 2π/3,,BMT 2024 General #4,2024,Geometry,BMT,1.0,,"Jessica cuts a pie into perfect sixths. If the pie's radius is 2, what is the perimeter of one slice
of the pie?",misc,N/A,
2024/4047,,BMT 2024 General #5,2024,Algebra,BMT,1.5,,"Find the smallest number among the following numbers:
$\frac{7}{13}$, $\frac{10}{19}$, $\frac{5}{9}$, $\frac{3}{5}$, $\frac{2023}{4045}$, $\frac{6}{11}$, $\frac{2024}{4047}$, $\frac{4}{7}$.",fractions,"Find the smallest number among the following numbers:
$\frac{7}{13}$, $\frac{10}{19}$, $\frac{5}{9}$, $\frac{3}{5}$, $\frac{2023}{4045}$, $\frac{6}{11}$, $\frac{2024}{4047}$, $\frac{4}{7}$. Let s be the smallest number among these. If s can be expressed as m/n, where m and n are relatively prime positive integers, find the sum of m and n.",
939,,BMT 2024 General #6,2024,Number Theory,BMT,1.5,,"Find the third-largest three-digit multiple of three that is a palindrome. (Recall that a palindrome is a number that reads the same forward and backward, such as 444 or 838, but not
227.)",aime_ready_integers,N/A,
20,,BMT 2024 General #7,2024,Counting,BMT,1.5,,"Café BMT makes their famous Bacon, Mozzarella, Tomato sandwich with 3 strips of bacon, 1
slice of mozzarella, and 1 tomato slice stacked on top of each other. How many ways can the
toppings of a Bacon, Mozzarella, Tomato sandwich be arranged?",aime_ready_integers,N/A,
10π,,BMT 2024 General #8,2024,Geometry,BMT,1.5,,"On a chalkboard, Benji draws a square with side length 6. He then splits each side into 3 equal
segments using 2 points for a total of 12 segments and 8 points. After trying some shapes, Benji
finds that by using a circle, he can connect all 8 points together. What is the area of this circle?",pi,"On a chalkboard, Benji draws a square with side length 6. He then splits each side into 3 equal segments using 2 points for a total of 12 segments and 8 points. After trying some shapes, Benji finds that by using a circle, he can connect all 8 points together. Let n be the area of this circle. If n can be written as aπ, where a is a positive integer, find a.",
-2,,BMT 2024 General #9,2024,Algebra,BMT,1.5,,"Find the real number $x$ satisfying
$\frac{x^2 - 20}{x^2 + 20x + 4} = \frac{x^2 - 24}{x^2 + 24x + 4} = \frac{1}{2}$.",negative_integers,Denote by $n$ the real number satisfying the equation $\frac{n^2 - 20}{n^2 + 20n + 4} = \frac{n^2 - 24}{n^2 + 24n + 4} = \frac{1}{2}$. Find the absolute value of $n$.,
-22,,BMT 2024 General #10,2024,Algebra,BMT,1.5,,"Suppose $a_1, a_2, \ldots$ is an arithmetic sequence, and suppose $g_1, g_2, \ldots$ is a geometric sequence
with common ratio 2. Suppose $a_1 + g_1 = 1$ and $a_2 + g_2 = 1$. If $a_{24} = g_7$, find $a_{2024}$.",negative_integers,"Suppose $a_1, a_2, \ldots$ is an arithmetic sequence, and suppose $g_1, g_2, \ldots$ is a geometric sequence
with common ratio 2. Suppose $a_1 + g_1 = 1$ and $a_2 + g_2 = 1$. If $a_{24} = g_7$, denote by n the value of $a_{2024}$. Find the absolute value of n.",
26400,,BMT 2024 General #11,2024,Counting,BMT,1.5,,"The 35-step staircase of Sather Tower is being renovated. Each step will be painted a single
color such that the stairs repeat color every 5 steps. There are 14 available stair colors, including
blue and gold. Both blue and gold must be used, and each color may only cover up to 10 steps.
With these restrictions, in how many different ways can the stairs be colored?",large_integers,"The 35-step staircase of Sather Tower is being renovated. Each step will be painted a single color such that the stairs repeat color every 5 steps. There are 14 available stair colors, including blue and gold. Both blue and gold must be used, and each color may only cover up to 10 steps. Let n be the total number of different ways the stairs can be colored with these restrictions. Find the remainder when n is divided by 1000.",
1,,BMT 2024 General #12,2024,Algebra,BMT,2.0,,"Find the greatest integer less than
$\frac{2}{1} - \frac{2}{2} + \frac{2}{3} - \frac{2}{4} + \frac{2}{5} - \frac{2}{6} + \cdots - \frac{2}{2024}$.",aime_ready_integers,N/A,
11,,BMT 2024 General #13,2024,Number Theory,BMT,2.0,,"Find the number of positive integers, $n$, such that $\frac{20 + n}{24 - n}$ is an integer.",aime_ready_integers,N/A,
406,,BMT 2024 General #14,2024,Number Theory,BMT,2.0,,"How many terms of the sequence $3^1 + 1, 3^2 + 2, 3^3 + 3, \ldots, 3^{2024} + 2024$ are divisible by 5?",aime_ready_integers,N/A,
699,,BMT 2024 General #15,2024,Algebra,BMT,2.0,,"For a real number $n$, let $\lfloor n \rfloor$ be the greatest integer less than or equal to $n$ and let $\lceil n \rceil$ be the
smallest integer greater than or equal to $n$. For example, $\lfloor 2.5 \rfloor = 2$ and $\lfloor 2 \rfloor = 2$, while $\lceil 2.5 \rceil = 3$
and $\lceil 2 \rceil = 2$. Find the greatest integer $x$ such that $\left\lfloor \frac{x}{20} \right\rfloor + 20 = \left\lfloor \frac{x}{24} \right\rfloor + 24$.",aime_ready_integers,N/A,
13√3 - 4π/3,,BMT 2024 General #16,2024,Geometry,BMT,2.5,,"A square with side length 6 has a circle with radius 2 inside of it, with the centers of the square
and circle vertically aligned. Aarush is standing 4 units directly above the center of the circle,
at point $P$. What is the area of the region inside the square that he can see?",misc,N/A,
44,,BMT 2024 General #17,2024,Counting,BMT,2.5,,"Eight players are seated around a circular table. Each player is assigned to either Team Green
or Team Yellow so that each team has at least one player. In how many ways can the players be
assigned to the teams such that each player is on the same team as at least one player adjacent
to them?",aime_ready_integers,N/A,
√37,,BMT 2024 General #18,2024,Geometry,BMT,2.5,,"Two circles, $\omega_1$ and $\omega_2$, are internally tangent at $A$. Let $B$ be the point on $\omega_2$ opposite of $A$.
The radius of $\omega_1$ is 4 times the radius of $\omega_2$. Point $P$ is chosen on the circumference of $\omega_1$ such
that the ratio $\frac{AP}{BP} = \frac{2\sqrt{3}}{\sqrt{7}}$. Let $O$ denote the center of $\omega_2$. Determine the ratio $\frac{OP}{AO}$.",roots,"Two circles, $\omega_1$ and $\omega_2$, are internally tangent at $A$. Let $B$ be the point on $\omega_2$ opposite of $A$. The radius of $\omega_1$ is 4 times the radius of $\omega_2$. Point $P$ is chosen on the circumference of $\omega_1$ such that the ratio $\frac{AP}{BP} = \frac{2\sqrt{3}}{\sqrt{7}}$. Let $O$ denote the center of $\omega_2$. Let x be the ratio $\frac{OP}{AO}$. If x can be written as √n, where n is not divisible by the square of a prime, find n.",
240402402024,,BMT 2024 General #19,2024,Number Theory,BMT,2.5,,"Consider an $n$-digit number $d_1 d_2 d_3 \ldots d_n$ such that:
1. there are no leading zeroes,
2. the number formed from the first $k$ digits $d_1 \ldots d_k$ is divisible by $k$ (for all $1 \leq k \leq n$), and
3. all of the digits are either 0, 2, or 4.
If the number ends in the digits 2 0 2 4, what's the minimum value the number can be?",large_integers,"Consider an $n$-digit number $d_1 d_2 d_3 \ldots d_n$ such that:
1. there are no leading zeroes,
2. the number formed from the first $k$ digits $d_1 \ldots d_k$ is divisible by $k$ (for all $1 \leq k \leq n$), and
3. all of the digits are either 0, 2, or 4.
If the number ends in the digits 2 0 2 4, let n be the minimum value this number can be. Find the remainder when n is divided by 1000.",
66/25,,BMT 2024 General #20,2024,Geometry,BMT,3.0,,"Let $U$ and $C$ be two circles, and kite BERK have vertices that lie on $U$ and sides that are
tangent to $C$. Given that the diagonals of the kite measure 5 and 6, find the ratio of the area of
$U$ to the area of $C$.",fractions,"Let $U$ and $C$ be two circles, and kite BERK have vertices that lie on $U$ and sides that are
tangent to $C$. Given that the diagonals of the kite measure 5 and 6, let s be the ratio of the area of
$U$ to the area of $C$. If s can be expressed as m/n, where m and n are relatively prime positive integers, find the value of m + n.",
5/81,,BMT 2024 General #21,2024,Counting,BMT,3.5,,"Clara has a pair of nine-sided fair dice, each of whose faces are labeled $1, 2, 3, \ldots, 9$. Justin also
has a pair of nine-sided fair dice, and the faces of his dice have positive integer labels, but one
of Justin's dice has the number 13. When Clara and Justin roll their dice, it turns out that for
every number $S$, the probability that the sum of the results of Clara's dice is $S$ is equal to the
probability that the sum of the results of Justin's dice is $S$. What is the probability that when
Justin's dice are rolled, the results of the dice are equal?",fractions,"Clara has a pair of nine-sided fair dice, each of whose faces are labeled $1, 2, 3, \ldots, 9$. Justin also
has a pair of nine-sided fair dice, and the faces of his dice have positive integer labels, but one
of Justin's dice has the number 13. When Clara and Justin roll their dice, it turns out that for
every number $S$, the probability that the sum of the results of Clara's dice is $S$ is equal to the
probability that the sum of the results of Justin's dice is $S$. Let s be the probability that when
Justin's dice are rolled, the results of the dice are equal. If s can be expressed as m/n, where m and n are relatively prime positive integers, find m + n.",
3,,BMT 2024 General #22,2024,Algebra,BMT,3.5,,"There exist nonzero real numbers $B$, $M$, and $T$ that satisfy the equations:
$2B + M + T - 2B^2 - 2BM - 2MT - 2BT = 0,$
$B + 2M + T - 3M^2 - 3BM - 3MT - 3BT = 0,$
$B + M + 2T - 4T^2 - 4BM - 4MT - 4BT = 0.$
Compute $2B + 3M + 4T$.",aime_ready_integers,N/A,
6020,,BMT 2024 General #23,2024,Number Theory,BMT,4.0,,"Find the greatest multiple of 43 whose base 6 representation is a permutation of the digits
1, 2, 3, 4, and 5. (Express your answer in base 10).",large_integers,"Find the greatest multiple of 43 whose base 6 representation is a permutation of the digits 1, 2, 3, 4, and 5. Let n be this number. Find the remainder when n is divided by 1000.",
89,,BMT 2024 General #24,2024,Algebra,BMT,4.5,,"Compute the number of positive integer triples $(B, M, T)$ satisfying $B, M, T < 24$ and
$BM + MT + BT = (B + M + T)\sqrt[3]{BMT}$.",aime_ready_integers,N/A,
2160,,BMT 2024 General #25,2024,Number Theory,BMT,5.5,,"For an arbitrary positive integer $n$, we define $f(n)$ to be the number of ordered 5-tuples of
positive integers, $(a_1, a_2, a_3, a_4, a_5)$, such that $a_1 a_2 a_3 a_4 a_5 \mid n$. Compute the sum of all $n$ for
which $f(n)/n$ is maximized.",large_integers,"For an arbitrary positive integer $n$, we define $f(n)$ to be the number of ordered 5-tuples of positive integers, $(a_1, a_2, a_3, a_4, a_5)$, such that $a_1 a_2 a_3 a_4 a_5 \mid n$. Let n be the sum of all $n$ for which $f(n)/n$ is maximized. Find the remainder when n is divided by 1000.",
6072,,BMT 2024 Algebra #5,2024,Algebra,BMT,3.0,,"An ordered pair $(a, b)$ of real numbers is $Z$-nice if $x^3 + ax + b$ has 3 distinct roots $p, q, r$ such
that $|p - 2024| = |q - 2024| = |r - 2024| = Z$. Find the greatest possible real value of $Z$ such
that there is exactly one $Z$-nice ordered pair.",large_integers,"An ordered pair $(a, b)$ of real numbers is $Z$-nice if $x^3 + ax + b$ has 3 distinct roots $p, q, r$ such that $|p - 2024| = |q - 2024| = |r - 2024| = Z$. Let n be the greatest possible real value of $Z$ such that there is exactly one $Z$-nice ordered pair. Find the remainder when n is divided by 1000.",
128,,BMT 2024 Algebra #8,2024,Algebra,BMT,6.0,,"Let $\alpha$ be a positive real number. Over all choices of positive real numbers $w, x, y, z$ satisfying
$wx + yz = \alpha$,
$wy + xz = \alpha$,
$wz + xy = \alpha$,
the minimum value of $w + 2x + 3y + 4z$ is $\frac{\alpha}{2}$. Compute $\alpha$.",aime_ready_integers,N/A,
(2√3)/3 - 1,,BMT 2024 Algebra #9,2024,Algebra,BMT,6.5,,"Define two sequences of real numbers, $\{a_n\}$ and $\{b_n\}$, such that $a_0 = b_0 = \sqrt{3}$ and for $n \geq 0$:
$a_{n+1} = a_n + \sqrt{1 + a_n^2}$ and 
$b_{n+1} = \frac{b_n}{1 + \sqrt{1 + b_n^2}}$
Find the smallest real number $M$ such that $M > |a_i b_i - a_j b_j|$ for any integers $i, j > 0$.",misc,N/A,
91,,BMT 2024 Algebra #10,2024,Algebra,BMT,7.0,,"Let $\omega = e^{\frac{2\pi i}{5}}$, where $i = \sqrt{-1}$. If
$$S = \prod_{0\leq a,b,c<5}\left(\omega^a - \sec\left(\frac{2\pi(b-a)}{5}\right) \cdot \omega^b + \omega^c\right),$$
compute the remainder when $S$ is divided by 101.",aime_ready_integers,N/A,
2/5,,BMT 2024 Discrete #7,2024,Counting,BMT,3.5,,"Gigi randomly rearranges four G's and seven I's to form an eleven-letter string. What is the probability that there is a group of four consecutive letters that form ""GIGI,"" her name?",fractions,"Gigi randomly rearranges four G's and seven I's to form an eleven-letter string. Let s be the probability that there is a group of four consecutive letters that form ""GIGI,"" her name. If s can be expressed as m/n, where m and n are relatively prime positive integers, find m + n.",
81,,BMT 2024 Discrete #9,2024,Number Theory,BMT,4.0,,"Compute the remainder when
$$\left(4^{1^2} + 4^{2^2} + 4^{3^2} + \cdots + 4^{82^2}\right)^2$$
is divided by 83.",aime_ready_integers,N/A,
20616,,BMT 2024 Discrete #10,2024,Counting,BMT,5.5,,"The positive integers 1 through 9 are placed in the 9 cells of a $3 \times 3$ grid. Then, for every pair of cells sharing a side, the sum of the numbers in that pair is recorded in a list. The most number of times any number occurs in the list is 4. In how many ways could numbers have been placed in the grid?",large_integers,"The positive integers 1 through 9 are placed in the 9 cells of a $3 \times 3$ grid. Then, for every pair of cells sharing a side, the sum of the numbers in that pair is recorded in a list. The most number of times any number occurs in the list is 4. Let n be the number of ways numbers could have been placed in the grid. Find the remainder when n is divided by 1000.",
448/15,,BMT 2024 Geometry #6,2024,Geometry,BMT,3.5,,"Let triangle $\triangle ABC$ be acute. Point $D$ is the foot of the altitude of $\triangle ABC$ from $A$ to $BC$, and
$E$ is the foot of the altitude of $\triangle ABC$ from $B$ to $AC$. Let $F$ denote the point of intersection
between $\overrightarrow{BE}$ and $\overrightarrow{AD}$, and let $G$ denote the point of intersection between $\overrightarrow{CF}$ and $\overrightarrow{DE}$. The
areas of triangles $\triangle EFG$, $\triangle CDG$, and $\triangle CEG$ are 1, 4, and 3 respectively. Find the area of
$\triangle ABC$.",fractions,"Let s be the area of triangle ABC. If s can be expressed as m/n, where m and n are relatively prime positive integers, find the value of m + n.",
48/5,,BMT 2024 Geometry #7,2024,Geometry,BMT,4.5,,"In parallelogram $ABCD$, $E$ is a point on $AD$ such that $CE \perp AD$, $F$ is a point on $CD$ such
that $AF \perp CD$, and $G$ is a point on $BC$ such that $AG \perp BC$. Let $H$ be a point on $GF$ such
that $AH \perp GF$, and let $J$ be the intersection of $\overleftrightarrow{EF}$ and $\overleftrightarrow{BC}$. Given that $AH = 8$, $AE = 6$,
and $EF = 4$, compute $CJ$.",fractions,"In parallelogram $ABCD$, $E$ is a point on $AD$ such that $CE \perp AD$, $F$ is a point on $CD$ such that $AF \perp CD$, and $G$ is a point on $BC$ such that $AG \perp BC$. Let $H$ be a point on $GF$ such that $AH \perp GF$, and let $J$ be the intersection of $\overleftrightarrow{EF}$ and $\overleftrightarrow{BC}$. Given that $AH = 8$, $AE = 6$, and $EF = 4$, let $s$ be the length of segment $CJ$. If $s$ can be expressed as $m/n$, where $m$ and $n$ are relatively prime positive integers, find the value of $m + n$.",
81/20,,BMT 2024 Geometry #8,2024,Geometry,BMT,5.0,,"Points $A$, $B$, $C$, $D$, $E$, and $F$ lie on a sphere with radius $\sqrt{10}$ such that lines $\overleftrightarrow{AD}$, $\overleftrightarrow{BE}$, and
$\overleftrightarrow{CF}$ are concurrent at point $P$ inside the sphere and are pairwise perpendicular. If $PA = \sqrt{6}$,
$PB = \sqrt{10}$, and $PC = \sqrt{15}$, what is the volume of tetrahedron $DEFP$?",fractions,"Points $A$, $B$, $C$, $D$, $E$, and $F$ lie on a sphere with radius $\sqrt{10}$ such that lines $\overleftrightarrow{AD}$, $\overleftrightarrow{BE}$, and
$\overleftrightarrow{CF}$ are concurrent at point $P$ inside the sphere and are pairwise perpendicular. If $PA = \sqrt{6}$,
$PB = \sqrt{10}$, and $PC = \sqrt{15}$, let s be the volume of tetrahedron $DEFP$. If s can be expressed as m/n, where m and n are relatively prime positive integers, what is the value of m + n?",
128,,BMT 2024 Geometry #9,2024,Geometry,BMT,6.0,,"Let $\triangle ABC$ be a triangle with incenter $I$, and let $M$ be the midpoint of $BC$. Line $\overleftrightarrow{AM}$ intersects
the circumcircle of triangle $\triangle IBC$ at points $P$ and $Q$. Suppose that $AP = 13$, $AQ = 83$, and
$BC = 56$. Find the perimeter of $\triangle ABC$.",aime_ready_integers,N/A,
(343√2)/16,,BMT 2024 Geometry #10,2024,Geometry,BMT,7.0,,"The incircle of scalene triangle $\triangle ABC$ is tangent to $BC$, $AC$, and $AB$ at points $D$, $E$, and
$F$, respectively. The line $\overleftrightarrow{EF}$ intersects line $\overleftrightarrow{BC}$ at $P$ and line $\overleftrightarrow{AD}$ at $Q$. The circumcircle of
$\triangle AEF$ intersects line $\overleftrightarrow{AP}$ again at point $R \neq A$. If $QE = 3$, $QF = 4$, and $QR = 8$, find the
area of triangle $\triangle AEF$.",misc,N/A,
40,,BMT 2024 Guts #1,2024,Geometry,BMT,1.0,,The area of square $EBFG$ is 9 times the area of square $ABCD$. The diagonal $AC$ of $ABCD$ has length 20. Compute the length of $DG$.,aime_ready_integers,N/A,
253,,BMT 2024 Guts #2,2024,Number Theory,BMT,1.5,,"Wen writes a positive integer $W$ on the board. Repeatedly, she multiplies this integer by 2,
writes the result on the board, and erases the original number. At some point, the value written
on the board is 2024. Compute the smallest possible value of $W$.",aime_ready_integers,N/A,
2,,BMT 2024 Guts #3,2024,Number Theory,BMT,2.0,,"Compute the third largest factor of the third largest factor of the third smallest positive integer
whose third largest factor has at least three factors. Recall that every positive integer is a factor",aime_ready_integers,N/A,
239,,BMT 2024 Guts #5,2024,Number Theory,BMT,2.0,,"Compute the smallest three-digit positive integer with distinct nonzero digits satisfying the
property that it is not divisible by any of its digits. For example, 426 does not have this
property because it is divisible by 2 and 6.",aime_ready_integers,N/A,
16,,BMT 2024 Guts #6,2024,Algebra,BMT,2.0,,"Compute $(x + y)^{100}$ given
$\left(\frac{x^2 + 2xy + y^2}{y + z}\right)^{100} = 1,$
$\left(\frac{y^2 + 2yz + z^2}{x + z}\right)^{50} = 8,$
$\left(\frac{x^2 + 2xz + z^2}{x + y}\right)^{25} = 16.$",aime_ready_integers,N/A,
14,,BMT 2024 Guts #8,2024,Geometry,BMT,2.5,,"Isaac has a steel tube that is 2024 units long. He wants to cut this tube into $C$ smaller pieces
such that no three pieces can be the sides of a triangle with positive area, and each piece has a
unique positive integer length. Compute the greatest possible value of $C$.",aime_ready_integers,N/A,
65537,,BMT 2024 Guts #9,2024,Algebra,BMT,3.0,,"Let $\log^*_2(n)$ be the number of times we need to apply $\log_2$ to $n$ to get a number less than 1. This
function grows very slowly, but a useful application is to extended exponentiation:
Let $a \uparrow^1 b = a^b$, and $a \uparrow^{n+1} b = a \uparrow^n (a \uparrow^n (\cdots (a \uparrow^n a)))$
$\underbrace{\phantom{a \uparrow^n a \cdots a \uparrow^n a}}_{b-1 \uparrow^n\text{'s}}$. For instance, $4 \uparrow^2 3 = 4 \uparrow^1 (4 \uparrow^1 4)$.
Compute $\log^*_2(2 \uparrow^3 4)$.",large_integers,"Let $\log^*_2(n)$ be the number of times we need to apply $\log_2$ to $n$ to get a number less than 1. This function grows very slowly, but a useful application is to extended exponentiation:
Let $a \uparrow^1 b = a^b$, and $a \uparrow^{n+1} b = a \uparrow^n (a \uparrow^n (\cdots (a \uparrow^n a)))$
$\underbrace{\phantom{a \uparrow^n a \cdots a \uparrow^n a}}_{b-1 \uparrow^n\text{'s}}$. For instance, $4 \uparrow^2 3 = 4 \uparrow^1 (4 \uparrow^1 4)$.
Let n be $\log^*_2(2 \uparrow^3 4)$. Find the remainder when n is divided by 1000.",
32,,BMT 2024 Guts #10,2024,Number Theory,BMT,3.0,,"Suppose $N$, $a$, and $b$ are positive integers such that $N = a^3 + b^3 - a^2b - ab^2$. Given that $N$ has
exactly 6 factors, compute the least possible value of $N$.",aime_ready_integers,N/A,
(720√2)/17,,BMT 2024 Guts #11,2024,Geometry,BMT,3.5,,"Let $\triangle ABC$ be a right triangle such that $\angle B = 90^\circ$. Points $D$ and $E$ are placed on $\overline{AC}$ such
that $AB = AE$ and $BC = DC$. Given that $AD = 2$ and $EC = 9$, compute $BD \cdot BE$.",misc,N/A,
2028,,BMT 2024 Guts #13,2024,Algebra,BMT,3.5,,"Let $\lfloor x \rfloor$ denote the greatest integer less than or equal to $x$. Additionally, let $\{x\}$ denote $x - \lfloor x \rfloor$.
For example, $\lfloor \pi \rfloor = 3$ and $\{\pi\} = 0.1415 \ldots$. Compute the integer $n$ such that there are exactly
2024 positive solutions $x$ to the equation
$$\frac{x}{\lfloor x \rfloor\{x\}} = n.$$",large_integers,"Let $\lfloor x \rfloor$ denote the greatest integer less than or equal to $x$. Additionally, let $\{x\}$ denote $x - \lfloor x \rfloor$.
For example, $\lfloor \pi \rfloor = 3$ and $\{\pi\} = 0.1415 \ldots$. Let n be the integer such that there are exactly 2024 positive solutions $x$ to the equation
$$\frac{x}{\lfloor x \rfloor\{x\}} = n.$$ Find the remainder when n is divided by 1000.",
285,,BMT 2024 Guts #14,2024,Number Theory,BMT,4.0,,"For each positive integer $n$, let $s(n)$ be the sum of its digits and let $p(n)$ be the product of its
digits. Compute the number of positive integers $n \leq 10^6$ that satisfy $s(n) - p(n) = 5$.",aime_ready_integers,N/A,
√5 - 2,,BMT 2024 Guts #15,2024,Algebra,BMT,4.5,,"Arjun considers the parabola described by $y = x^2 - 2x + 2$ in the coordinate plane and chooses
some $\theta$ uniformly at random from the interval $[0, 2\pi)$. He then rotates the parabola about its
vertex counterclockwise by $\theta$ and counts the number of times the resulting parabola intersects
the coordinate axes. The probability that there are exactly four intersections can be expressed
as $\frac{\pi+\arcsin(r)-\arccos(r)}{2\pi}$ for some real number $r$. Compute $r$.",roots,"Arjun considers the parabola described by $y = x^2 - 2x + 2$ in the coordinate plane and chooses some $\theta$ uniformly at random from the interval $[0, 2\pi)$. He then rotates the parabola about its vertex counterclockwise by $\theta$ and counts the number of times the resulting parabola intersects the coordinate axes. The probability that there are exactly four intersections can be expressed as $\frac{\pi+\arcsin(x)-\arccos(x)}{2\pi}$ for some real number $x$. Let $x$ be this real number. If $x$ can be written as $m\sqrt{n} - c$, where $m$, $n$, and $c$ are positive integers and $n$ is not divisible by the square of a prime, find $m + n + c$.",
15,,BMT 2024 Guts #16,2024,Geometry,BMT,4.5,,"Let $H$ be the orthocenter of obtuse triangle $\triangle ABC$ and $D$ be the midpoint of $AC$. A line
through $H$ perpendicular to $\overrightarrow{DH}$ intersects with $\overrightarrow{AB}$ and $\overrightarrow{BC}$ at points $E$ and $F$, respectively.
Given that $EH = 3$ and $HD = 5$, compute the maximum possible area of triangle $\triangle DEF$.",aime_ready_integers,N/A,
10147,,BMT 2024 Guts #17,2024,Number Theory,BMT,5.0,,"Let the power, $p(n)$, of a positive integer $n$ be the number of fractions of the form $\frac{m}{n}$
that are in simplest form over all positive integers $m$ with $1 \leq m \leq n$. ($\frac{1}{1}$ is in simplest form.) Let a
positive integer $n$ be weak if $\frac{p(n)}{n} \leq \frac{p(k)}{k}$ for all $1 \leq k < n$. Compute the sum of all weak positive
integers less than 2024.",large_integers,"Let the power, $p(n)$, of a positive integer $n$ be the number of fractions of the form $\frac{m}{n}$
that are in simplest form over all positive integers $m$ with $1 \leq m \leq n$. ($\frac{1}{1}$ is in simplest form.) Let a
positive integer $n$ be weak if $\frac{p(n)}{n} \leq \frac{p(k)}{k}$ for all $1 \leq k < n$. Let n be the sum of all weak positive
integers less than 2024. Find the remainder when n is divided by 1000.",
7/8 - 1/(2^1351),,BMT 2024 Guts #18,2024,Counting,BMT,5.5,,"Arthur has a four-sided die, of which all faces are initially labeled 1. Every second, Arthur rolls
the die and, if the outcome of the die is 1, then he changes the number on the top face to 2,
and otherwise, he changes the number to 1. Let the probability that the sum of the die rolls
is at some point $k$ be $p_k$. Let $\lfloor x \rfloor$ denote the largest integer less than or equal to $x$, and let
$\{x\} = x - \lfloor x \rfloor$. Compute $\{p_1 + p_2 + \cdots + p_{2024}\}$.",misc,N/A,
20√10,,BMT 2024 Guts #22,2024,Geometry,BMT,6.0,,"Tetrahedron $ABIH$ has points $C$ on $BH$, $D$ on $AH$, $E$ on $HI$, $F$ on $AI$, and $G$ on $BI$ such
that the squares $BCEG$ and $ADEF$ have side length 5. Quadrilaterals $ABCD$ and $ABGF$
are isosceles trapezoids. Given that $AB = 4\sqrt{2}$ and $CD = 3\sqrt{2}$, compute the volume of solid
$ABCDEFG$.",roots,"Tetrahedron $ABIH$ has points $C$ on $BH$, $D$ on $AH$, $E$ on $HI$, $F$ on $AI$, and $G$ on $BI$ such that the squares $BCEG$ and $ADEF$ have side length 5. Quadrilaterals $ABCD$ and $ABGF$ are isosceles trapezoids. Given that $AB = 4\sqrt{2}$ and $CD = 3\sqrt{2}$, let $x$ be the volume of solid $ABCDEFG$. If $x$ can be written as $m\sqrt{n}/k$, where $m$ and $k$ are relatively prime positive integers and $n$ is not divisible by the square of a prime, find $m + n + k$.",
966,,BMT 2024 Guts #23,2024,Algebra,BMT,6.5,,"Let $X$ denote the set $\{-1, 0, 1, 2, 3, 4\}$, and let $P(X)$ denote the set of all subsets of $X$. Compute
the number of functions $f : P(X) \to X$ such that $f(\emptyset) = 0$ and $f(A\cap B)+f(A\cup B) = f(A)+f(B)$
for any subsets $A$ and $B$ of $X$.",aime_ready_integers,N/A,
56,,BMT 2024 Guts #24,2024,Algebra,BMT,7.0,,"A polynomial with integer coefficients that has a root of the form $k \cos\left(\frac{4\pi}{7}\right)$
for some positive integer $k$ is called simple if there are no polynomials of lesser degree with integer coefficients
sharing the same root. There exists a unique simple polynomial $P(x)$ with leading coefficient 1
such that $|P(3)|$ is minimized over all simple polynomials with leading coefficient 1. Compute
$P(4)$.",aime_ready_integers,N/A,
11,,BmMT 2024 Individual #1,2024,Algebra,BmMT,1.0,,"Nikhil has 20 BMT shirts and 24 BmMT shirts. Wen takes half of his shirts, and then Arjun takes half of his remaining shirts. How many shirts does Nikhil have left?",aime_ready_integers,N/A,
22/9,,BmMT 2024 Individual #2,2024,Algebra,BmMT,1.0,,What is the value of $2 + \frac{1}{2+ \frac{1}{4}}$?,fractions,"What is the value of $2 + \frac{1}{2+ \frac{1}{4}}$? Let s be this value. If s can be expressed as m/n, where m and n are relatively prime positive integers, what is the sum of m and n?",
506,,BmMT 2024 Individual #3,2024,Geometry,BmMT,1.0,,Rohit has a garden in the shape of a square with perimeter 2024. Youngmin has a lawn in the shape of a rectangle whose width is $\frac{1}{23}$ the width of Rohit's garden and whose length is $\frac{1}{22}$ the length of Rohit's garden. What is the area of Youngmin's lawn?,aime_ready_integers,N/A,
4,,BmMT 2024 Individual #4,2024,Counting,BmMT,1.5,,"Anthony, Boris, and Carson are playing a game of frisbee! Anthony starts with the frisbee. On each turn, the player holding the frisbee throws it to someone else, after which the frisbee is either caught or dropped. If the frisbee is dropped, the nearest player picks it up. Throughout the game, Anthony throws the frisbee 8 times and catches it 6 times, Boris throws the frisbee 10 times and catches it 7 times, and Carson throws the frisbee 7 times and catches it 8 times. How many times is the frisbee dropped during the game?",aime_ready_integers,N/A,
2012,,BmMT 2024 Individual #5,2024,Number Theory,BmMT,1.5,,Find the largest integer less than 2024 that leaves a remainder of 20 when divided by 24.,large_integers,Find the largest integer less than 2024 that leaves a remainder of 20 when divided by 24. Let n be this integer. Find the remainder when n is divided by 1000.,
77,,BmMT 2024 Individual #6,2024,Number Theory,BmMT,1.5,,Find the sum of all prime numbers less than 50 that have only prime digits.,aime_ready_integers,N/A,
24,,BmMT 2024 Individual #7,2024,Number Theory,BmMT,2.0,,"Let $x$ and $y$ be two numbers taken from the set $\{2^0, 2^1, 2^2, 2^3, \ldots, 2^{10}\}$ such that
$xy - (x + y) = 104$.
What is the value of $x + y$?",aime_ready_integers,N/A,
35/128,,BmMT 2024 Individual #8,2024,Counting,BmMT,2.0,,"Thomas tosses a fair coin 3 times, and then Jefferson tosses the same coin 4 times. What is the probability that they flip exactly 3 heads in total?",fractions,"Thomas tosses a fair coin 3 times, and then Jefferson tosses the same coin 4 times. Let s be the probability that they flip exactly 3 heads in total. If s can be expressed as m/n, where m and n are relatively prime positive integers, find m + n.",
1/2025,,BmMT 2024 Individual #9,2024,Algebra,BmMT,2.5,,"Let $O_n$ be the sum of the first $n$ positive odd integers, and let $E_n$ be the sum of the first $n$ positive even integers. For example, $E_1 = 2$ and $O_2 = 1 + 3 = 4$. What is the value of the product $\left(\frac{O_1}{E_1}\right)\left(\frac{O_2}{E_2}\right)\cdots\left(\frac{O_{2024}}{E_{2024}}\right)$?",fractions,"Let $O_n$ be the sum of the first $n$ positive odd integers, and let $E_n$ be the sum of the first $n$ positive even integers. For example, $E_1 = 2$ and $O_2 = 1 + 3 = 4$. Let s be the value of the product $\left(\frac{O_1}{E_1}\right)\left(\frac{O_2}{E_2}\right)\cdots\left(\frac{O_{2024}}{E_{2024}}\right)$. If s can be expressed as m/n, where m and n are relatively prime positive integers, find the sum m + n.",
120,,BmMT 2024 Individual #10,2024,Geometry,BmMT,2.5,,"In triangle $\triangle ABC$, points $D$ and $E$ are chosen on $\overline{AB}$ and $\overline{AC}$, respectively, such that $DE$ is parallel to $BC$. If $AE = BE$, $\angle BDE = 125^\circ$, and $\angle ACB = 85^\circ$, what is the value of $\angle BEC + \angle BAE$ in degrees?",aime_ready_integers,N/A,
57,,BmMT 2024 Individual #11,2024,Number Theory,BmMT,2.5,,"Find the sum of all two-digit positive integers, $x$, such that $x$ is a factor of 2024 and the units digit of $x^{2024}$ is the same as the units digit of $x$.",aime_ready_integers,N/A,
-12,,BmMT 2024 Individual #12,2024,Algebra,BmMT,3.0,,"What is the product of all real numbers, $x$, that satisfy
$\frac{x^2 - 20x}{x^2 - 20x - 24} + \frac{x^2 - 20x + 24}{x^2 - 20x} = 2$?",negative_integers,"Let $n$ be the product of all real numbers, $x$, that satisfy $\frac{x^2 - 20x}{x^2 - 20x - 24} + \frac{x^2 - 20x + 24}{x^2 - 20x} = 2$. Find the absolute value of $n$.",
14√2,,BmMT 2024 Individual #13,2024,Geometry,BmMT,3.0,,"Consider a hexagon with consecutive side lengths of 8, 6, 10, 8, 6, and 10, formed by attaching two right triangles with legs of length 6 and 8 to the top and bottom of a square. Compute the largest distance between two points in this hexagon.",roots,"Consider a hexagon with consecutive side lengths of 8, 6, 10, 8, 6, and 10, formed by attaching two right triangles with legs of length 6 and 8 to the top and bottom of a square. Let x be the greatest distance between any two points in this hexagon. If x can be written as m√n, where m and n are positive integers and n is not divisible by the square of any prime, find m + n.",
4534,,BmMT 2024 Individual #14,2024,Number Theory,BmMT,3.0,,"Kaity creates a list of all four-digit integers, $ABCD$, with distinct digits such that $3000 < ABCD < 6000$, $ABC$ is divisible by 3, $BCD$ is divisible by 4, $DCB$ is divisible by 5, and $CBA$ is divisible by 6. Find the median of Kaity's list.",large_integers,"Kaity creates a list of all four-digit integers, $ABCD$, with distinct digits such that $3000 < ABCD < 6000$, $ABC$ is divisible by 3, $BCD$ is divisible by 4, $DCB$ is divisible by 5, and $CBA$ is divisible by 6. Let n be the median of Kaity's list. Find the remainder when n is divided by 1000.",
1080,,BmMT 2024 Individual #15,2024,Counting,BmMT,3.5,,"A permutation of a set of $n$ integers is any arrangement of its elements in a specific order. For example, permutations of the list $(1, 2, 3)$ include $(1, 3, 2)$ and $(3, 2, 1)$. Let a permutation $(a_1, a_2, a_3, \ldots, a_n)$ of the positive integers from 1 to $n$, inclusive, be a katamari if, for all $1 \leq i \leq n$, the inequality $a_i < 2 + a_1 + a_2 + a_3 + \cdots + a_{i-1}$ holds. For example, the permutation $(1, 2, 3, 4, 5, 7, 6)$ is a katamari but $(5, 4, 1, 2, 3)$ is not. Compute the number of permutations of $(1, 2, 3, \ldots, 9)$ that are katamaris.",large_integers,"A permutation of a set of $n$ integers is any arrangement of its elements in a specific order. For example, permutations of the list $(1, 2, 3)$ include $(1, 3, 2)$ and $(3, 2, 1)$. Let a permutation $(a_1, a_2, a_3, \ldots, a_n)$ of the positive integers from 1 to $n$, inclusive, be a katamari if, for all $1 \leq i \leq n$, the inequality $a_i < 2 + a_1 + a_2 + a_3 + \cdots + a_{i-1}$ holds. For example, the permutation $(1, 2, 3, 4, 5, 7, 6)$ is a katamari but $(5, 4, 1, 2, 3)$ is not. Let n be the number of permutations of $(1, 2, 3, \ldots, 9)$ that are katamaris. Find the remainder when n is divided by 1000.",
74,,BmMT 2024 Individual #16,2024,Number Theory,BmMT,4.0,,"A positive integer is called square-free if it is not divisible by any perfect square greater than 1. Compute the sum of all positive integers, $k$, for which there exists a square-free positive integer, $n$, such that $n^k$ has 64 divisors.",aime_ready_integers,N/A,
338175,,BmMT 2024 Individual #17,2024,Algebra,BmMT,4.0,,"Let a sequence of integers, $a_1, a_2, \ldots, a_n$, be anti-consecutive if $-2024 \leq a_1 \leq 2024$ and $a_i + a_{i+1} = i$ for all $1 \leq i \leq n - 1$. Over all anti-consecutive sequences of length 501, compute the sum of all possible values of $a_{501}$ that are divisible by 3.",large_integers,"Let a sequence of integers, $a_1, a_2, \ldots, a_n$, be anti-consecutive if $-2024 \leq a_1 \leq 2024$ and $a_i + a_{i+1} = i$ for all $1 \leq i \leq n - 1$. Over all anti-consecutive sequences of length 501, let n be the sum of all possible values of $a_{501}$ that are divisible by 3. Find the remainder when n is divided by 1000.",
π/30,,BmMT 2024 Individual #18,2024,Geometry,BmMT,4.0,,"Let $\triangle ABC$ be an equilateral triangle with side length 1. Let $O_a$, $O_b$, and $O_c$ be three congruent circles inside $\triangle ABC$ such that $O_a$ is tangent to $\overline{CA}$ and $\overline{AB}$, $O_b$ is tangent to $\overline{AB}$ and $\overline{BC}$, $O_c$ is tangent to $\overline{BC}$ and $\overline{CA}$, and none of the circles intersect each other. Let $O_m$ be a circle inside $\triangle ABC$ that is externally tangent to $O_a$, $O_b$, and $O_c$. What is the minimum possible sum of the areas of $O_a$ and $O_m$?",pi,"Let $\triangle ABC$ be an equilateral triangle with side length 1. Let $O_a$, $O_b$, and $O_c$ be three congruent circles inside $\triangle ABC$ such that $O_a$ is tangent to $\overline{CA}$ and $\overline{AB}$, $O_b$ is tangent to $\overline{AB}$ and $\overline{BC}$, $O_c$ is tangent to $\overline{BC}$ and $\overline{CA}$, and none of the circles intersect each other. Let $O_m$ be a circle inside $\triangle ABC$ that is externally tangent to $O_a$, $O_b$, and $O_c$. Let n be the minimum possible sum of the areas of $O_a$ and $O_m$. If n can be written as aπ/b, where a, b are positive integers, find a + b.",
20,,BmMT 2024 Individual #19,2024,Algebra,BmMT,4.0,,Let $S$ be the sum of the cubes of the divisors of 4200. Compute the last two digits of $S$.,aime_ready_integers,N/A,
249899,,BmMT 2024 Individual #20,2024,Counting,BmMT,4.5,,"Jonathan has 46 indistinguishable blue balls, 3 indistinguishable red balls, and a green ball in a bin. He continuously draws balls from the bin without replacement until he draws the green ball. For instance, Jonathan might draw a red ball, followed by two blue balls, another red ball, and then the green ball, completing the process. Compute the number of possible sequences of draws that are possible under these conditions.",large_integers,"Jonathan has 46 indistinguishable blue balls, 3 indistinguishable red balls, and a green ball in a bin. He continuously draws balls from the bin without replacement until he draws the green ball. For instance, Jonathan might draw a red ball, followed by two blue balls, another red ball, and then the green ball, completing the process. Let n be the number of possible sequences of draws that are possible under these conditions. Find the remainder when n is divided by 1000.",
2,,BmMT 2024 Team #1,2024,Algebra,BmMT,1.0,,Find the positive integer $x$ such that $x^{\frac{x}{x}} - \frac{12}{x^{\frac{x}{x}}} = 1$.,aime_ready_integers,N/A,
20π-40,,BmMT 2024 Team #2,2024,Geometry,BmMT,1.5,,"A track is constructed by attaching two semicircular arcs with diameter 20 meters to a rectangle
with width 20 meters and length 24 meters. Preston runs a lap around the
entire track, while Ronan only runs a lap around the rectangle. What is the absolute difference
between the distance Preston runs and the distance Ronan runs, in meters?",pi,"A track is constructed by attaching two semicircular arcs with diameter 20 meters to a rectangle with width 20 meters and length 24 meters. Preston runs a lap around the entire track, while Ronan only runs a lap around the rectangle. Let n be the absolute difference, in meters, between the distance Preston runs and the distance Ronan runs. If n can be written in the form of aπ + b, where a and b are positive integers, find a + b.",
288,,BmMT 2024 Team #3,2024,Number Theory,BmMT,1.5,,What is the sum of the odd factors of 2024?,aime_ready_integers,N/A,
14,,BmMT 2024 Team #4,2024,Counting,BmMT,1.5,,"Oski the bear wears a sock on each of his four distinguishable paws, where each paw has either
a white sock or a black sock. If his four socks are not all the same color, find the number of
different sock combinations Oski can wear.",aime_ready_integers,N/A,
20,,BmMT 2024 Team #5,2024,Logic,BmMT,2.0,,"Eight friends are meeting up to share books with each other. Each friend brings some number
of books, and the median number of books that the friends brought is 11. If six of the friends
bring 2, 10, 12, 16, 20, and 24 books, respectively, what is the maximum number of books the
other two friends could have brought in total?",aime_ready_integers,N/A,
160,,BmMT 2024 Team #6,2024,Counting,BmMT,2.5,,"Austin writes the integers from 1 to 1000, inclusive, on a blackboard. He then erases every
integer that is divisible by 5. How many instances of the digit 5 are left on the blackboard?",aime_ready_integers,N/A,
48,,BmMT 2024 Team #7,2024,Algebra,BmMT,2.0,,"Kiran has two buckets, Bucket A and Bucket B, each with lots of water, and a hose that can
add water at a fixed rate to the buckets. Kiran punctures a hole into Bucket A so it leaks out
water at a constant rate into Bucket B. If Kiran uses the hose to add water to Bucket A, Bucket
A will first be holding 1 more gallon of water 48 seconds later. If he instead uses the hose to
directly add water to Bucket B, Bucket B will first be holding 1 more gallon of water 16 seconds
later. How many seconds does it take for a gallon of water to leak from Bucket A into Bucket
B?",aime_ready_integers,N/A,
48,,BmMT 2024 Team #8,2024,Geometry,BmMT,2.0,,"Mary has a box that is 7 inches long and wide and 4 inches tall. What is the maximum number
of 2 inch by 2 inch by 1 inch blocks she can fit inside the box without it overflowing?",aime_ready_integers,N/A,
6,,BmMT 2024 Team #9,2024,Counting,BmMT,2.5,,"A deck of eight distinct cards is shuffled in a particular way. In one round of shuffling, the
following is done in order:

1. The second card from the top is moved to the top.
2. The third card from the top is moved to the top.
3. The fifth card from the top is moved to the top.
4. The seventh card from the top is moved to the top.

What is the least number of rounds of shuffling that would return the deck to its original order?",aime_ready_integers,N/A,
1/1012,,BmMT 2024 Team #10,2024,Algebra,BmMT,2.5,,"Recall that the arithmetic mean of $n$ numbers $a_1, \ldots, a_n$ is $\frac{a_1 + \cdots + a_n}{n}$ and the geometric mean
of $n$ numbers $a_1, \ldots, a_n$ is $\sqrt[n]{a_1 \ldots a_n}$. A five-element arithmetic sequence $a_1, a_2, a_3, a_4, a_5$ has
a common difference of $y$ and an arithmetic mean of $x$. A five-element geometric sequence
$b_1, b_2, b_3, b_4, b_5$ has a common ratio of $y$ and a geometric mean of $x$. If $a_1 = b_1 = 2024$, compute
the sum of all possible values of $y$.",fractions,"Let s be the sum of all possible values of y. If s can be expressed as m/n, where m and n are relatively prime positive integers, find the value of m + n.",
156,,BmMT 2024 Team #11,2024,Algebra,BmMT,3.0,,"Jessica has an analog clock on her wall. At a certain time, she measures the smaller angle
between the hour and minute hand and finds that it is $138^{\circ}$. She also has a digital clock on
her nightstand showing the same time, and the product of the number of minutes and hours
displayed is 72. What is the least number of minutes that could have passed since 12:00 A.M.
of the same day?",aime_ready_integers,N/A,
8π,,BmMT 2024 Team #12,2024,Geometry,BmMT,3.0,,"A dog is on a leash that is attached to the exterior of a fenced region in the shape of a regular
hexagon, ABCDEF, with side length 1 foot. The dog's leash is 3 feet long and is attached to
vertex A. If side $\overline{DE}$ is removed, what is the area of the region the dog can
reach while still attached to the leash?",pi,"A dog is on a leash that is attached to the exterior of a fenced region in the shape of a regular hexagon, ABCDEF, with side length 1 foot. The dog's leash is 3 feet long and is attached to vertex A. If side $\overline{DE}$ is removed, let n be the area of the region the dog can reach while still attached to the leash. If n can be written in the form of aπ, where a is a positive integer, find the value of a.",
40,,BmMT 2024 Team #13,2024,Algebra,BmMT,3.5,,"Compute the sum of all values of $c$ for which there exists a function $f$ such that for all real
numbers $a$ and $b$, the following hold:
1. $f(a) + f(a^2) = c,$
2. $f(0) + f(1 - b) + f(1 - 2b + b^2) = c + 20.$",aime_ready_integers,N/A,
15/64,,BmMT 2024 Team #14,2024,Counting,BmMT,3.5,,"Five people, Alice, Benji, Carl, Danielle, and Erica, are passing around a bag with 6 candies
in it. Alice initially holds the bag and takes a candy from the bag. Then, she passes the bag
and remaining candies to one of the other four people uniformly at random. That person takes
a candy from the bag and then passes the bag and remaining candies to one of the other four
people uniformly at random. This continues until there are no more candies in the bag. What
is the probability that every person takes a candy from the bag?",fractions,"Five people, Alice, Benji, Carl, Danielle, and Erica, are passing around a bag with 6 candies in it. Alice initially holds the bag and takes a candy from the bag. Then, she passes the bag and remaining candies to one of the other four people uniformly at random. That person takes a candy from the bag and then passes the bag and remaining candies to one of the other four people uniformly at random. This continues until there are no more candies in the bag. Let s be the probability that every person takes a candy from the bag. If s can be expressed as m/n, where m and n are relatively prime positive integers, what is the value of m + n?",
87,,BmMT 2024 Team #15,2024,Number Theory,BmMT,4.0,,"Let $S$ be the sum of all positive integers $n \leq 91$ such that $n^2 + 2n + 18$ is divisible by 91.
Compute the remainder when $S$ is divided by 91.",aime_ready_integers,N/A,
(16√6)/3,,BmMT 2024 Team #16,2024,Geometry,BmMT,4.0,,"Triangle $\triangle ABC$ has point $D$ on side $\overline{AB}$ so that $AD = BD$ and $BC = CD$. Point $E$ is placed
on side $\overline{AC}$ so that $\angle ABC = 2\angle ADE$. If $AE = 4$ and $CE = 12$, find $BC$.",misc,N/A,
298/425,,BmMT 2024 Team #17,2024,Counting,BmMT,4.5,,"Tushar has three fair 20-sided dice, $D_1$, $D_2$, and $D_3$. Die $D_1$ has faces labeled with the integers
from 1 to 20, inclusive, die $D_2$ has faces labeled with the even integers from 2 to 40, inclusive, and die $D_3$ has faces labeled with the multiples of 3 from 3 to 60, inclusive. Tushar selects one
of these three dice from a bag uniformly at random and then rolls the selected die three times.
If the sum of Tushar's three rolls is 30, what is the probability that he selected $D_1$?",fractions,"Tushar has three fair 20-sided dice, $D_1$, $D_2$, and $D_3$. Die $D_1$ has faces labeled with the integers
from 1 to 20, inclusive, die $D_2$ has faces labeled with the even integers from 2 to 40, inclusive, and die $D_3$ has faces labeled with the multiples of 3 from 3 to 60, inclusive. Tushar selects one
of these three dice from a bag uniformly at random and then rolls the selected die three times.
If the sum of Tushar's three rolls is 30, let s be the probability that he selected $D_1$. If s can be expressed as m/n, where m and n are relatively prime positive integers, find the value of m + n.",
7/51,,BmMT 2024 Team #18,2024,Algebra,BmMT,4.5,,"Let $p$, $q$, and $r$ be the three roots of the cubic polynomial $x^3 - 5x + 1$. Compute
$\frac{1}{p^3 + 5} + \frac{1}{q^3 + 5} + \frac{1}{r^3 + 5}.$",fractions,"Let $p$, $q$, and $r$ be the three roots of the cubic polynomial $x^3 - 5x + 1$. Let $s$ be the value of $\frac{1}{p^3 + 5} + \frac{1}{q^3 + 5} + \frac{1}{r^3 + 5}$. If $s$ can be expressed as $m/n$, where $m$ and $n$ are relatively prime positive integers, find $m + n$.",
2√3 - √6,,BmMT 2024 Team #19,2024,Geometry,BmMT,5.0,,"A right cylinder is placed in a cube with side length 1 such that it is tangent to all 6 faces of
the cube and its altitude is parallel to a main diagonal of the cube. What is the height of the
cylinder, given that it is twice the cylinder's diameter?",misc,N/A,
2/7,,BmMT 2024 Team #20,2024,Counting,BmMT,5.5,,"Shreyas is playing a game. He begins with 2 marbles in his collection. Then, on turn $n$ of the
game, he flips a fair coin and adds $2^n$ marbles to his collection if it lands heads. The game ends
when the number of marbles in his collection is divisible by either 3 or 5. What is the probability
that the number of marbles in his collection is divisible by 5 at the end of the game?",fractions,"Shreyas is playing a game. He begins with 2 marbles in his collection. Then, on turn $n$ of the game, he flips a fair coin and adds $2^n$ marbles to his collection if it lands heads. The game ends when the number of marbles in his collection is divisible by either 3 or 5. Let s be the probability that the number of marbles in his collection is divisible by 5 at the end of the game. If s can be expressed as m/n, where m and n are relatively prime positive integers, find the value of m + n.",
