Answer,Solution,Source,Year,Type,Competition,Difficulty,Img,Problem,AnswerType,modified_problem,review_status
15,,BmMT 2016 Team #4,2016,Counting,BmMT,1.0,,"A council of 111 mathematicians voted on whether to hold their conference in Beijing or Shanghai. The outcome of an initial vote was 70 votes in favor of Beijing, and 41 votes in favor of Shanghai. If the vote were to be held again, what is the minimum number of mathematicians that would have to change their votes in order for Shanghai to win a majority of votes?",aime_ready_integers,N/A,
40,,BmMT 2016 Team #5,2016,Geometry,BmMT,1.0,,"What is the area of the triangle bounded by the line $20 x+16 y=160$, the $x$-axis, and the $y$-axis?",aime_ready_integers,N/A,
40,,BmMT 2016 Team #6,2016,Number Theory,BmMT,1.5,,"Suppose that 3 runners start running from the start line around a circular 800 -meter track and that their speeds are 100,160 , and 200 meters per minute, respectively. How many minutes will they run before all three are next at the start line at the same time?",aime_ready_integers,N/A,
3600π,,BmMT 2016 Team #7,2016,Geometry,BmMT,1.5,,"Brian's lawn is in the shape of a circle, with radius 10 meters. Brian can throw a frisbee up to 50 meters from where he stands. What is the area of the region (in square meters) in which the frisbee can land, if Brian can stand anywhere on his lawn?",pi,"Brian's lawn is in the shape of a circle, with radius 10 meters. Brian can throw a frisbee up to 50 meters from where he stands. Let $n$ be the area, in square meters, of the region in which the frisbee can land, given that Brian can stand anywhere on his lawn. If $n$ can be written as $a\pi$, where $a$ is a positive integer, find $a$.",
1875,,BmMT 2016 Team #8,2016,Counting,BmMT,1.5,,"A seven digit number is called ""bad"" if exactly four of its digits are 0 and the rest are odd. How many seven digit numbers are bad?",large_integers,"A seven-digit number is labeled as ""bad"" if exactly four of its digits are 0 and the rest are odd. Denote by $n$ the total number of seven-digit numbers that are bad. Find the remainder when $n$ is divided by 1000.",
9/50,,BmMT 2016 Team #9,2016,Counting,BmMT,1.5,,Suppose you have a 3 -digit number with only even digits. What is the probability that twice that number also has only even digits?,fractions,"Consider a 3-digit number composed exclusively of even digits. Let $p$ be the probability that doubling this number results in another number composed exclusively of even digits as well. If $p$ can be expressed as $m/n$, where $m$ and $n$ are relatively prime positive integers, find the value of $m + n$.",
2/5,,BmMT 2016 Team #10,2016,Counting,BmMT,2.0,,"You have a flight on Air China from Beijing to New York. The flight will depart any time between 1 p.m. and 6 p.m., uniformly at random. Your friend, Henry, is flying American Airlines, also from Beijing to New York. Henry's flight will depart any time between 3 p.m. and 5 p.m., uniformly at random. What is the probability that Henry's flight departs before your flight?",fractions,"Consider a scenario where you are scheduled to fly on Air China from Beijing to New York, with a departure time that is uniformly distributed between 1 p.m. and 6 p.m. Your friend Henry is also flying from Beijing to New York on American Airlines, with his departure time uniformly distributed between 3 p.m. and 5 p.m. Let $p$ be the probability that Henry's flight departs before your flight. If $p$ can be expressed as $m/n$, where $m$ and $n$ are relatively prime positive integers, find the value of $m + n$.",
3-2√2,,BmMT 2016 Team #12,2016,Geometry,BmMT,2.0,,Consider a circle of radius 1 drawn tangent to the positive $x$ and $y$ axes. Now consider another smaller circle tangent to that circle and also tangent to the positive $x$ and $y$ axes. Find the radius of the smaller circle.,roots,"Consider a circle of radius 1 drawn tangent to the positive $x$ and $y$ axes. Now consider another smaller circle tangent to that circle and also tangent to the positive $x$ and $y$ axes. Let $x$ be the radius of the smaller circle. If $x$ can be written in the form $m\sqrt{n} - c$, where $m$, $n$, and $c$ are positive integers and $n$ is not divisible by the square of a prime, find $m + n + c$.",
5,,BmMT 2016 Team #13,2016,Algebra,BmMT,2.0,,The following expression is an integer. Find this integer: $$\frac{\sqrt{20+16 \frac{\sqrt{20+16 \frac{\sqrt{20+16 \ldots}}{2}}}{2}}}{2} .$$,aime_ready_integers,N/A,
23,,BmMT 2016 Team #14,2016,Number Theory,BmMT,2.5,,"Let $2016=a_{1} \times a_{2} \times \cdots \times a_{n}$ for some positive integers $a_{1}, a_{2}, \ldots, a_{n}$. Compute the smallest possible value of $a_{1}+a_{2}+\cdots+a_{n}$.",aime_ready_integers,N/A,
1490,,BmMT 2016 Team #15,2016,Algebra,BmMT,2.0,,"The tetranacci numbers are defined by the recurrence $T_{n}=T_{n-1}+T_{n-2}+T_{n-3}+T_{n-4}$ and $T_{0}=T_{1}=T_{2}=0$ and $T_{3}=1$. Given that $T_{9}=29$ and $T_{14}=773$, calculate $T_{15}$.",large_integers,"The tetranacci numbers are defined by the recurrence $T_{n}=T_{n-1}+T_{n-2}+T_{n-3}+T_{n-4}$ and $T_{0}=T_{1}=T_{2}=0$ and $T_{3}=1$. Given that $T_{9}=29$ and $T_{14}=773$, denote by $n$ the value of $T_{15}$. Find the remainder when $n$ is divided by 1000.",
1012032,,BmMT 2016 Team #16,2016,Number Theory,BmMT,2.5,,"Find the number of zeros at the end of $(2016!)^{2016}$. Your answer should be an integer, not its prime factorization.",large_integers,Let $n$ be the number of zeros at the end of $(2016!)^{2016}$. Find the remainder when $n$ is divided by 1000.,
1440,,BmMT 2016 Team #17,2016,Counting,BmMT,2.0,,"A DJ has 7 songs named $1,2,3,4,5,6$, and 7 . He decides that no two even-numbered songs can be played one after the other. In how many different orders can the DJ play the 7 songs?",large_integers,"A DJ has 7 songs named $1,2,3,4,5,6$, and 7 . He decides that no two even-numbered songs can be played one after the other. Denote by $n$ the number of different orders in which the DJ can play the 7 songs. Find the remainder when $n$ is divided by 1000.",
30,,BmMT 2016 Team #18,2016,Counting,BmMT,2.5,,"Given a cube, how many distinct ways are there (using 6 colors) to color each face a distinct color? Colorings are distinct if they cannot be transformed into one another by a sequence of rotations.",aime_ready_integers,N/A,
74,,BmMT 2016 Team #19,2016,Geometry,BmMT,3.0,,"Suppose you have a triangle with side lengths 3,4 , and 5 . For each of the triangle's sides, draw a square on its outside. Connect the adjacent vertices in order, forming 3 new triangles (as in the diagram). What is the area of this convex region?\\",aime_ready_integers,N/A,
(1+√13)/2,,BmMT 2016 Team #20,2016,Algebra,BmMT,3.0,,Find $x$ such that $\sqrt{c+\sqrt{c-x}}=x$ when $c=4$.,misc,N/A,
3,,BMT 2017 Individual #1,2017,Algebra,BMT,1.0,,"In three years, Xingyou's age in years will be twice his current height in feet. If Xingyou's current age in years is also his current height in feet, what is Xingyou's age in years right now?",aime_ready_integers,N/A,
9,,BMT 2017 Individual #2,2017,Geometry,BMT,1.0,,"Barack is an equilateral triangle and Michelle is a square. If Barack and Michelle each have perimeter 12, find the area of the polygon with larger area.",aime_ready_integers,N/A,
10,,BMT 2017 Individual #3,2017,Geometry,BMT,1.0,,How many letters in the word UNCOPYRIGHTABLE have at least one line of symmetry?,aime_ready_integers,N/A,
1298,,BMT 2017 Individual #4,2017,Number Theory,BMT,2.0,,There are two 3-digit numbers which end in 99. These two numbers are also the product of two integers which differ by 2. What is the sum of these two numbers?,large_integers,Let n be the sum of two 3-digit numbers that end in 99 and are each the product of two integers differing by 2. Find the remainder when n is divided by 1000.,
5,,BMT 2017 Individual #5,2017,Algebra,BMT,1.5,,"How many pairs of positive integers $(a, b)$ satisfy the equation $\log_{a}16=b?$",aime_ready_integers,N/A,
42,,BMT 2017 Individual #6,2017,Number Theory,BMT,1.5,,For how many numbers n does 2017 divided by n have a remainder of either 1 or 2?,aime_ready_integers,N/A,
77/8,,BMT 2017 Individual #7,2017,Algebra,BMT,1.5,,What is the sum of the infinite series $\frac{20}{3}+\frac{17}{9}+\frac{20}{27}+\frac{17}{81}+\frac{20}{243}+\frac{17}{729}+...?$,fractions,"Let $s$ be the sum of the infinite series $\frac{20}{3}+\frac{17}{9}+\frac{20}{27}+\frac{17}{81}+\frac{20}{243}+\frac{17}{729}+...$. If $s$ can be expressed as $m/n$, where $m$ and $n$ are relatively prime positive integers, find $m + n$.",
836,,BMT 2017 Individual #8,2017,Algebra,BMT,1.5,,"If $xy=15$ and $x+y=11$, calculate the value of $x^{3}+y^{3}$.",aime_ready_integers,N/A,
106656,,BMT 2017 Individual #9,2017,Algebra,BMT,1.5,,"The digits 1, 4, 9 and 2 are each used exactly once to form some 4-digit number N. What is the sum of all possible values of N?",large_integers,"Denote by n the sum of all possible 4-digit numbers that can be formed using the digits 1, 4, 9, and 2, each used exactly once. Find the remainder when n is divided by 1000.",
30,,BMT 2017 Individual #10,2017,Geometry,BMT,2.5,,"Let S be the set of points A in the Cartesian plane such that the four points A, (2, 3), (-1,0), and (0,6) form the vertices of a parallelogram. Let P be the convex polygon whose vertices are the points in S. What is the area of P?",aime_ready_integers,N/A,
4000,,BMT 2017 Individual #11,2017,Counting,BMT,2.5,,"Naomi has a class of 100 students who will compete with each other in five teams. Once the teams are made, each student will shake hands with every other student, except the students in his or her own team. Naomi chooses to partition the students into teams so as to maximize the number of handshakes. How many handshakes will there be?",large_integers,"Naomi has a class of 100 students who will compete with each other in five teams. Once the teams are made, each student will shake hands with every other student, except the students in his or her own team. Naomi chooses to partition the students into teams so as to maximize the number of handshakes. Denote by $n$ the total number of handshakes. Find the remainder when $n$ is divided by 1000.",
3/2,,BMT 2017 Individual #12,2017,Counting,BMT,2.5,,"Square S is the unit square with vertices at (0,0), (0,1), (1,0) and (1, 1). We choose a random point $(x, y)$ inside S and construct a rectangle with length $x$ and width $y$. What is the average of $\lfloor p \rfloor$ where $p$ is the perimeter of the rectangle? $\lfloor x \rfloor$ is the greatest integer less than or equal to $x$.",fractions,"Within the unit square S with vertices at (0,0), (0,1), (1,0) and (1, 1), a random point $(x, y)$ is chosen and a rectangle is constructed with length $x$ and width $y$. Let $s$ be the average of $\lfloor p \rfloor$, where $p$ is the perimeter of the rectangle. If $s$ can be expressed as $m/n$, where $m$ and $n$ are relatively prime positive integers, find $m + n$.",
5√2,,BMT 2017 Individual #13,2017,Geometry,BMT,2.5,,"Two points are located 10 units apart, and a circle is drawn with radius r centered at one of the points. A tangent line to the circle is drawn from the other point. What value of r maximizes the area of the triangle formed by the two points and the point of tangency?",roots,"Two points are located 10 units apart, and a circle is drawn with radius $r$ centered at one of the points. A tangent line to the circle is drawn from the other point. Let $x$ be the radius $r$ that maximizes the area of the triangle formed by the two points and the point of tangency. If $x$ can be written as $m\sqrt{n}$, where $m$ and $n$ are positive integers and $n$ is not divisible by the square of any prime, find $m + n$.",
9,,BMT 2017 Individual #14,2017,Number Theory,BMT,3.0,,"Let x be the first term in the sequence 31, 331, 3331,... which is divisible by 17. How many digits long is x?",aime_ready_integers,N/A,
13,,BMT 2017 Individual #15,2017,Counting,BMT,3.0,,"Alice and Bob live on the edges and vertices of the unit cube. Alice begins at point (0,0,0) and Bob begins at (1,1,1). Every second, each of them chooses one of the three adjacent corners and walks at a constant rate of 1 unit per second along the edge until they reach the corner, after which they repeat the process. What is the expected amount of time in seconds before Alice and Bob meet?",aime_ready_integers,N/A,
5√3/12,,BMT 2017 Individual #16,2017,Geometry,BMT,4.5,,"Let ABC be a triangle with $AB=3$, $BC=5$, $AC=7,$ and let P be a point in its interior. If $G_{A}$, $G_{B}$, $G_{C}$ are the centroids of $\triangle PBC,$ $\triangle PAC,$ $\triangle PAB$ respectively, find the maximum possible area of $\triangle G_{A}G_{B}G_{C}$.",roots,"Let ABC be a triangle with $AB=3$, $BC=5$, $AC=7,$ and let P be a point in its interior. If $G_{A}$, $G_{B}$, $G_{C}$ are the centroids of $\triangle PBC,$ $\triangle PAC,$ $\triangle PAB$ respectively, let $x$ be the maximum possible area of $\triangle G_{A}G_{B}G_{C}$. If $x$ can be written as m√n/k, where $m$ and $k$ are relatively prime positive integers and $n$ is not divisible by the square of a prime, find $m + n + k$.",
120,,BMT 2017 Individual #17,2017,Geometry,BMT,5.0,,"Triangle ABC is drawn such that $\angle A=80^{\circ}$, $\angle B=60^{\circ}$ and $\angle C=40^{\circ}$. Let the circumcenter of $\triangle ABC$ be O, and let w be the circle with diameter AO. Circle w intersects side AC at point P. Let M be the midpoint of side BC, and let the intersection of w and PM be K. Find the measure of $\angle MOK.$",aime_ready_integers,N/A,
1-1/e,,BMT 2017 Individual #18,2017,Algebra,BMT,5.0,,"Consider the sequence $(k_{n})$ defined by $k_{n+1}=n(k_{n}+k_{n-1})$ and $k_{0}=0$, $k_{1}=1$. What is $\lim_{n\rightarrow\infty}\frac{k_{n}}{n!}$?",misc,N/A,
√5/2,,BMT 2017 Individual #19,2017,Geometry,BMT,4.5,,"Let T be the triangle in the xy-plane with vertices (0,0), (3,0), and (0,3). Let E be the ellipse inscribed in T which meets each side of T at its midpoint. Find the distance from the center of E to (0,0).",roots,"Let T be the triangle in the xy-plane with vertices (0,0), (3,0), and (0,3). Let E be the ellipse inscribed in T which meets each side of T at its midpoint. Let $x$ be the distance from the center of E to (0,0). If $x$ can be written as $\frac{m\sqrt{n}}{k}$, where $m$ and $k$ are relatively prime positive integers and $n$ is not divisible by the square of a prime, find $m + n + k$.",
15,,BMT 2017 Individual #20,2017,Algebra,BMT,4.5,,Evaluate $\sum_{k=0}^{15}2^{560}(-1)^{k}\cos^{560}(\frac{k\pi}{16}) \pmod{17}$.,aime_ready_integers,N/A,
210,,BMT 2017 Team #1,2017,Algebra,BMT,1.5,,"You are racing an Artificially Intelligent Robot, called Al, that you built. You can run at a constant speed of $10~m/s$ throughout the race. Meanwhile, Al starts running at a constant speed of $1~m/s$. Thereafter, when exactly 1 second has passed from when Al last changed its speed, Al's speed instantaneously becomes $1~m/s$ faster, so that Al runs at a constant speed of $k~m/s$ in the kth second of the race. (Start counting seconds at 1). Suppose Al beats you by exactly 1 second. How many meters was the race?",aime_ready_integers,N/A,
27,,BMT 2017 Team #2,2017,Number Theory,BMT,1.5,,"Colin has 900 Choco Pies. He realizes that for some integer values of $n<900$, if he eats n pies a day, he will be able to eat the same number of pies every day until he runs out. How many possible values of n are there?",aime_ready_integers,N/A,
-5/2,,BMT 2017 Team #3,2017,Algebra,BMT,2.5,,"Suppose we have $w<x<y<z$, and each of the 6 pairwise sums are distinct. The 4 greatest sums are 4, 3, 2, 1. What is the sum of all possible values of w?",fractions,"Suppose we have four distinct real numbers $w<x<y<z$, and each of the six pairwise sums are distinct. The four greatest sums are 4, 3, 2, 1. Let $s$ be the sum of all possible values of $w$. If $s$ can be expressed as $m/n$, where $m$ and $n$ are relatively prime positive integers, find the value of $m + n$.",
1/2,,BMT 2017 Team #4,2017,Counting,BMT,2.0,,"2 darts are thrown randomly at a circular board with center O, such that each dart has an equal probability of hitting any point on the board. The points at which they land are marked A and B. What is the probability that $\angle AOB$ is acute?",fractions,"Two darts are thrown randomly at a circular board with center O, such that each dart has an equal probability of hitting any point on the board. The points at which they land are marked A and B. Let $p$ be the probability that $\angle AOB$ is acute. If $p$ can be expressed as $m/n$, where $m$ and $n$ are relatively prime positive integers, find the value of $m+n$.",
55,,BMT 2017 Team #5,2017,Counting,BMT,3.0,,"You enter an elevator on floor 0 of a building with some other people, and request to go to floor 10. In order to be efficient, it doesn't stop at adjacent floors (so, if it's at floor 0, its next stop cannot be floor 1). Given that the elevator will stop at floor 10, no matter what other floors it stops at, how many combinations of stops are there for the elevator?",aime_ready_integers,N/A,
1-√3/2,,BMT 2017 Team #6,2017,Geometry,BMT,3.5,,"The center of a square of side length 1 is placed uniformly at random inside a circle of radius 1. Given that we are allowed to rotate the square about its center, what is the probability that the entire square is contained within the circle for some orientation of the square?",misc,N/A,
133,,BMT 2017 Team #7,2017,Algebra,BMT,3.5,,"There are 86400 seconds in a day, which can be deduced from the conversions between seconds, minutes, hours, and days. However, the leading scientists decide that we should decide on 3 new integers $x$, $y$, and $z$, such that there are $x$ seconds in a minute, $y$ minutes in an hour, and $z$ hours in a day, such that $xyz=86400$ as before, but such that the sum $x+y+z$ is minimized. What is the smallest possible value of that sum?",aime_ready_integers,N/A,
1/1009,,BMT 2017 Team #8,2017,Algebra,BMT,3.5,,"A function f with its domain on the positive integers $\mathbb{N}=\{1,2,...\}$ satisfies the following conditions: $a): $f(1)=2017$ $b): $\sum_{i=1}^{n}f(i)=n^{2}f(n)$, for every positive integer $n>1$. What is the value of $f(2017)$?",fractions,"A function f with its domain on the positive integers $\mathbb{N}=\{1,2,...\}$ satisfies the following conditions: $a): $f(1)=2017$ $b): $\sum_{i=1}^{n}f(i)=n^{2}f(n)$, for every positive integer $n>1$. Let $p$ be the value of $f(2017)$. If $p$ can be expressed as $m/n$, where $m$ and $n$ are relatively prime positive integers, find the value of $m+n$.",
√10,,BMT 2017 Team #9,2017,Geometry,BMT,4.0,,Let $AB=10$ be a diameter of circle P. Pick point C on the circle such that $AC=8$ Let the circle with center O be the incircle of $\triangle ABC.$ Extend line AO to intersect circle P again at D. Find the length of BD.,roots,"Let $AB=10$ be a diameter of circle P. Pick point C on the circle such that $AC=8$ Let the circle with center O be the incircle of $\triangle ABC.$ Extend line AO to intersect circle P again at D. Let $x$ be the length of BD. If $x$ can be written as $\sqrt{n}$, where $n$ is not divisible by the square of a prime, find $n$.",
9,,BMT 2017 Team #10,2017,Counting,BMT,3.5,,"You and your friend play a game on a $7\times7$ grid of buckets. Your friend chooses 5 ""lucky"" buckets by marking an $X^{\prime\prime}$ on the bottom that you cannot see. However, he tells you that they either form a vertical, or horizontal line of length 5. To clarify, he will select either of the following sets of buckets: either $\{(a,b),(a,b+1),(a,b+2),(a,b+3),(a,b+4)\}$ or $\{(b,a),(b+1,a),(b+2,a),(b+3,a),(b+4,a)\},$ with $1\le a\le7$, and $1\le b\le3$ Your friend lets you pick up at most n buckets, and you win if one of the buckets you picked was a ""lucky"" bucket. What is the minimum possible value of n such that, if you pick your buckets optimally, you can guarantee that at least one is ""lucky""?",aime_ready_integers,N/A,
2/7,,BMT 2017 Team #11,2017,Number Theory,BMT,3.5,,"Ben picks a positive number n less than 2017 uniformly at random. Then Rex, starting with the number 1, repeatedly multiplies his number by n and then finds the remainder when dividing by 2017. Rex does this until he gets back to the number 1. What is the probability that, during this process, Rex reaches every positive number less than 2017 before returning back to 1?",fractions,"Ben randomly chooses a positive number n less than 2017. Rex begins with the number 1 and repeatedly multiplies his number by n, then calculates the remainder when dividing by 2017. He continues this process until he cycles back to the number 1. Let $p$ be the probability that Rex encounters every positive number less than 2017 before returning to 1. If $p$ can be expressed as $m/n$, where $m$ and $n$ are relatively prime positive integers, find $m + n$.",
63504,,BMT 2017 Team #12,2017,Counting,BMT,3.5,,"A robot starts at the origin of the Cartesian plane. At each of 10 steps, he decides to move 1 unit in any of the following directions: left, right, up, or down, each with equal probability. After 10 steps, the probability that the robot is at the origin is $\frac{n}{4^{10}}$. Find n.",large_integers,"A robot begins at the origin of the Cartesian plane. At each of 10 steps, the robot has an equal probability of moving 1 unit in any of the following directions: left, right, up, or down. After 10 steps, denote by $n$ the probability that the robot is at the origin expressed as a fraction over $4^{10}$. Find the remainder when $n$ is divided by $1000$.",
(9-5√3)/3,,BMT 2017 Team #13,2017,Geometry,BMT,3.0,,"4 equilateral triangles of side length 1 are drawn on the interior of a unit square, each one of which shares a side with one of the 4 sides of the unit square. What is the common area enclosed by all 4 equilateral triangles?",misc,N/A,
8065/2017,,BMT 2017 Team #14,2017,Algebra,BMT,5.0,,"Suppose that there is a set of 2016 positive numbers, such that both their sum, and the sum of their reciprocals, are equal to 2017. Let x be one of those numbers. Find the maximum possible value of $x+\frac{1}{x}$",fractions,"Suppose that there is a set of 2016 positive numbers such that both their sum, and the sum of their reciprocals, are equal to 2017. Let $x$ be one of those numbers. Let $s$ be the maximum possible value of $x+\frac{1}{x}$. If $s$ can be expressed as $m/n$, where $m$ and $n$ are relatively prime positive integers, find the remainder when $m + n$ is divided by $1000$.",
√41,,BMT 2017 Team #15,2017,Geometry,BMT,3.5,,"In triangle ABC, the angle at C is $30^{\circ}$, side BC has length 4, and side AC has length 5. Let P be the point such that triangle ABP is equilateral and non-overlapping with triangle ABC. Find the distance from C to P.",roots,"In triangle ABC, the angle at C is $30^{\circ}$, side BC has length 4, and side AC has length 5. Let P be a point so that triangle ABP is equilateral and does not overlap with triangle ABC. Let $x$ be the distance from C to P. If $x$ can be written in the form of $\sqrt{n}$, where $n$ is not divisible by the square of any prime, find $n$.",
1/11,,BMT 2017 Discrete #1,2017,Counting,BMT,1.5,,You have 9 colors of socks and 5 socks of each type of color. Pick two socks randomly. What is the probability that they are the same color?,fractions,"Consider a collection of socks, where there are 9 distinct colors and each color has 5 socks. If you were to randomly select two socks from this collection, let $p$ be the probability that these socks are the same color. If $p$ can be expressed as $m/n$, where $m$ and $n$ are relatively prime positive integers, find $m + n$.",
36,,BMT 2017 Discrete #2,2017,Counting,BMT,1.5,,"Each BMT, every student chooses one of three focus rounds to take. Bob plans to attend BMT for the next 4 years and wants to figure out what focus round to take each year. Given that he wants to take each focus round at least once, how many ways can he choose which round to take each year?",aime_ready_integers,N/A,
24,,BMT 2017 Discrete #3,2017,Number Theory,BMT,1.5,,What is the smallest positive integer with exactly 7 distinct proper divisors?,aime_ready_integers,N/A,
9531,,BMT 2017 Discrete #4,2017,Number Theory,BMT,1.5,,"What is the greatest multiple of 9 that can be formed by using each of the digits in the set \{1,3,5,7,9\} at most once.",large_integers,"Denote by $n$ the largest multiple of 9 that can be created by using each of the digits in the set \{1,3,5,7,9\} at most once. Find the remainder when $n$ is divided by 1000.",
89,,BMT 2017 Discrete #5,2017,Counting,BMT,2.5,,"How many subsets of $\{1,2,...,9\}$ do not contain 2 adjacent numbers?",aime_ready_integers,N/A,
1296,,BMT 2017 Discrete #6,2017,Counting,BMT,3.0,,"Let $S=\{1,2,...6\}$. How many functions $f:S\rightarrow S$ are there such that for all $s\in S$, $f^{5}(s)=f(f(f(f(f(s))))=1.$",large_integers,"Denote by $n$ the number of functions $f:S\rightarrow S$, where $S=\{1,2,...6\}$, such that for all $s\in S$, $f^{5}(s)=f(f(f(f(f(s))))=1$. Find the remainder when $n$ is divided by 1000.",
113/36,,BMT 2017 Discrete #7,2017,Counting,BMT,3.5,,"A light has been placed on every lattice point (point with integer coordinates) on the (infinite) 2D plane. Define the Chebyshev distance between points $(x_{1},y_{1})$ and ($(x_{2},y_{2})$ to be $max(|x_{1}-x_{2}|,|y_{1}-y_{2}|)$. Each light is turned on with probability $\frac{1}{2d/2}$, where d is the Chebyshev distance from that point to the origin. What is the expected number of lights that have all their directly adjacent lights turned on? (Adjacent points being points such that $|x_{1}-x_{2}|+|y_{1}-y_{2}|=$ 1.)",fractions,"A light has been placed on every lattice point (point with integer coordinates) on the (infinite) 2D plane. Define the Chebyshev distance between points $(x_{1},y_{1})$ and ($(x_{2},y_{2})$ to be $max(|x_{1}-x_{2}|,|y_{1}-y_{2}|)$. Each light is turned on with probability $\frac{1}{2d/2}$, where d is the Chebyshev distance from that point to the origin. Let $s$ be the expected number of lights that have all their directly adjacent lights turned on, where adjacent points are points such that $|x_{1}-x_{2}|+|y_{1}-y_{2}|=$ 1. If $s$ can be expressed as $m/n$, where $m$ and $n$ are relatively prime positive integers, find $m + n$.",
-652,,BMT 2017 Discrete #10,2017,Number Theory,BMT,3.5,,Let $\phi(n)$ be the number of positive integers less than or equal to n that are relatively prime to n. Evaluate $\sum_{n=1}^{64}(-1)^{n}\phi(n)\lfloor\frac{64}{n}\rfloor$,negative_integers,Denote by $n$ the value of $\sum_{k=1}^{64}(-1)^{k}\phi(k)\lfloor\frac{64}{k}\rfloor$. Find the absolute value of $n$.,
10:00,,BmMT 2017 Individual #1,2017,Algebra,BmMT,1.0,,It's currently 6:00 on a 12 hour clock. What time will be shown on the clock 100 hours from now? Express your answer in the form hh : mm.,misc,N/A,
9.6,,BmMT 2017 Individual #2,2017,Algebra,BmMT,1.0,,"A tub originally contains 10 gallons of water. Alex adds some water, increasing the amount of water by 20%. Barbara, unhappy with Alex's decision, decides to remove 20% of the water currently in the tub. How much water, in gallons, is left in the tub? Express your answer as an exact decimal.",misc,N/A,
420,,BmMT 2017 Individual #3,2017,Algebra,BmMT,1.0,,"There are 2000 math students and 4000 CS students at Berkeley. If 5580 students are either math students or CS students, then how many of them are studying both math and CS?",aime_ready_integers,N/A,
6,,BmMT 2017 Individual #4,2017,Number Theory,BmMT,1.5,,Determine the smallest integer $x$ greater than 1 such that $x^2$ is one more than a multiple of 7.,aime_ready_integers,N/A,
"(11,19)",,BmMT 2017 Individual #5,2017,Algebra,BmMT,1.5,,"Find two positive integers $x, y$ greater than 1 whose product equals the following sum: $9 + 11 + 13 + 15 + 17 + 19 + 21 + 23 + 25 + 27 + 29$ Express your answer as an ordered pair $(x, y)$ with $x \leq y$.",misc,N/A,
900,,BmMT 2017 Individual #6,2017,Algebra,BmMT,1.5,,"The average walking speed of a cow is 5 meters per hour. If it takes the cow an entire day to walk around the edges of a perfect square, then determine the area (in square meters) of this square.",aime_ready_integers,N/A,
6,,BmMT 2017 Individual #8,2017,Counting,BmMT,1.5,,"I have 18 socks in my drawer, 6 colored red, 8 colored blue and 4 colored green. If I close my eyes and grab a bunch of socks, how many socks must I grab to guarantee there will be two pairs of matching socks?",aime_ready_integers,N/A,
-2,,BmMT 2017 Individual #9,2017,Algebra,BmMT,1.5,,Define the operation $a@b$ to be $3 + ab + a + 2b$. There exists a number $x$ such that $x@b = 1$ for all $b$. Find $x$.,negative_integers,Denote by $n$ the number such that the operation $a@b = 3 + ab + a + 2b$ satisfies $n@b = 1$ for all $b$. Find the absolute value of $n$.,
7,,BmMT 2017 Individual #10,2017,Number Theory,BmMT,1.5,,Compute the units digit of $2017^{(2017^2)}$,aime_ready_integers,N/A,
-1/9,,BmMT 2017 Individual #11,2017,Algebra,BmMT,1.5,,"The distinct rational numbers $-\sqrt{-x}, x$, and $-x$ form an arithmetic sequence in that order. Determine the value of $x$.",fractions,"Let $s$ be the distinct rational number for which $-\sqrt{-s}$, $s$, and $-$s form an arithmetic sequence in that order. If $s$ can be expressed as $m/n$, where $m$ and $n$ are relatively prime positive integers, find $m + n$.",
2,,BmMT 2017 Individual #12,2017,Algebra,BmMT,2.0,,"Let $y = x^2 + bx + c$ be a quadratic function that has only one root. If $b$ is positive, find $\frac{b+2}{\sqrt{c}+1}$.",aime_ready_integers,N/A,
3/5,,BmMT 2017 Individual #13,2017,Counting,BmMT,2.0,,"Alice, Bob, and four other people sit themselves around a circular table. What is the probability that Alice does not sit to the left or right of Bob?",fractions,"Alice, Bob, and four other individuals arrange themselves around a circular table. Let $p$ be the probability that Alice is not seated to the left or right of Bob. If $p$ can be expressed as $m/n$, where $m$ and $n$ are relatively prime positive integers, find the value of $m + n$.",
-480,,BmMT 2017 Individual #14,2017,Algebra,BmMT,2.5,,Let $f(x) = |x - 8|$. Let $p$ be the sum of all the values of $x$ such that $f(f(f(x))) = 2$ and $q$ be the minimum solution to $f(f(f(x))) = 2$. Compute $p \cdot q$.,negative_integers,"Denote by $n$ the product of the sum of all the values of $x$ such that $f(f(f(x))) = 2$ and the minimum solution to $f(f(f(x))) = 2$, where $f(x) = |x - 8|$. Find the absolute value of $n$.",
5,,BmMT 2017 Individual #17,2017,Algebra,BmMT,2.5,,"Let $A, B,$ and $k$ be integers, where $k$ is positive and the greatest common divisor of $A, B,$ and $k$ is 1. Define $x\#y$ by the formula $x\#y = \frac{Ax+By}{kxy}$. If $8\#4 = \frac{1}{2}$ and $3\#1 = \frac{13}{6}$, determine the sum $A + B + k$.",aime_ready_integers,N/A,
1001,,BmMT 2017 Individual #18,2017,Counting,BmMT,2.5,,"There are 20 indistinguishable balls to be placed into bins $A, B, C, D,$ and $E$. Each bin must have at least 2 balls inside of it. How many ways can the balls be placed into the bins, if each ball must be placed in a bin?",large_integers,"There are 20 indistinguishable balls to be placed into bins $A, B, C, D,$ and $E$. Each bin must have at least 2 balls inside of it. Denote by $n$ the number of ways the balls can be placed into the bins, if each ball must be placed in a bin. Find the remainder when $n$ is divided by 1000.",
√3/3,,BmMT 2017 Individual #19,2017,Geometry,BmMT,3.0,,Let $T_i$ be a sequence of equilateral triangles such that $T_1$ is an equilateral triangle with side length $1$ and $T_{i+1}$ is inscribed in the circle inscribed in triangle $T_i$ for $i\ge1$. Find $$\sum_{i=1}^{\infty} \text{Area}(T_i).$$,roots,"Consider a sequence of equilateral triangles $T_i$ such that $T_1$ is an equilateral triangle with side length $1$ and $T_{i+1}$ is inscribed in the circle inscribed in triangle $T_i$ for $i\ge1$. Let $x$ be the sum of the areas of all the triangles $T_i$. If $x$ can be written as $m\sqrt{n}/k$, where $m$ and $k$ are relatively prime positive integers and $n$ is not divisible by the square of a prime, find $m + n + k$.",
34,,BmMT 2017 Individual #20,2017,Counting,BmMT,3.5,,"A gorgeous sequence is a sequence of 1's and 0's such that there are no consecutive 1's. For instance, the set of all gorgeous sequences of length 3 is $\{[1, 0, 0], [1, 0, 1], [0, 1, 0], [0, 0, 1], [0, 0, 0]\}$. Determine the number of gorgeous sequences of length 7.",aime_ready_integers,N/A,
36,,BmMT 2017 Team #1,2017,Algebra,BmMT,1.0,,Suppose $a_1 \cdot 2 = a_2 \cdot 3 = a_3$ and $a_1 + a_2 + a_3 = 66$. What is $a_3$?,aime_ready_integers,N/A,
82,,BmMT 2017 Team #3,2017,Algebra,BmMT,2.0,,"If P is a quadratic polynomial with leading coefficient 1 such that $P(1) = 1$ and $P(2) = 2$, what is $P(10)$?",aime_ready_integers,N/A,
1/8,,BmMT 2017 Team #4,2017,Geometry,BmMT,2.0,,"Let ABC be a triangle with $AB = 1$, $AC = 3$ and $BC = 3$. Let D be a point on BC such that $BD = \frac{1}{3}$. What is the ratio of the area of BAD to the area of CAD?",fractions,"Let ABC be a triangle with $AB = 1$, $AC = 3$ and $BC = 3$. Let D be a point on BC such that $BD = \frac{1}{3}$. Let $s$ be the ratio of the area of triangle BAD to the area of triangle CAD. If $s$ can be expressed as $m/n$, where $m$ and $n$ are relatively prime positive integers, find $m + n$.",
231/1024,,BmMT 2017 Team #5,2017,Counting,BmMT,2.0,,A coin is flipped 12 times. What is the probability that the total number of heads equals the total number of tails? Express your answer as a common fraction in lowest terms.,fractions,"A coin is flipped 12 times. Let $s$ be the probability that the total number of heads equals the total number of tails. If $s$ can be expressed as $m/n$, where $m$ and $n$ are relatively prime positive integers, find the value of $m + n$.",
13/20,,BmMT 2017 Team #6,2017,Algebra,BmMT,2.0,,"Moor pours 3 ounces of ginger ale and 1 ounce of lime juice in cup A, 3 ounces of lime juice and 1 ounce of ginger ale in cup B, and mixes each cup well. Then he pours 1 ounce of cup A into cup B, mixes it well, and pours 1 ounce of cup B into cup A. What proportion of cup A is now ginger ale? Express your answer as a common fraction in lowest terms.",fractions,"Moor pours 3 ounces of ginger ale and 1 ounce of lime juice into cup A, and 3 ounces of lime juice and 1 ounce of ginger ale into cup B. After mixing each cup thoroughly, he transfers 1 ounce from cup A into cup B, stirs it well, and then transfers 1 ounce from cup B into cup A. Let $s$ be the proportion of ginger ale in cup A after these operations. If $s$ can be expressed as $m/n$, where $m$ and $n$ are relatively prime positive integers, find the value of $m + n$.",
49/4,,BmMT 2017 Team #7,2017,Geometry,BmMT,2.0,,Determine the maximum possible area of a right triangle with hypotenuse 7. Express your answer as a common fraction in lowest terms.,fractions,"Let $s$ be the maximum possible area of a right triangle with a hypotenuse of length 7. If $s$ can be expressed as $m/n$, where $m$ and $n$ are relatively prime positive integers, find the value of $m + n$.",
21,,BmMT 2017 Team #8,2017,Counting,BmMT,2.5,,"Debbie has six Pusheens: 2 pink ones, 2 gray ones, and 2 blue ones, where Pusheens of the same color are indistinguishable. She sells two Pusheens each to Alice, Bob, and Eve. How many ways are there for her to do so?",aime_ready_integers,N/A,
4,,BmMT 2017 Team #9,2017,Algebra,BmMT,2.0,,"How many nonnegative integer pairs (a, b) are there that satisfy $ab = 90 - a - b$?",aime_ready_integers,N/A,
1089,,BmMT 2017 Team #10,2017,Number Theory,BmMT,3.0,,"What is the smallest positive integer $a_1...a_n$ (where $a_1, ..., a_n$ are its digits) such that $9 \cdot a_1...a_n = a_n...a_1$, where $a_1, a_n \ne 0$?",large_integers,"Let $n$ be the smallest positive integer composed of digits $a_1...a_k$ (where $a_1, ..., a_k$ are its digits) such that $9n = a_k...a_1$, where $a_1, a_k \ne 0$. Find the remainder when $n$ is divided by 1000.",
9000,,BmMT 2017 Team #11,2017,Algebra,BmMT,3.0,,"Justin is growing three types of Japanese vegetables: wasabi root, daikon and matsutake mushrooms. Wasabi root needs 2 square meters of land and 4 gallons of spring water to grow, matsutake mushrooms need 3 square meters of land and 3 gallons of spring water, and daikon need 1 square meter of land and 1 gallon of spring water to grow. Wasabi sell for \$60 per root, matsutake mushrooms sell for \$60 per mushroom, and daikon sell for \$2 per root. If Justin has 500 gallons of spring water and 400 square meters of land, what is the maximum amount of money, in dollars, he can make?",large_integers,"Justin is cultivating three types of Japanese vegetables: wasabi root, daikon, and matsutake mushrooms. Wasabi root requires 2 square meters of land and 4 gallons of spring water to grow, matsutake mushrooms need 3 square meters of land and 3 gallons of spring water, and daikon need 1 square meter of land and 1 gallon of spring water to grow. Wasabi sell for \$60 per root, matsutake mushrooms sell for \$60 per mushroom, and daikon sell for \$2 per root. If Justin has 500 gallons of spring water and 400 square meters of land, denote by $n$ the maximum amount of money, in dollars, he can make. Find the remainder when $n$ is divided by 1000.",
52,,BmMT 2017 Team #12,2017,Number Theory,BmMT,2.5,,A prim number is a number that is prime if its last digit is removed. A rime number is a number that is prime if its first digit is removed. Determine how many numbers between 100 and 999 inclusive are both prim and rime numbers.,aime_ready_integers,N/A,
5/2,,BmMT 2017 Team #14,2017,Geometry,BmMT,2.0,,"If a parallelogram with perimeter 14 and area 12 is inscribed in a circle, what is the radius of the circle?",fractions,"Consider a parallelogram inscribed in a circle. The parallelogram has a perimeter of 14 and an area of 12. Let $r$ be the radius of the circle. If $r$ can be expressed as $m/n$, where $m$ and $n$ are relatively prime positive integers, find the value of $m + n$.",
√2 - 1,,BmMT 2017 Team #15,2017,Geometry,BmMT,2.5,,"Take a square ABCD of side length 1, and draw $\overline{AC}$. Point E lies on $\overline{BC}$ such that $\overline{AE}$ bisects $\angle BAC$. What is the length of BE?",roots,"Consider a square ABCD with side length 1, and draw $\overline{AC}$. A point E is located on $\overline{BC}$ such that $\overline{AE}$ bisects $\angle BAC$. Let $x$ represent the length of $\overline{BE}$. If $x$ can be expressed in the form $m\sqrt{n} - p$, where $m$, $n$, and $p$ are positive integers and $n$ is not divisible by the square of any prime, find $m + n + p$.",
0,,BmMT 2017 Team #16,2017,Algebra,BmMT,2.0,,How many integer solutions does $f(x) = (x^2 + 1)(x + 2) + (x^2 + 3)(x + 4) = 2017$ have?,aime_ready_integers,N/A,
4/27,,BmMT 2017 Team #17,2017,Counting,BmMT,2.5,,"Alice, Bob, Carol, and Dave stand in a circle. Simultaneously, each player selects another player at random and points at that person, who must then sit down. What is the probability that Alice is the only person who remains standing?",fractions,"Alice, Bob, Carol, and Dave find themselves in a circle. Simultaneously, each individual chooses another person randomly and points at them, causing the pointed-at individual to sit down. Let $p$ be the probability that Alice is the only one who remains standing. If $p$ can be expressed as $m/n$, where $m$ and $n$ are relatively prime positive integers, find $m + n$.",
59,,BmMT 2017 Team #18,2017,Number Theory,BmMT,2.0,,"Let z be a positive integer with a remainder of 2 when divided by 3, 3 when divided by 4, 4 when divided by 5, and 5 when divided by 6. What is the smallest possible such z?",aime_ready_integers,N/A,
5,,BmMT 2017 Team #19,2017,Geometry,BmMT,2.5,,"A circle is inscribed in an isosceles trapezoid such that all four sides of the trapezoid are tangent to the circle. If the radius of the circle is 1, and the upper base of the trapezoid is 1, what is the area of the trapezoid?",aime_ready_integers,N/A,
1/3,,BmMT 2017 Team #20,2017,Counting,BmMT,3.0,,"Ray is blindfolded and standing 1 step away from an ice cream stand. Every second, he has a $\frac{1}{4}$ probability of walking 1 step towards the ice cream stand, and a $\frac{3}{4}$ probability of walking 1 step away from the ice cream stand. When he is 0 steps away from the ice cream stand, he wins. What is the probability that Ray eventually wins?",fractions,"Ray is blindfolded and standing 1 step away from an ice cream stand. Every second, he has a $\frac{1}{4}$ probability of walking 1 step towards the ice cream stand, and a $\frac{3}{4}$ probability of walking 1 step away from the ice cream stand. Let $p$ be the probability that Ray eventually reaches the ice cream stand. If $p$ can be expressed as $m/n$, where $m$ and $n$ are relatively prime positive integers, find the value of $m + n$.",
3/4,,BMT 2018 Algebra #1,2018,Algebra,BMT,1.5,,"An airplane accelerates at 10 mph per second, and decelerates at $15~mph/sec$. Given that its takeoff speed is 180 mph, and the pilots want enough runway length to safely decelerate to a stop from any speed below takeoff speed, what's the shortest length that the runway can be allowed to be? Assume the pilots always use maximum acceleration when accelerating. Please give your answer in miles.",fractions,"An airplane accelerates at 10 mph per second, and decelerates at $15~mph/sec$. Given that its takeoff speed is 180 mph, and the pilots want enough runway length to safely decelerate to a stop from any speed below takeoff speed, we seek to find the shortest length that the runway can be allowed to be. Assume the pilots always use maximum acceleration when accelerating. Let $s$ be the length of the runway in miles. If $s$ can be expressed as $m/n$, where $m$ and $n$ are relatively prime positive integers, find the value of $m+n$.",
6,,BMT 2018 Algebra #2,2018,Algebra,BMT,2.5,,"If there is only 1 complex solution to the equation
$$8x^{3}+12x^{2}+kx+1=0$$
what is k?",aime_ready_integers,N/A,
4,,BMT 2018 Algebra #3,2018,Algebra,BMT,3.5,,"If f is a polynomial, and $f(-2)=3$, $f(-1)=-3=f(1)$, $f(2)=6$, and $f(3)=5$, then what is the minimum possible degree of f?",aime_ready_integers,N/A,
0,,BMT 2018 Algebra #4,2018,Algebra,BMT,3.5,,"Find
$$\sum_{i=1}^{2016}i(i+1)(i+2) \pmod{2018}$$
\item Find the product of all values of d such that $x^{3}+2x^{2}+3x+4=0$ and $x^{2}+dx+3=0$ have a common root.",aime_ready_integers,N/A,
1,,BMT 2018 Algebra #5,2018,Algebra,BMT,4.5,,Find the product of all values of d such that $x^{3}+2x^{2}+3x+4=0$ and $x^{2}+dx+3=0$ have a common root.,aime_ready_integers,N/A,
7,,BMT 2018 Algebra #6,2018,Algebra,BMT,4.0,,"Let x, y, $z\in R$ and
$$7x^{2}+7y^{2}+7z^{2}+9xyz=12$$
The minimum value of $x^{2}+y^{2}+z^{2}$ can be expressed as $\frac{a}{b}$ where a, $b\in Z$ $gcd(a,b)=1$ What is $a+b$?",aime_ready_integers,N/A,
e^3 - e,,BMT 2018 Algebra #7,2018,Algebra,BMT,5.0,,"Let
$$h_{n}:=\sum_{k=0}^{k=n}\binom{n}{k}\frac{2^{k+1}}{(k+1)}$$
Find
$$\sum_{n=0}^{\infty}\frac{h_{n}}{n!}$$",misc,N/A,
2018,,BMT 2018 Algebra #8,2018,Algebra,BMT,5.5,,"Compute
$$\sum_{k=1}^{1009}(-1)^{k+1}\binom{2018-k}{k-1}2^{2019-2k}$$",large_integers,"Let $n$ be the value of the computation
$$\sum_{k=1}^{1009}(-1)^{k+1}\binom{2018-k}{k-1}2^{2019-2k}.$$
Find the remainder when $n$ is divided by 1000.",
20,,BMT 2018 Algebra #9,2018,Algebra,BMT,6.0,,"Suppose
$$\frac{1}{3}\frac{(x+1)(x-3)}{(x+2)(x-4)}+\frac{1}{4}\frac{(x+3)(x-5)}{(x+4)(x-6)}-\frac{2}{11}\frac{(x+5)(x-7)}{(x+6)(x-8)}=\frac{53}{132}$$
Also, suppose $x>0.$ Then it can be written as $a+\sqrt{b}$ where a, b are integers. Find $a+b.$",aime_ready_integers,N/A,
13,,BMT 2018 Algebra #10,2018,Algebra,BMT,6.0,,"Let $a,b,c$ be the roots of the equation $x^{3}-2018x+2018=0.$ Let q be the smallest positive integer for which there exists an integer p, $0<p\le q,$ such that
$$\frac{a^{p+q}+b^{p+q}+c^{p+q}}{p+q}=(\frac{a^{p}+b^{p}+c^{p}}{p})(\frac{a^{q}+b^{q}+c^{q}}{q})$$
Find $p^{2}+q^{2}.$",aime_ready_integers,N/A,
990,,BMT 2018 Combinatorics #1,2018,Counting,BMT,1.5,,Bob has 3 different fountain pens and 11 different ink colors. How many ways can he fill his fountain pens with ink if he can only put one ink in each pen?,aime_ready_integers,N/A,
1694,,BMT 2018 Combinatorics #2,2018,Counting,BMT,2.5,,"At the Berkeley Math Tournament, teams are composed of 6 students, each of whom pick two distinct subject tests out of 5 choices. How many different distributions across subjects are possible for a team?",large_integers,"In the American Invitational Mathematics Examination, teams consist of 6 students. Each student chooses to take two distinct tests from a selection of 5 different subjects. Denote by $n$ the total number of different test distributions possible across subjects for a team. Find the remainder when $n$ is divided by 1000.",
1040,,BMT 2018 Combinatorics #3,2018,Counting,BMT,3.0,,"Consider the $9\times9$ grid of lattice points $\{(x,y)|0\le x,y\le8\}$ How many rectangles with nonzero area and sides parallel to the y axes are there such that each corner is one of the lattice points and the point (4,4) is not contained within the interior of the rectangle? ((4,4) is allowed to lie on the boundary of the rectangle).",large_integers,"Consider the $9\times9$ grid of lattice points $\{(x,y)|0\le x,y\le8\}$. Let $n$ be the number of rectangles with nonzero area and sides parallel to the y axes that can be formed such that each corner is one of the lattice points and the point (4,4) is not contained within the interior of the rectangle. ((4,4) is allowed to lie on the boundary of the rectangle). Find the remainder when $n$ is divided by 1000.",
1279/65536,,BMT 2018 Combinatorics #4,2018,Counting,BMT,3.5,,"Alice starts with an empty string and randomly appends one of the digits 2, 0, 1, or 8 until the string ends with 2018. What is the probability Alice appends less than 9 digits before stopping?",fractions,"Alice begins with an empty string and randomly appends one of the digits 2, 0, 1, or 8 until the string ends with 2018. Let $p$ be the probability that Alice appends fewer than 9 digits before stopping. If $p$ can be expressed as $m/n$, where $m$ and $n$ are relatively prime positive integers, find the value of $m + n$.",
3,,BMT 2018 Combinatorics #6,2018,Counting,BMT,4.5,,"Compute
$$\sum_{i=0}^{\infty}\sum_{j=0}^{\infty}\binom{i+j}{i}3^{-(i+j)}.$$",aime_ready_integers,N/A,
5/11,,BMT 2018 Combinatorics #7,2018,Counting,BMT,4.0,,"Let S be the set of line segments between any two vertices of a regular 21-gon. If we select two distinct line segments from S at random, what is the probability they intersect? Note that line segments are considered to intersect if they share a common vertex.",fractions,"Consider a regular 21-gon with the set of line segments between any two vertices denoted as S. When two distinct line segments from S are randomly selected, we are interested in the probability that they intersect. Note that line segments are considered to intersect if they share a common vertex. Let $p$ be this probability. If $p$ can be expressed as $m/n$, where $m$ and $n$ are relatively prime positive integers, find the value of $m + n$.",
25/9,,BMT 2018 Combinatorics #8,2018,Counting,BMT,4.5,,"Moor and nine friends are seated around a circular table. Moor starts out holding a bottle, and whoever holds the bottle passes it to the person on his left or right with equal probability until everyone has held the bottle. Compute the expected distance between Moor and the last person to receive the bottle, where distance is the fewest number of times the bottle needs to be passed in order to go back to Moor.",fractions,"Moor and nine friends are seated around a circular table. Moor starts out holding a bottle and passes it to the person on his left or right with equal probability until everyone has held the bottle. Let $d$ be the expected distance between Moor and the last person to receive the bottle, where distance is the fewest number of times the bottle needs to be passed in order to go back to Moor. If $d$ can be expressed as $m/n$, where $m$ and $n$ are relatively prime positive integers, find the value of $m + n$.",
7065,,BMT 2018 Combinatorics #9,2018,Counting,BMT,6.0,,Let S be the set of integers from 1 to 13 inclusive. A permutation of S is a function $f:S\rightarrow S$ such that $f(x)\ne f(y)$ if $x\ne y$. For how many distinct permutations f does there exists an n such that $f^{n}(i)=13-i+1$ for all i.,large_integers,Let S be the set of integers from 1 to 13 inclusive. A permutation of S is a function $f:S\rightarrow S$ such that $f(x)\ne f(y)$ if $x\ne y$. Denote by n the number of distinct permutations f for which there exists an m such that $f^{m}(i)=13-i+1$ for all i. Find the remainder when n is divided by 1000.,
9/23,,BMT 2018 Combinatorics #10,2018,Counting,BMT,6.5,,"Consider a $2\times n$ grid where each cell is either black or white, which we attempt to tile with $2\times1$ black or white tiles such that tiles have to match the colors of the cells they cover. We first randomly select a random positive integer N where N takes the value n with probability $2^{-n}$ We then take a $2\times N$ grid and randomly color each cell black or white independently with equal probability. Compute the probability the resulting grid has a valid tiling.",fractions,"Consider a $2 \times n$ grid in which each cell can be either black or white. We try to tile this grid with $2 \times 1$ black or white tiles in such a way that the tiles match the colors of the cells they cover. We first randomly select a positive integer N, where N takes the value n with probability $2^{-n}$. After this, we create a $2 \times N$ grid and randomly color each cell black or white independently with equal probability. Let $p$ be the probability that the resulting grid can be tiled validly. If $p$ can be expressed as $m/n$, where $m$ and $n$ are relatively prime positive integers, find the value of $m + n$.",
216,,BMT 2018 Geometry #1,2018,Geometry,BMT,1.5,,A cube has side length 5. Let S be its surface area and V its volume. Find $\frac{S^3}{V^2}$.,aime_ready_integers,N/A,
1/2,,BMT 2018 Geometry #2,2018,Geometry,BMT,2.0,,A 1 by 1 square ABCD is inscribed in the circle m. Circle n has radius 1 and is centered around A. Let S be the set of points inside of m but outside of n. What is the area of S?,fractions,"A unit square ABCD is inscribed in the circle m. Another circle n, also with a radius of 1, is centered at point A. Define a region S that consists of all points located within circle m but outside of circle n. Let $s$ be the area of region S. If $s$ can be expressed as $m/n$, where $m$ and $n$ are relatively prime positive integers, find the value of $m + n$.",
1/432,,BMT 2018 Geometry #3,2018,Geometry,BMT,2.5,,"If A is the area of a triangle with perimeter 1, what is the largest possible value of $A^2$?",fractions,"Let $A$ be the area of a triangle with a perimeter of 1. The square of this area, $A^2$, is a quantity of interest. Let $s$ be this quantity. If $s$ can be expressed as $m/n$, where $m$ and $n$ are relatively prime positive integers, find $m + n$.",
7,,BMT 2018 Geometry #4,2018,Geometry,BMT,3.0,,There are six lines in the plane. No two of them are parallel and no point lies on more than three lines. What is the minimum possible number of points that lie on at least two lines?,aime_ready_integers,N/A,
π/2 - 1,,BMT 2018 Geometry #5,2018,Geometry,BMT,3.0,,"A point is picked uniformly at random inside of a square. Four segments are then drawn in connecting the point to each of the vertices of the square, cutting the square into four triangles. What is the probability that at least two of the resulting triangles are obtuse?",misc,N/A,
7√51,,BMT 2018 Geometry #6,2018,Geometry,BMT,3.5,,A triangle T has all integer side lengths and at most one of its side lengths is greater than ten. What is the largest possible area of T?,roots,"A triangle $T$ has all integer side lengths and at most one of its side lengths is greater than ten. Let $x$ be the largest possible area of $T$. If $x$ can be written as $m\sqrt{n}$, where $m$ and $n$ are positive integers and $n$ is not divisible by the square of a prime, find $m + n$.",
21/10,,BMT 2018 Geometry #7,2018,Geometry,BMT,3.5,,"A line in the xy-plane has positive slope, passes through the point (0, 29) and lies tangent to the ellipse defined by $\frac{x^2}{100} + \frac{y^2}{400} = 1$. What is the slope of the line?",fractions,"Consider a line in the xy-plane that has a positive slope, passes through the point (0, 29), and is tangent to the ellipse defined by $\frac{x^2}{100} + \frac{y^2}{400} = 1$. Let $s$ be the slope of this line. If $s$ can be expressed as $m/n$, where $m$ and $n$ are relatively prime positive integers, find the value of $m + n$.",
540,,BMT 2018 Geometry #8,2018,Geometry,BMT,4.0,,What is the largest possible area of a triangle with largest side length 39 and inradius 10?,aime_ready_integers,N/A,
52,,BMT 2018 Geometry #9,2018,Geometry,BMT,4.0,,"What is the least integer a greater than 14 so that the triangle with side lengths a-1, a, and a+1 has integer area?",aime_ready_integers,N/A,
3π/4,,BMT 2018 Geometry #10,2018,Geometry,BMT,4.5,,"A plane cuts a sphere of radius 1 into two pieces, one of which has three times the surface area of the other. What is the area of the disk that the sphere cuts out of the plane?",pi,"A plane slices a sphere of radius 1, resulting in two different pieces. One piece has thrice the surface area of the other piece. Let $n$ be the area of the disk that the sphere cuts from the plane. If $n$ can be written as $a\pi/b$ where $a$, $b$ are positive integers, find $a + b$.",
7056,,BMT 2018 Number Theory #1,2018,Number Theory,BMT,2.0,,How many multiples of 20 are also divisors of 17!?,large_integers,Let $n$ be the number of multiples of 20 that are also divisors of 17!. Find the remainder when $n$ is divided by 1000.,
18,,BMT 2018 Number Theory #2,2018,Number Theory,BMT,2.5,,"Suppose for some positive integers, that
$$\frac{p+\frac{1}{q}}{q+\frac{1}{p}}=17.$$
What is the greatest integer n such that $\frac{p+q}{n}$ is always an integer?",aime_ready_integers,N/A,
4,,BMT 2018 Number Theory #3,2018,Number Theory,BMT,2.5,,"Find the minimal N such that any N-element subset of $\{1,2,3,4,...7\}$ has a subset S such that the sum of elements of S is divisible by 7.",aime_ready_integers,N/A,
13,,BMT 2018 Number Theory #4,2018,Number Theory,BMT,2.0,,What is the remainder when 201820182018... [2018 times] is divided by 15?,aime_ready_integers,N/A,
1221,,BMT 2018 Number Theory #7,2018,Number Theory,BMT,5.5,,"Determine the number of ordered triples $(a,b,c)$, with $0\le a, b, c\le10$ for which there exists $(x,y)$ such that $ax^{2}+by^{2}\equiv c \pmod{11}$.",large_integers,"Let $n$ be the number of ordered triples $(a,b,c)$, with $0\le a, b, c\le10$ for which there exists $(x,y)$ such that $ax^{2}+by^{2}\equiv c \pmod{11}$. Find the remainder when $n$ is divided by $1000$.",
10,,BMT 2018 Number Theory #8,2018,Number Theory,BMT,5.0,,"How many $1<n\le2018$ such that the set $\{0,1,1+2,...,1+2+3+...+i,...,1+2+\cdot\cdot\cdot+n-1\}$ is a permutation of $\{0,1,2,3,4,\cdot\cdot\cdot,n-1\}$ when reduced modulo n?",aime_ready_integers,N/A,
150,,BMT 2018 Number Theory #9,2018,Number Theory,BMT,7.0,,"Compute the following:
$$\sum_{x=0}^{99}(x^{2}+1)^{-1} \pmod{199}$$
where $x^{-1}$ is the value $0\le y\le199$ such that $xy-1$ is divisible by 199.",aime_ready_integers,N/A,
-1,,BMT 2018 Number Theory #10,2018,Number Theory,BMT,7.0,,"Evaluate the following:
$$\prod_{j=1}^{50}(2\cos(\frac{4\pi j}{101})+1)$$",negative_integers,Denote by $n$ the value of the product $\prod_{j=1}^{50}(2\cos(\frac{4\pi j}{101})+1)$. Find the absolute value of $n$.,
195,,BMT 2018 Team #1,2018,Geometry,BMT,3.0,,A circle with radius 5 is inscribed in a right triangle with hypotenuse 34 as shown below. What is the area of the triangle?,aime_ready_integers,N/A,
1,,BMT 2018 Team #2,2018,Number Theory,BMT,2.5,,For how many values of x does $20^x \cdot 18^x = 2018^x$?,aime_ready_integers,N/A,
1/3,,BMT 2018 Team #3,2018,Counting,BMT,2.5,,"2018 people (call them A, B, C, ...) stand in a line with each permutation equally likely. Given that A stands before B, what is the probability that C stands after B?",fractions,"In a line of 2018 people labeled A, B, C, ..., each possible order of people is equally likely. The probability that, given A is positioned before B, person C is positioned after B, is a certain fraction. Let $s$ be this probability. If $s$ can be expressed as $m/n$, where $m$ and $n$ are relatively prime positive integers, find the value of $m + n$.",
14,,BMT 2018 Team #4,2018,Counting,BMT,2.5,,"Consider a standard (8-by-8) chessboard. Bishops are only allowed to attack pieces that are along the same diagonal as them (but cannot attack along a row or column). If a piece can attack another piece, we say that the pieces threaten each other. How many bishops can you place a chessboard without any of them threatening each other?",aime_ready_integers,N/A,
2037172,,BMT 2018 Team #5,2018,Number Theory,BMT,2.5,,"How many integers can be expressed in the form:
$$\pm 1 \pm 2 \pm 3 \pm 4 \cdots \pm 2018?$$",large_integers,"Denote by $n$ the number of integers that can be expressed in the form:
$$\pm 1 \pm 2 \pm 3 \pm 4 \cdots \pm 2018.$$
Find the remainder when $n$ is divided by $1000$.",
167/420,,BMT 2018 Team #6,2018,Geometry,BMT,3.0,,"A rectangular prism with dimensions 20 cm by 1 cm by 7 cm is made with blue 1 cm unit cubes. The outside of the rectangular prism is coated in gold paint. If a cube is chosen at random and rolled, what is the probability that the size facing up is painted gold?",fractions,"Consider a rectangular prism constructed from 1 cm unit cubes. The dimensions of the prism are 20 cm by 1 cm by 7 cm, and the exterior of the prism is coated in gold paint. A cube is randomly chosen from the prism and rolled. Let $s$ be the probability that the side facing up on the rolled cube is painted gold. If $s$ can be expressed as $m/n$, where $m$ and $n$ are relatively prime positive integers, find $m + n$.",
4030,,BMT 2018 Team #7,2018,Counting,BMT,4.0,,"Suppose there are 2017 spies, each with $\frac{1}{2017}$ of a secret code. They communicate by telephone; when two of them talk, they share all information they know with each other. What is the minimum number of telephone calls that are needed for all 2017 people to know all parts of the code?",large_integers,"Suppose there are 2017 spies, each with $\frac{1}{2017}$ of a secret code. They communicate by telephone; when two of them talk, they share all information they know with each other. Denote by $n$ the minimum number of telephone calls that are needed for all 2017 people to know all parts of the code. Find the remainder when $n$ is divided by 1000.",
2016,,BMT 2018 Team #8,2018,Counting,BMT,4.5,,"Alice is playing a game with 2018 boxes, numbered 1-2018 and a number of balls. At the beginning, boxes 1-2017 have one ball each, and box 2018 has 2018n balls. Every turn, Alice chooses i and j with $i > j$ and moves exactly i balls from box i to box j. Alice wins if all balls end up in box 1. What is the minimum value of n so that Alice can win this game?",large_integers,"Alice is playing a game with 2018 boxes, numbered 1-2018 and a number of balls. At the beginning, boxes 1-2017 have one ball each, and box 2018 has 2018n balls. Every turn, Alice chooses i and j with $i > j$ and moves exactly i balls from box i to box j. Alice wins if all balls end up in box 1. Denote by $n$ the minimum value that allows Alice to win this game. Find the remainder when $n$ is divided by 1000.",
11,,BMT 2018 Team #9,2018,Geometry,BMT,4.0,,"Circles A, B, and C are externally tangent circles. Line PQ is drawn such that PQ is tangent to A at P, tangent to B at Q, and does not intersect with C. Circle D is drawn such that it passes through the centers of A, B, and C. Let R be the point on D furthest from PQ. If A, B, and C have radius 3, 2, and 1, respectively, the area of triangle PQR can be expressed in the form of $a + b\sqrt{c}$, where a, b, and c are integers with c not divisible by any prime square. What is $a + b + c$?",aime_ready_integers,N/A,
25,,BMT 2018 Team #10,2018,Geometry,BMT,3.5,,"A rectangular prism has three distinct faces of area 24, 30, and 32. The diagonals of each distinct face of the prism form sides of a triangle. What is the triangle's area?",aime_ready_integers,N/A,
11,,BMT 2018 Team #11,2018,Number Theory,BMT,3.5,,"Ankit, Box, and Clark are playing a game. First, Clark comes up with a prime number less than 100. Then he writes each digit of the prime number on a piece of paper (writing 0 for the tens digit if he chose a single-digit prime), and gives one each to Ankit and Box, without telling them which digit is the tens digit, and which digit is the ones digit. The following exchange occurs:
\begin{itemize}
\item Clark: There is only one prime number that can be made using those two digits.
\item Ankit: I don't know whether I'm the tens digit or the ones digit.
\item Box: I don't know whether I'm the tens digit or the ones digit.
\item Box: You don't know whether you're the tens digit or the ones digit.
\item Ankit: I don't know whether you're the tens digit or the ones digit.
\end{itemize}
What was Clark's number?",aime_ready_integers,N/A,
12108/7,,BMT 2018 Team #12,2018,Algebra,BMT,6.0,,"Let $f:[0, 1] \rightarrow \mathbb{R}$ be a monotonically increasing function such that $f(\frac{x}{3}) = \frac{f(x)}{2}$ and $f(1-x) = 2018 - f(x)$. If $f(1) = 2018$, find $f\left(\frac{12}{13}\right)$.",fractions,"Let $f:[0, 1] \rightarrow \mathbb{R}$ be a monotonically increasing function such that $f(\frac{x}{3}) = \frac{f(x)}{2}$ and $f(1-x) = 2018 - f(x)$. If $f(1) = 2018$, let $s$ be the value of $f\left(\frac{12}{13}\right)$. If $s$ can be expressed as $m/n$, where $m$ and $n$ are relatively prime positive integers, find the value of $m + n$.",
24+17√2,,BMT 2018 Team #13,2018,Algebra,BMT,5.5,,"Find the value of
$$\frac{1}{\sqrt{2}^1} + \frac{4}{\sqrt{2}^2} + \frac{9}{\sqrt{2}^3} + \cdots$$",roots,"Consider the infinite series
$$\frac{1}{\sqrt{2}^1} + \frac{4}{\sqrt{2}^2} + \frac{9}{\sqrt{2}^3} + \cdots$$
Let $x$ be the value of this sum. If $x$ can be written in the form $m\sqrt{n} + c$, where $m$, $n$, and $c$ are positive integers and $n$ is not divisible by the square of a prime, find $m + n + c$.",
9/10,,BMT 2018 Team #14,2018,Algebra,BMT,5.0,,"Let $F_1 = 0$, $F_2 = 1$, and $F_n = F_{n-1} + F_{n-2}$. Compute
$$\sum_{n=1}^\infty \frac{\sum_{i=1}^n F_i}{3^n}$$",fractions,"Define a sequence of numbers $F_n$ such that $F_1 = 0$, $F_2 = 1$, and $F_n = F_{n-1} + F_{n-2}$ for all $n>2$. Let $s$ be the sum of the series 
$$\sum_{n=1}^\infty \frac{\sum_{i=1}^n F_i}{3^n}$$
If $s$ can be expressed as $m/n$, where $m$ and $n$ are relatively prime positive integers, find $m + n$.",
17,,BMT 2018 Team #15,2018,Geometry,BMT,6.0,,"Let triangle ABC have side lengths $AB = 13$, $BC = 14$, $AC = 15$. Let I be the incenter of ABC. The circle centered at A of radius AI intersects the circumcircle of ABC at H and J. Let L be a point that lies on both the incircle of ABC and line HJ. If the minimal possible value of AL is $\sqrt{n}$, where $n \in \mathbb{Z}$, find $n$.",aime_ready_integers,N/A,
3,,BmMT 2018 Individual #1,2018,Algebra,BmMT,1.0,,"If x is a real number that satisfies $\frac{48}{x}=16$, find the value of x.",aime_ready_integers,N/A,
55,,BmMT 2018 Individual #2,2018,Geometry,BmMT,1.0,,If ABC is a right triangle with hypotenuse BC such that $\angle ABC=35^{\circ}$ what is $\angle BCA$ in degrees?,aime_ready_integers,N/A,
-23,,BmMT 2018 Individual #3,2018,Algebra,BmMT,1.0,,"If $a \bigtriangleup b = a + b - ab$, find $4 \bigtriangleup 9$.",negative_integers,Denote by $n$ the value of $4 \bigtriangleup 9$ if $a \bigtriangleup b = a + b - ab$. Find $|n|$.,
9,,BmMT 2018 Individual #4,2018,Geometry,BmMT,1.0,,"Grizzly is 6 feet tall. He measures his shadow to be 4 feet long. At the same time, his friend Panda helps him measure the shadow of a nearby lamp post, and it is 6 feet long. How tall is the lamp post in feet?",aime_ready_integers,N/A,
20,,BmMT 2018 Individual #5,2018,Algebra,BmMT,1.0,,Jerry is currently twice as old as Tom was 7 years ago. Tom is 6 years younger than Jerry. How many years old is Tom?,aime_ready_integers,N/A,
256,,BmMT 2018 Individual #6,2018,Counting,BmMT,1.0,,"Out of the 10,000 possible four-digit passcodes on a phone, how many of them contain only prime digits?",aime_ready_integers,N/A,
30,,BmMT 2018 Individual #7,2018,Algebra,BmMT,1.5,,"It started snowing, which means Moor needs to buy snow shoes for his 6 cows and 7 sky bison. A cow has 4 legs, and a sky bison has 6 legs. If Moor has 36 snow shoes already, how many more shoes does he need to buy? Assume cows and sky bison wear the same type of shoe and each leg gets one shoe.",aime_ready_integers,N/A,
4,,BmMT 2018 Individual #8,2018,Number Theory,BmMT,1.5,,How many integers n with $1\le n\le100$ have exactly 3 positive divisors?,aime_ready_integers,N/A,
2/5,,BmMT 2018 Individual #9,2018,Counting,BmMT,1.5,,James has three red candies and 3 green candies. 3 people come in and each randomly take 2 candies. What is the probability that no one got 2 candies of the same color? Express your answer as a decimal or a fraction in lowest terms.,fractions,"James possesses three red candies and 3 green candies. Three individuals enter and each randomly selects 2 candies. Let $p$ be the probability that none of these individuals picks 2 candies of the same color. If $p$ can be expressed as $m/n$, where $m$ and $n$ are relatively prime positive integers, find $m + n$.",
49/400,,BmMT 2018 Individual #10,2018,Counting,BmMT,2.0,,"When Box flips a strange coin, the coin can land heads, tails, or on the side. It has a $\frac{1}{10}$ probability of landing on the side, and the probability of landing heads equals the probability of landing tails. If Box flips a strange coin 3 times, what is the probability that the number of heads flipped is equal to the number of tails flipped? Express your answer as a decimal or a fraction in lowest terms.",fractions,"When Box flips a strange coin, the coin can land heads, tails, or on the side. The coin has a $\frac{1}{10}$ probability of landing on the side, and the probability of landing heads equals the probability of landing tails. Box flips the strange coin 3 times. Let $p$ be the probability that the number of heads flipped is equal to the number of tails flipped. If $p$ can be expressed as $m/n$, where $m$ and $n$ are relatively prime positive integers, find the value of $m + n$.",
24/5,,BmMT 2018 Individual #11,2018,Algebra,BmMT,1.5,,"James is travelling on a river. His canoe goes 4 miles per hour upstream and 6 miles per hour downstream. He travels 8 miles upstream and then 8 miles downstream (to where he started). What is his average speed, in miles per hour? Express your answer as a decimal or a fraction in lowest terms.",fractions,"James is travelling on a river with his canoe. He can paddle at a speed of 4 miles per hour against the current (upstream) and 6 miles per hour with the current (downstream). He goes 8 miles upstream and then 8 miles downstream, returning to his starting point. Let $s$ be his average speed for this round trip, in miles per hour. If $s$ can be expressed as $m/n$, where $m$ and $n$ are relatively prime positive integers, find $m + n$.",
156,,BmMT 2018 Individual #12,2018,Algebra,BmMT,2.0,,"Four boxes of cookies and one bag of chips cost exactly 1000 jelly beans. Five bags of chips and one box of cookies cost less than 1000 jelly beans. If both chips and cookies cost a whole number of jelly beans, what is the maximum possible cost of a bag of chips?",aime_ready_integers,N/A,
217π/3,,BmMT 2018 Individual #13,2018,Geometry,BmMT,2.5,,"June is making a pumpkin pie, which takes the shape of a truncated cone. The pie tin is 18 inches wide at the top, 16 inches wide at the bottom, and 1 inch high. How many cubic inches of pumpkin filling are needed to fill the pie?",pi,"June is preparing to make a pumpkin pie that is shaped like a truncated cone. The pie tin she is using for this purpose has a top diameter of 18 inches, a bottom diameter of 16 inches, and a height of 1 inch. If she fills the pie tin to the brim, let $n$ be the volume, in cubic inches, of the pumpkin filling she will need. If $n$ can be written in the form of $a\pi/b + c$, where $a$, $b$, and $c$ are positive integers, find the value of $a + b + c$.",
6,,BmMT 2018 Individual #14,2018,Algebra,BmMT,2.0,,"For two real numbers a and b, let $a\#b=ab-2a-2b+6$ Find a positive real number x such that $(x\#7)\#x=82$.",aime_ready_integers,N/A,
26,,BmMT 2018 Individual #15,2018,Algebra,BmMT,2.0,,Find the sum of all positive integers n such that $\frac{n^{2}+20n+51}{n^{2}+4n+3}$ is an integer.,aime_ready_integers,N/A,
10,,BmMT 2018 Individual #16,2018,Geometry,BmMT,2.0,,Let ABC be a right triangle with hypotenuse AB such that $AC=36$ and $BC=15$ A semicircle is inscribed in ABC such that the diameter XC of the semicircle lies on side AC and that the semicircle is tangent to AB. What is the radius of the semicircle?,aime_ready_integers,N/A,
599,,BmMT 2018 Individual #17,2018,Number Theory,BmMT,2.5,,"Let a and b be relatively prime positive integers such that the product ab is equal to the least common multiple of 16500 and 990. If $\frac{16500}{a}$ and $\frac{990}{b}$ are both integers, what is the minimum value of $a+b$?",aime_ready_integers,N/A,
21√5,,BmMT 2018 Individual #18,2018,Algebra,BmMT,3.0,,Let x be a positive real number so that $x-\frac{1}{x}=1$ Compute $x^{8}-\frac{1}{x^{8}}$,roots,"Let $y$ be a positive real number such that $y-\frac{1}{y}=1$. Let $x=y^{8}-\frac{1}{y^{8}}$. If $x$ can be written in the form $m\sqrt{n}$, where $m$ and $n$ are positive integers and $n$ is not divisible by the square of any prime, find $m+n$.",
15630,,BmMT 2018 Individual #19,2018,Counting,BmMT,3.0,,"Six people sit around a round table. Each person rolls a standard 6-sided die. If no two people sitting next to each other rolled the same number, we will say that the roll is valid. How many different rolls are valid?",large_integers,Denote by n the number of different ways in which six people sitting around a round table can each roll a standard 6-sided die such that no two people sitting next to each other roll the same number. Find the remainder when n is divided by 1000.,
15,,BmMT 2018 Individual #20,2018,Number Theory,BmMT,3.5,,"Given that $\frac{1}{31}=0.\overline{a_{1}a_{2}a_{3}a_{4}a_{5}\cdot\cdot\cdot a_{n}}$ (that is, $\frac{1}{31}$ can be written as the repeating decimal expansion $0.a_{1}a_{2}\cdot\cdot\cdot a_{n}a_{1}a_{2}\cdot\cdot\cdot a_{n}a_{1}a_{2}\cdot\cdot\cdot),$ what is the minimum value of n ?",aime_ready_integers,N/A,
78,,BmMT 2018 Team #1,2018,Number Theory,BmMT,1.0,,What is the sum of the first 12 positive integers?,aime_ready_integers,N/A,
10,,BmMT 2018 Team #2,2018,Number Theory,BmMT,1.0,,How many positive integers less than or equal to 100 are multiples of both 2 and 5?,aime_ready_integers,N/A,
3/14,,BmMT 2018 Team #3,2018,Counting,BmMT,1.0,,Alex has a bag with 4 white marbles and 4 black marbles. She takes 2 marbles from the bag without replacement. What is the probability that both marbles she took are black? Express your answer as a decimal or a fraction in lowest terms.,fractions,"Alex has a bag with 4 white marbles and 4 black marbles. She takes 2 marbles from the bag without replacement. Let $p$ be the probability that both marbles she took are black. If $p$ can be expressed as $m/n$, where $m$ and $n$ are relatively prime positive integers, find $m + n$.",
32,,BmMT 2018 Team #4,2018,Counting,BmMT,1.0,,How many 5-digit numbers are there where each digit is either 1 or 2?,aime_ready_integers,N/A,
1/2,,BmMT 2018 Team #5,2018,Counting,BmMT,1.5,,An integer a with $1\le a\le10$ is randomly selected. What is the probability that $\frac{100}{a}$ is an integer? Express your answer as a decimal or a fraction in lowest terms.,fractions,"An integer $a$ satisfying $1\le a\le10$ is randomly selected. Let $p$ be the probability that $\frac{100}{a}$ is an integer. If $p$ can be expressed as $m/n$, where $m$ and $n$ are relatively prime positive integers, find $m + n$.",
5,,BmMT 2018 Team #6,2018,Geometry,BmMT,2.0,,"Two distinct non-tangent circles are drawn so that they intersect each other. A third circle, distinct from the previous two, is drawn. Let P be the number of points of intersection between any two circles. How many possible values of P are there?",aime_ready_integers,N/A,
4,,BmMT 2018 Team #7,2018,Algebra,BmMT,2.0,,"Let x, y, z be nonzero real numbers such that $x+y+z=xyz.$ Compute
$$\frac{1+yz}{yz}+\frac{1+xz}{xz}+\frac{1+xy}{xy}.$$",aime_ready_integers,N/A,
3,,BmMT 2018 Team #8,2018,Number Theory,BmMT,2.0,,"How many positive integers less than $10^{6}$ are simultaneously perfect squares, cubes, and fourth powers?",aime_ready_integers,N/A,
4π/3,,BmMT 2018 Team #9,2018,Geometry,BmMT,2.0,,"Let $C_{1}$ and $C_{2}$ be two circles centered at point O of radii 1 and 2, respectively. Let A be a point on $C_{2}$. We draw the two lines tangent to $C_{1}$ that pass through A, and label their other intersections with $C_{2}$ as B and C. Let x be the length of minor are BC. Compute x.",pi,"Let $C_{1}$ and $C_{2}$ be two circles centered at point O with radii 1 and 2, respectively. Let A be a point on $C_{2}$. Let's draw the two lines tangent to $C_{1}$ that pass through A, and label their other intersections with $C_{2}$ as B and C. Let $n$ be the length of the minor arc BC on $C_{2}$. If $n$ can be written as $a\pi/b + c$, where $a$, $b$, and $c$ are positive integers, find $a + b + c$.",
3√3,,BmMT 2018 Team #10,2018,Geometry,BmMT,2.0,,A circle of area $\pi$ is inscribed in an equilateral triangle. Find the area of the triangle.,roots,"A circle of area $\pi$ is inscribed in an equilateral triangle. Let $x$ be the area of the triangle. If $x$ can be written as $m\sqrt{n}$, where $m$ and $n$ are positive integers and $n$ is not divisible by the square of any prime, find $m + n$.",
6,,BmMT 2018 Team #11,2018,Algebra,BmMT,2.5,,"Julie runs a 2 mile route every morning. She notices that if she jogs the route 2 miles per hour faster than normal, then she will finish the route 5 minutes faster. How fast (in miles per hour) does she normally jog?",aime_ready_integers,N/A,
25,,BmMT 2018 Team #12,2018,Geometry,BmMT,2.5,,"Let ABCD be a square of side length 10. Let EFGH be a square of side length 15 such that E is the center of ABCD, EF intersects BC at X, and EH intersects CD at Y (shown below). If $BX=7$ what is the area of quadrilateral EXCY?",aime_ready_integers,N/A,
0,,BmMT 2018 Team #13,2018,Number Theory,BmMT,2.5,,"How many solutions are there to the system of equations $a^{2}+b^{2}=c^{2},(a+1)^{2}+(b+1)^{2}=(c+1)^{2}$ if a, b, and c are positive integers?",aime_ready_integers,N/A,
2√5/5,,BmMT 2018 Team #14,2018,Geometry,BmMT,2.0,,A square of side length s is inscribed in a semicircle of radius r. Compute $\frac{s}{r}$.,roots,"A square of side length s is inscribed in a semicircle of radius r. Let $x$ be the ratio of the side length of the square to the radius of the semicircle. If $x$ can be written as $m\sqrt{n}/k$, where $m$ and $k$ are relatively prime positive integers and $n$ is not divisible by the square of a prime, find $m + n + k$.",
4,,BmMT 2018 Team #15,2018,Number Theory,BmMT,2.0,,S is a collection of integers n with $1\le n\le50$ so that each integer in S is composite and relatively prime to every other integer in S. What is the largest possible number of integers in S?,aime_ready_integers,N/A,
1/2,,BmMT 2018 Team #16,2018,Geometry,BmMT,2.5,,"Let ABCD be a regular tetrahedron and let W, X, Y, Z denote the centers of faces ABC, BCD, CDA, and DAB, respectively. What is the ratio of the volumes of tetrahedrons WXYZ and WAYZ? Express your answer as a decimal or a fraction in lowest terms.",fractions,"Let ABCD be a regular tetrahedron and let W, X, Y, Z denote the centers of faces ABC, BCD, CDA, and DAB, respectively. Let $s$ be the ratio of the volumes of tetrahedrons WXYZ and WAYZ. If $s$ can be expressed as $m/n$, where $m$ and $n$ are relatively prime positive integers, find $m + n$.",
1/10,,BmMT 2018 Team #17,2018,Counting,BmMT,3.0,,"Consider a random permutation $\{s_{1},s_{2},...,s_{8}\}$ of $\{1,1,1,1,-1,-1,-1,-1\}$. Let S be the largest of the numbers
$$s_{1},s_{1}+s_{2},s_{1}+s_{2}+s_{3},...,s_{1}+s_{2}+\cdot\cdot\cdot+s_{8}.$$
What is the probability that S is exactly 3? Express your answer as a decimal or a fraction in lowest terms.",fractions,"Consider a random permutation $\{s_{1},s_{2},...,s_{8}\}$ of $\{1,1,1,1,-1,-1,-1,-1\}$. We define a series of numbers as follows: $s_{1},s_{1}+s_{2},s_{1}+s_{2}+s_{3},...,s_{1}+s_{2}+\cdot\cdot\cdot+s_{8}$. Let $P$ be the probability that the largest of these numbers is exactly 3. If $P$ can be expressed as $m/n$, where $m$ and $n$ are relatively prime positive integers, find $m + n$.",
184,,BmMT 2018 Team #18,2018,Number Theory,BmMT,3.0,,"A positive integer is called almost-kinda-semi-prime if it has a prime number of positive integer divisors. Given that there are 168 primes less than 1000, how many almost-kinda-semi-prime numbers are there less than 1000?",aime_ready_integers,N/A,
2+√3,,BmMT 2018 Team #19,2018,Geometry,BmMT,3.5,,"Let ABCD be a unit square and let X, Y, Z be points on sides AB, BC, CD, respectively, such that $AX=BY=CZ.$ If the area of triangle XYZ is $\frac{1}{3}$ what is the maximum value of the ratio $XB/AX?$",roots,"Let ABCD be a unit square and let X, Y, Z be points on sides AB, BC, CD, respectively, such that $AX=BY=CZ.$ If the area of triangle XYZ is $\frac{1}{3}$, let $x$ be the ratio $XB/AX$. If $x$ can be written as $m\sqrt{n} + c$ where $m$, $n$ and $c$ are positive integers, and $n$ is not divisible by the square of any prime, find $m + n + c$.",
50616,,BmMT 2018 Team #20,2018,Number Theory,BmMT,4.5,,"Positive integers $a\le b\le c$ have the property that each of $a+b$, $b+c$, and $c+a$ are prime. If $a+b+c$ has exactly 4 positive divisors, find the fourth smallest possible value of the product $c(c+b)(c+b+a).$",large_integers,"Positive integers $a\le b\le c$ have the property that each of $a+b$, $b+c$, and $c+a$ are prime. If $a+b+c$ has exactly 4 positive divisors, let $n$ be the fourth smallest possible value of the product $c(c+b)(c+b+a)$. Find the remainder when $n$ is divided by 1000.",
1010,,BMT 2019 Team #1,2019,Algebra,BMT,4.0,,"Find the maximum integral value of $k$ such that $0 \le k \le 2019$ and 
$$ \sin\left(\frac{2\pi k}{2019}\right) $$
is maximal.",large_integers,"Denote by $n$ the maximum integral value of $k$ such that $0 \le k \le 2019$ and 
$$ \sin\left(\frac{2\pi k}{2019}\right) $$
is maximal. Find the remainder when $n$ is divided by 1000.",
1,,BMT 2019 Team #2,2019,Number Theory,BMT,2.0,,Find the remainder when $2^{2019}$ is divided by 7.,aime_ready_integers,N/A,
25√3/4 + 50π/3,,BMT 2019 Team #3,2019,Geometry,BMT,2.0,,"A cylinder with radius 5 and height 1 is rolling on the (unslanted) floor. Inside the cylinder, there is water that has constant height $\frac{15}{2}$ as the cylinder rolls on the floor. What is the volume of the water?",misc,N/A,
126,,BMT 2019 Team #4,2019,Counting,BMT,2.0,,"Let $C$ be the number of ways to arrange the letters of the word CATALYSIS, $T$ be the number of ways to arrange the letters of the word TRANSPORT, $S$ be the number of ways to arrange the letters of the word STRUCTURE, and $M$ be the number of ways to arrange the letters of the word MOTION. What is $\frac{C-T+S}{M}$?",aime_ready_integers,N/A,
√101,,BMT 2019 Team #5,2019,Geometry,BMT,2.0,,"What is the minimum distance between $(2019, 470)$ and $(21a-19b, 19b+21a)$ for $a, b \in \mathbb{Z}$?",roots,"Let $x$ be the minimum distance between $(2019, 470)$ and $(21a-19b, 19b+21a)$ for $a, b \in \mathbb{Z}$. If $x$ can be written in the form of $\sqrt{n}$, where $n$ is not divisible by the square of any prime, find $n$.",
0,,BMT 2019 Team #6,2019,Counting,BMT,2.0,,"At a party, 2019 people decide to form teams of three. To do so, each turn, every person not on a team points to one other person at random. If three people point to each other (that is, A points to B, B points to C, and C points to A), then they form a team. What is the probability that after 65,536 turns, exactly one person is not on a team?",aime_ready_integers,N/A,
16,,BMT 2019 Team #7,2019,Number Theory,BMT,4.0,,"How many distinct ordered pairs of integers $(b, m, t)$ satisfy the equation $b^8 + m^4 + t^2 + 1 = 2019^2$?",aime_ready_integers,N/A,
-137/1500,,BMT 2019 Team #8,2019,Algebra,BMT,4.0,,"Let $(k_i)$ be a sequence of unique nonzero integers such that $x^2 - 5x + k_i$ has rational solutions. Find the minimum possible value of 
$$ \frac{1}{5} \sum_{i=1}^\infty \frac{1}{k_i}. $$",fractions,"Let $(k_i)$ be a sequence of unique nonzero integers such that $x^2 - 5x + k_i$ has rational solutions. Define $s$ as the quantity 
$$ \frac{1}{5} \sum_{i=1}^\infty \frac{1}{k_i}. $$
Let $s$ be this quantity. If $s$ can be expressed as $m/n$, where $m$ and $n$ are relatively prime positive integers, find the value of $m + n$.",
5,,BMT 2019 Team #9,2019,Counting,BMT,4.5,,"You wish to color every vertex, edge, face, and the interior of a cube one color each such that no two adjacent objects are the same color. Faces are adjacent if they share an edge. Edges are adjacent if they share a vertex. The interior is adjacent to all of its faces, edges, and vertices. Each face is adjacent to all of its edges and vertices. Each edge is adjacent to both of its vertices. What is the minimum number of colors required to do this?",aime_ready_integers,N/A,
1,,BMT 2019 Team #10,2019,Counting,BMT,5.0,,Compute the remainder when the product of all positive integers less than and relatively prime to 2019 is divided by 2019.,aime_ready_integers,N/A,
1991,,BMT 2019 Team #12,2019,Counting,BMT,6.0,,"2019 people (all of whom are perfect logicians), labeled from 1 to 2019, partake in a paintball duel. First, they decide to stand in a circle, in order, so that Person 1 has Person 2 to his left and Person 2019 to his right. Then, starting with Person 1 and moving to the left, every person who has not been eliminated takes a turn shooting. On their turn, each person can choose to either shoot one non-eliminated person of his or her choice (which eliminates that person from the game), or deliberately miss. The last person standing wins. If, at any point, play goes around the circle once with no one getting eliminated (that is, if all the people playing decide to miss), then automatic paint sprayers will turn on, and end the game with everyone losing. Each person will, on his or her turn, always pick a move that leads to a win if possible, and, if there is still a choice in what move to make, will prefer shooting over missing, and shooting a person closer to his or her left over shooting someone farther from their left. What is the number of the person who wins this game? Put ""0"" if no one wins.",large_integers,"In a paintball duel, 2019 perfect logicians, labeled from 1 to 2019, decide to stand in a circle, in order, so that Person 1 has Person 2 to his left and Person 2019 to his right. Starting with Person 1 and moving to the left, every person who has not been eliminated takes a turn shooting. On their turn, each person can choose to either shoot one non-eliminated person of his or her choice (which eliminates that person from the game), or deliberately miss. The last person standing wins. If, at any point, play goes around the circle once with no one getting eliminated (that is, if all the people playing decide to miss), then automatic paint sprayers will turn on, and end the game with everyone losing. Each person will, on his or her turn, always pick a move that leads to a win if possible, and, if there is still a choice in what move to make, will prefer shooting over missing, and shooting a person closer to his or her left over shooting someone farther from their left. Let $n$ be the label of the person who wins this game. If no one wins, let $n = 0$. Find the remainder when $n$ is divided by $1000$.",
112,,BMT 2019 Team #13,2019,Geometry,BMT,4.5,,"Triangle $\triangle ABC$ has $4R = 13$, $BC = 14$, and $CA = 15$. $\triangle ABC$ has incircle $\gamma$ and circumcircle $\omega$. Line $AI$ is extended to hit $\omega$ at $P$. What is the area of quadrilateral $ABPC$?",aime_ready_integers,N/A,
4076364,,BMT 2019 Team #14,2019,Geometry,BMT,5.0,,"A regular hexagon has positive integer side length. A laser is emitted from one of the hexagon's corners, and is reflected off the edges of the hexagon until it hits another corner. Let $a$ be the distance that the laser travels. What is the smallest possible value of $a^2$ such that $a > 2019$. You need not simplify/compute exponents.",large_integers,"A regular hexagon has positive integer side length. A laser is emitted from one of the hexagon's corners, and is reflected off the edges of the hexagon until it hits another corner. Let $a$ be the distance that the laser travels. Denote by $n$ the smallest possible value of $a^2$ such that $a > 2019$. Find the remainder when $n$ is divided by 1000.",
5,,BMT 2019 Individual #1,2019,Algebra,BMT,2.0,,"Let $p$ be a polynomial with degree less than 4 such that $p(x)$ attains a maximum at $x = 1$. If $p(1) = p(2) = 5$, find $p(10)$.",aime_ready_integers,N/A,
30,,BMT 2019 Individual #2,2019,Geometry,BMT,2.0,,"Let $A, B, C$ be unique collinear points with $AB = BC = 1$. Let $P$ be a point that lies on the circle centered at $B$ with radius $\frac{1}{3}$ and the circle centered at $C$ with radius $\frac{1}{3}$. Find the measure of angle $\angle PAC$ in degrees.",aime_ready_integers,N/A,
17,,BMT 2019 Individual #3,2019,Algebra,BMT,2.5,,"If $f(x + y) = f(xy)$ for all real numbers $x$ and $y$, and $f(2019) = 17$, what is the value of $f(17)$?",aime_ready_integers,N/A,
1/56,,BMT 2019 Individual #4,2019,Counting,BMT,2.0,,"Justin is being served two different types of chips, A-chips, and B-chips. If there are 3 B-chips and 5 A-chips, and if Justin randomly grabs 3 chips, what is the probability that none of them are A-chips?",fractions,"Justin is presented with two distinct varieties of chips, labeled as A-chips and B-chips. There are 3 B-chips and 5 A-chips available. Justin then randomly selects 3 chips. Let $p$ represent the probability that all 3 chips that Justin selects are B-chips. If $p$ can be expressed as $m/n$, where $m$ and $n$ are relatively prime positive integers, find the value of $m + n$.",
8π,,BMT 2019 Individual #5,2019,Geometry,BMT,2.5,,Point $P$ is $\sqrt{3}$ units away from plane $A$. Let $Q$ be a region of $A$ such that every line through $P$ that intersects $A$ in $Q$ intersects $A$ at an angle between $30^\circ$ and $60^\circ$. What is the largest possible area of $Q$?,pi,"Point $P$ is $\sqrt{3}$ units away from plane $A$. Let $Q$ be a region of $A$ such that every line through $P$ that intersects $A$ in $Q$ intersects $A$ at an angle between $30^\circ$ and $60^\circ$. Let $n$ be the largest possible area of $Q$. If $n$ can be written as $a\pi + b$, where $a$ and $b$ are positive integers, find $a + b$.",
24-7π/12,,BMT 2019 Individual #6,2019,Geometry,BMT,2.0,,"How many square inches of paint are needed to fully paint a regular 6-sided die with side length 2 inches, except for the $\frac{1}{3}$-inch diameter circular dots marking 1 through 6 (a different number per side)? The paint has negligible thickness, and the circular dots are non-overlapping.",misc,N/A,
√6/6,,BMT 2019 Individual #7,2019,Geometry,BMT,2.5,,"Let $\triangle ABC$ be an equilateral triangle with side length $M$ such that points $E_1$ and $E_2$ lie on side $AB$, $F_1$ and $F_2$ lie on side $BC$, and $G_1$ and $G_2$ lie on side $AC$, such that $m = AE_1 = BE_2 = BF_1 = CF_2 = CG_1 = AG_2$ and the area of polygon $E_1E_2F_1F_2G_1G_2$ equals the combined areas of $\triangle AE_1G_2$, $\triangle BF_1E_2$, and $\triangle CG_1F_2$. Find the ratio $\frac{m}{M}$.",roots,"In an equilateral triangle ABC of side length M, points E1 and E2 are on side AB, F1 and F2 are on side BC, and G1 and G2 are on side AC, such that m = AE1 = BE2 = BF1 = CF2 = CG1 = AG2. The area of hexagon E1E2F1F2G1G2 equals the combined areas of triangles AE1G2, BF1E2, and CG1F2. Let $x$ be the ratio of the lengths m and M. If $x$ can be written in the form of a√b/c, where a and c are relatively prime positive integers and b is not divisible by the square of a prime, find a+b+c.",
1/2019,,BMT 2019 Individual #8,2019,Counting,BMT,2.5,,"Let $\phi = \frac{1}{2019}$. Define
$$
g_n = \begin{cases}
0 & \text{if } \text{round}(n\phi) = \text{round}((n-1)\phi) \\
1 & \text{otherwise}.
\end{cases}
$$
where $\text{round}(x)$ denotes the round function. Compute the expected value of $g_n$ if $n$ is an integer chosen from interval $[1, 2019^2]$.",fractions,"Let $\phi = \frac{1}{2019}$. Define
$$
g_n = \begin{cases}
0 & \text{if } \text{round}(n\phi) = \text{round}((n-1)\phi) \\
1 & \text{otherwise}.
\end{cases}
$$
where $\text{round}(x)$ denotes the round function. Let $s$ be the expected value of $g_n$ if $n$ is an integer chosen from interval $[1, 2019^2]$. If $s$ can be expressed as a fraction $m/n$, where $m$ and $n$ are relatively prime positive integers, find $m + n$.",
17550,,BMT 2019 Individual #9,2019,Counting,BMT,2.5,,"Define an almost-palindrome as a string of letters that is not a palindrome but can become a palindrome if one of its letters is changed. For example, TRUST is an almost-palindrome because the R can be changed to an S to produce a palindrome, but TRIVIAL is not an almost-palindrome because it cannot be changed into a palindrome by swapping out only one letter (both the A and the L are out of place). How many almost-palindromes contain fewer than 4 letters?",large_integers,"Let an almost-palindrome be defined as a string of letters that is not a palindrome but can become a palindrome if one of its letters is changed. For example, TRUST is an almost-palindrome because the R can be changed to an S to produce a palindrome. However, TRIVIAL is not an almost-palindrome because it cannot be changed into a palindrome by swapping out only one letter (both the A and the L are out of place). Denote by n the number of almost-palindromes that contain fewer than 4 letters. Find the remainder when n is divided by 1000.",
(√3 - 1)/2,,BMT 2019 Individual #10,2019,Geometry,BMT,3.0,,Let $MATH$ be a square with $MA = 1$. Point $B$ lies on $AT$ such that $m\angle MBT = 3.5m\angle BMT$. What is the area of $\triangle BMT$?,misc,N/A,
45π,,BMT 2019 Individual #11,2019,Geometry,BMT,3.0,,"A regular 17-gon with vertices $V_1, V_2, \dots, V_{17}$ and sides of length 3 has a point $P$ on $V_1V_2$ such that $V_1P = 1$. A chord that stretches from $V_1$ to $V_2$ containing $P$ is rotated within the interior of the heptendecagon around $V_2$ such that the chord now stretches from $V_2$ to $V_3$. The chord then hinges around $V_3$, then $V_4$, and so on, continuing until $P$ is back at its original position. Find the total length traced by $P$.",pi,"A regular 17-gon with vertices $V_1, V_2, \dots, V_{17}$ and sides of length 3 has a point $P$ on $V_1V_2$ such that $V_1P = 1$. A chord that stretches from $V_1$ to $V_2$ containing $P$ is rotated within the interior of the heptendecagon around $V_2$ such that the chord now stretches from $V_2$ to $V_3$. The chord then hinges around $V_3$, then $V_4$, and so on, continuing until $P$ is back at its original position. Let $n$ be the total length traced by $P$. If $n$ can be written as $a\pi + b$, where $a$ and $b$ are positive integers, find $a + b$.",
11,,BMT 2019 Individual #12,2019,Number Theory,BMT,3.5,,"Box is thinking of a number, whose digits are all “1”. When he squares the number, the sum of its digits is 85. How many digits is Box’s number?",aime_ready_integers,N/A,
155,,BMT 2019 Individual #13,2019,Geometry,BMT,3.5,,"Two circles $O_1$ and $O_2$ intersect at points $A$ and $B$. Lines $AC$ and $BD$ are drawn such that $C$ is on $O_1$ and $D$ is on $O_2$ and $AC \perp AB$ and $BD \perp AB$. If minor arc $\stackrel{\frown}{AB} = 45$ degrees relative to $O_1$ and minor arc $\stackrel{\frown}{AB} = 60$ degrees relative to $O_2$ and the radius of $O_2 = 10$, the area of quadrilateral $CADB$ can be expressed in simplest form as $a + b\sqrt{k} + c\sqrt{\ell}$. Compute $a + b + c + k + \ell$.",aime_ready_integers,N/A,
20:25,,BMT 2019 Individual #14,2019,Number Theory,BMT,3.0,,"On a 24 hour clock, there are two times after 01:00 for which the time expressed in the form hh:mm and in minutes are both perfect squares. One of these times is 01:21, since 121 and $60+21 = 81$ are both perfect squares. Find the other time, expressed in the form hh:mm.",misc,N/A,
12340,,BMT 2019 Individual #15,2019,Counting,BMT,3.0,,How many distinct positive integers can be formed by choosing their digits from the string 04072019?,large_integers,Denote by $n$ the number of distinct positive integers that can be formed by choosing their digits from the string 04072019. Find the remainder when $n$ is divided by 1000.,
280,,BMT 2019 Individual #16,2019,Geometry,BMT,4.5,,"Let $ABC$ be a triangle with $AB = 26, BC = 51$, and $CA = 73$, and let $O$ be an arbitrary point in the interior of $\triangle ABC$. Lines $l_1, l_2$, and $l_3$ pass through $O$ and are parallel to $AB, BC$, and $CA$, respectively. The intersections of $l_1, l_2$, and $l_3$ and the sides of $\triangle ABC$ form a hexagon whose area is $A$. Compute the minimum value of $A$.",aime_ready_integers,N/A,
16,,BMT 2019 Individual #17,2019,Geometry,BMT,4.5,,"Let $C$ be a circle of radius 1 and $O$ its center. Let $AB$ be a chord of the circle and $D$ a point on $AB$ such that $OD = \frac{\sqrt{2}}{2}$ such that $D$ is closer to $A$ than it is to $B$, and if the perpendicular line at $D$ with respect to $AB$ intersects the circle at $E$ and $F$, $AD = DE$. The area of the region of the circle enclosed by $AD, DE$, and the minor arc $AE$ may be expressed as $\frac{a + b\sqrt{c} + d\pi}{e}$ where $a, b, c, d, e$ are integers, $\text{gcd}(a, b, d, e) = 1$, and $c$ is squarefree. Find $a + b + c + d + e$.",aime_ready_integers,N/A,
37,,BMT 2019 Individual #18,2019,Number Theory,BMT,5.5,,"Define $f(x, y)$ to be $\frac{|x|}{|y|}$ if that value is a positive integer, $\frac{|y|}{|x|}$ if that value is a positive integer, and zero otherwise. We say that a sequence of integers $l_1$ through $l_n$ is good if $f(l_i, l_{i+1})$ is nonzero for all $i$ where $1 \le i \le n-1$, and the score of the sequence is
$$
\sum_{i=1}^{n-1} f(l_i, l_{i+1}).
$$
Compute the maximum possible score of a good subsequence subject to the further constraints that the absolute value of every element is between 2 and 6, and that if $b$ directly follows $a$ in the sequence, it can only do so once, and $a$ cannot directly follow $b$ afterwards.",aime_ready_integers,N/A,
(9-√3)/9,,BMT 2019 Individual #19,2019,Algebra,BMT,6.0,,"Let $a$ and $b$ be real numbers such that
$$
\max_{0 \le x \le 1} |x^3 - ax - b|
$$
is as small as possible. Find $a + b$ in simplest radical form. (Hint: If $f(x) = x^3 - cx - d$, then the maximum (or minimum) of $f(x)$ either occurs when $x = 0$ and/or $x = 1$ and/or when $x$ satisfies $3x^2 - c = 0$).",misc,N/A,
3,,BMT 2019 Individual #20,2019,Algebra,BMT,7.0,,"Define a sequence $F_n$ such that $F_1 = 1, F_2 = x, F_{n+1} = xF_n + yF_{n-1}$ where $x$ and $y$ are positive integers. Suppose
$$
\frac{1}{F_k} = \sum_{n=1}^{\infty} \frac{F_n}{d^n}
$$
has exactly two solutions $(d, k)$ with $d > 0$ is a positive integer. Find the least possible positive value of $d$.",aime_ready_integers,N/A,
2,,BMT 2019 Algebra #1,2019,Algebra,BMT,2.0,,How many integers $x$ satisfy $x^2 - 9x + 18 < 0$?,aime_ready_integers,N/A,
"(4, 8)",,BMT 2019 Algebra #2,2019,Algebra,BMT,2.0,,"Find the point $p$ in the first quadrant on the line $y = 2x$ such that the distance between $p$ and $p'$, the point reflected across the line $y = x$, is equal to $\sqrt{32}$.",misc,N/A,
72,,BMT 2019 Algebra #3,2019,Algebra,BMT,2.5,,"There are several pairs of integers $(a, b)$ satisfying $a^2 - 4a + b^2 - 8b = 30$. Find the sum of the sum of the coordinates of all such points.",aime_ready_integers,N/A,
π/40,,BMT 2019 Algebra #4,2019,Algebra,BMT,2.5,,"Two real numbers $x$ and $y$ are both chosen at random from the closed interval $[-10, 10]$. Find the probability that $x^2 + y^2 < 10$. Express your answer as a common fraction in terms of $\pi$.",pi,"Two real numbers $x$ and $y$ are both chosen at random from the closed interval $[-10, 10]$. Let $n$ be the probability that $x^2 + y^2 < 10$. If $n$ can be written as $a\pi/b$, where $a$ and $b$ are positive integers, find $a + b$.",
15,,BMT 2019 Algebra #5,2019,Algebra,BMT,2.0,,Find the sum of all real solutions to $(x^2 - 10x - 12)^{x^2 + 5x + 2} = 1$.,aime_ready_integers,N/A,
11/2,,BMT 2019 Algebra #6,2019,Algebra,BMT,2.5,,Find the maximum value of $\frac{x}{y}$ if $x$ and $y$ are real numbers such that $x^2 + y^2 - 8x - 6y + 20 = 0$.,fractions,"Let $s$ be the maximum possible value of the ratio $\frac{x}{y}$, where $x$ and $y$ are real numbers satisfying the equation $x^2 + y^2 - 8x - 6y + 20 = 0$. If $s$ can be expressed as $m/n$, where $m$ and $n$ are relatively prime positive integers, find the value of $m + n$.",
3,,BMT 2019 Algebra #7,2019,Algebra,BMT,3.5,,"Let $r_1, r_2, r_3$ be the (possibly complex) roots of the polynomial $x^3 + ax^2 + bx + \frac{4}{3}$. How many pairs of integers $a, b$ exist such that $r_1^3 + r_2^3 + r_3^3 = 0$?",aime_ready_integers,N/A,
67,,BMT 2019 Algebra #8,2019,Algebra,BMT,4.0,,"A biased coin has a $\frac{6 + 2\sqrt{3}}{12}$ chance of landing heads, and a $\frac{6 - 2\sqrt{3}}{12}$ chance of landing tails. What is the probability that the number of times the coin lands heads after being flipped 100 times is a multiple of 4? The answer can be expressed as $\frac{1}{4} + \frac{1 + ab}{c \cdot de}$ where $a, b, c, d, e$ are positive integers. Find the minimal possible value of $a + b + c + d + e$.",aime_ready_integers,N/A,
1260,,BMT 2019 Algebra #9,2019,Algebra,BMT,3.5,,"Let $a_n$ be the product of the complex roots of $x^{2n} = 1$ that are in the first quadrant of the complex plane. That is, roots of the form $a + bi$ where $a, b > 0$. Let $r = a_1 \cdot a_2 \cdot \dots \cdot a_{10}$. Find the smallest integer $k$ such that $r$ is a root of $x^k = 1$.",large_integers,"Let $a_n$ be the product of the complex roots of $x^{2n} = 1$ that are in the first quadrant of the complex plane. That is, roots of the form $a + bi$ where $a, b > 0$. Let $r = a_1 \cdot a_2 \cdot \dots \cdot a_{10}$. Denote by $k$ the smallest integer such that $r$ is a root of $x^k = 1$. Find the remainder when $k$ is divided by $1000$.",
1401,,BMT 2019 Algebra #10,2019,Algebra,BMT,3.0,,"Find the number of ordered integer triplets $(x, y, z)$ with absolute value less than or equal to 100 such that $2x^2 + 3y^2 + 3z^2 + 2xy + 2xz - 4yz < 5$.",large_integers,"Let $n$ be the number of ordered integer triplets $(x, y, z)$ with absolute value less than or equal to 100 such that $2x^2 + 3y^2 + 3z^2 + 2xy + 2xz - 4yz < 5$. Find the remainder when $n$ is divided by 1000.",
(2^2018 - 1)/(2^2019 -1),,BMT 2019 Discrete #1,2019,Counting,BMT,4.0,,A fair coin is repeatedly flipped until 2019 consecutive coin flips are the same. Compute the probability that the first and last flips of the coin come up differently.,misc,N/A,
2/11,,BMT 2019 Discrete #2,2019,Counting,BMT,3.0,,"Sylvia has a bag of 10 coins. Nine are fair coins, but the tenth has tails on both sides. Sylvia draws a coin at random from the bag and flips it without looking. If the coin comes up tails, what is the probability that the coin she drew was the 2-tailed coin?",fractions,"Sylvia has a collection of 10 coins. Nine of these coins are standard coins with one side heads and one side tails, but one coin is unusual with tails on both sides. Sylvia randomly selects a coin from the collection and flips it, revealing a tail. Let $p$ be the probability that the coin Sylvia selected is the 2-tailed coin given that a tail was flipped. If $p$ can be expressed as $m/n$, where $m$ and $n$ are relatively prime positive integers, find $m + n$.",
75,,BMT 2019 Discrete #3,2019,Counting,BMT,3.0,,There are 15 people at a party; each person has 10 friends. To greet each other each person hugs all their friends. How many hugs are exchanged at this party?,aime_ready_integers,N/A,
72,,BMT 2019 Discrete #4,2019,Number Theory,BMT,3.0,,"There exists one pair of positive integers $a, b$ such that $100 > a > b > 0$ and $\frac{1}{a} + \frac{1}{b} = \frac{2}{35}$. Find $a + b$.",aime_ready_integers,N/A,
1024,,BMT 2019 Discrete #5,2019,Number Theory,BMT,3.0,,Let $21110 \equiv n \pmod{1111}$ with $0 \le n < 1111$. Compute $n$.,large_integers,Denote by $n$ the least nonnegative integer such that $21110 \equiv n \pmod{1111}$. Find the remainder when $n$ is divided by $1000$.,
8,,BMT 2019 Discrete #6,2019,Number Theory,BMT,3.0,,Define $f(n) = \frac{n^2+n}{2}$. Compute the number of positive integers $n$ such that $f(n) \le 1000$ and $f(n)$ is the product of two prime numbers.,aime_ready_integers,N/A,
175/333,,BMT 2019 Discrete #7,2019,Counting,BMT,4.0,,"Call the number of times that the digits of a number change from increasing to decreasing, or vice versa, from the left to right while ignoring consecutive digits that are equal the flux of the number. For example, the flux of 123 is 0 (since the digits are always increasing from left to right) and the flux of 12333332 is 1, while the flux of 9182736450 is 8. What is the average value of the flux of the positive integers from 1 to 999, inclusive?",fractions,"Define the ""flux"" of a number to be the number of times that its digits shift from increasing to decreasing, or vice versa, reading from the left to the right and ignoring any consecutive digits that are the same. For instance, the flux of 123 is 0 as its digits are always increasing from left to right, the flux of 12333332 is 1, and the flux of 9182736450 is 8. Let $f$ be the average value of the flux of the positive integers from 1 to 999, inclusive. If $f$ can be expressed as $m/n$, where $m$ and $n$ are relatively prime positive integers, find $m + n$.",
218,,BMT 2019 Discrete #8,2019,Number Theory,BMT,4.0,,"For a positive integer $n$, define $\phi(n)$ as the number of positive integers less than or equal to $n$ that are relatively prime to $n$. Find the sum of all positive integers $n$ such that $\phi(n) = 20$.",aime_ready_integers,N/A,
14,,BMT 2019 Discrete #9,2019,Algebra,BMT,4.5,,"Let $z = \frac{1}{2} \left( \sqrt{2} + i\sqrt{2} \right)$. The sum
$$
\sum_{k=0}^{13} \frac{1}{1 - ze^{k \cdot i\pi/7}}
$$
can be written in the form $a - bi$. Find $a + b$.",aime_ready_integers,N/A,
7561,,BMT 2019 Discrete #10,2019,Number Theory,BMT,7.0,,"Let $S(n)$ be the sum of the squares of the positive integers less than and coprime to $n$. For example, $S(5) = 1^2 + 2^2 + 3^2 + 4^2$, but $S(4) = 1^2 + 3^2$.
Let $p = 2^7 - 1 = 127$ and $q = 2^5 - 1 = 31$ be primes. The quantity $S(pq)$ can be written in the form
$$
\frac{p^2q^2}{6} \left( a - \frac{b}{c} \right)
$$
where $a, b$, and $c$ are positive integers, with $b$ and $c$ coprime and $b < c$. Find $a$.",large_integers,"Let $S(n)$ be the sum of the squares of the positive integers less than and coprime to $n$. For example, $S(5) = 1^2 + 2^2 + 3^2 + 4^2$, but $S(4) = 1^2 + 3^2$.
Let $p = 2^7 - 1 = 127$ and $q = 2^5 - 1 = 31$ be primes. The quantity $S(pq)$ can be written in the form
$$
\frac{p^2q^2}{6} \left( a - \frac{b}{c} \right)
$$
where $a, b$, and $c$ are positive integers, with $b$ and $c$ coprime and $b < c$. Denote by $n$ the value of $a$. Find the remainder when $n$ is divided by $1000$.",
4,,BMT 2019 Geometry #2,2019,Geometry,BMT,2.5,,A set of points in the plane is called full if every triple of points in the set are the vertices of a non-obtuse triangle. What is the largest size of a full set?,aime_ready_integers,N/A,
51/2,,BMT 2019 Geometry #3,2019,Geometry,BMT,3.0,,Let $ABCD$ be a parallelogram with $BC = 17$. Let $M$ be the midpoint of $BC$ and let $N$ be the point such that $DANM$ is a parallelogram. What is the length of segment $NC$?,fractions,"Let $ABCD$ be a parallelogram with $BC = 17$. Let $M$ be the midpoint of $BC$ and let $N$ be the point such that $DANM$ is a parallelogram. Let $s$ be the length of segment $NC$. If $s$ can be expressed as $m/n$, where $m$ and $n$ are relatively prime positive integers, find the value of $m + n$.",
12 + 4√10,,BMT 2019 Geometry #4,2019,Geometry,BMT,2.5,,"The area of right triangle $ABC$ is 4, and hypotenuse $AB$ is 12. Compute the perimeter of $ABC$.",roots,"In right triangle $ABC$, the area is 4 and the length of the hypotenuse $AB$ is 12. Let $x$ be the perimeter of $ABC$. If $x$ can be written in the form of $m\sqrt{n} + c$, where $m$, $n$, and $c$ are positive integers and $n$ is not divisible by the square of a prime, find $m + n + c$.",
