Answer,Solution,Source,Year,Type,Competition,Difficulty,Img,Problem,AnswerType,modified_problem,review_status
25π√2/4,,BMT 2019 Geometry #5,2019,Geometry,BMT,4.0,,"Find the area of the set of all points $z$ in the complex plane that satisfy
$$
|z - 3i| + |z - 4| \le 5\sqrt{2}.
$$",pi,"Find the area of the set of all points $z$ in the complex plane that satisfy
$$
|z - 3i| + |z - 4| \le 5\sqrt{2}.
$$
Let $n$ be the area of this set. If $n$ can be written as $a\pi\sqrt{2}/b$, where $a$, $b$ are positive integers, find $a + b$.",
√5/8,,BMT 2019 Geometry #6,2019,Geometry,BMT,3.5,,"Let $ABE$ be a triangle with $AB/3 = BE/4 = EA/5$. Let $D \ne A$ be on line $AE$ such that $AE = ED$ and $D$ is closer to $E$ than to $A$. Moreover, let $C$ be a point such that $BCDE$ is a parallelogram. Furthermore, let $M$ be on line $CD$ such that $AM$ bisects $\angle BAE$, and let $P$ be the intersection of $AM$ and $BE$. Compute the ratio of $PM$ to the perimeter of $ABE$.",roots,"In triangle $ABE$, we have $AB/3 = BE/4 = EA/5$. Point $D$, distinct from $A$, lies on line $AE$ such that $AE = ED$ and $D$ is closer to $E$ than to $A$. Point $C$ is chosen so that $BCDE$ forms a parallelogram. Point $M$ lies on line $CD$ such that $AM$ bisects $\angle BAE$. Let $P$ be the intersection of lines $AM$ and $BE$. Let $x$ be the ratio of segment $PM$ to the perimeter of triangle $ABE$. If $x$ can be written as $\sqrt{m}/n$ where $m$ and $n$ are relatively prime positive integers and $m$ is not divisible by the square of a prime, find $m+n$.",
(5-2√3)/2,,BMT 2019 Geometry #7,2019,Geometry,BMT,4.0,,"Points $ABCD$ are vertices of an isosceles trapezoid, with $AB$ parallel to $CD$, $AB = 1$, $CD = 2$, and $BC = 1$. Point $E$ is chosen uniformly and at random on $CD$, and let point $F$ be the point on $CD$ such that $EC = FD$. Let $G$ denote the intersection of $AE$ and $BF$, not necessarily in the trapezoid. What is the probability that $\angle AGB > 30^\circ$?",misc,N/A,
196/197,,BMT 2019 Geometry #8,2019,Geometry,BMT,7.0,,"Let $ABC$ be a triangle with $AB = 13$, $BC = 14$, and $CA = 15$. Let $G$ denote the centroid of $ABC$, and let $G_A$ denote the image of $G$ under a reflection across $BC$, with $G_B$ the image of $G$ under a reflection across $AC$, and $G_C$ the image of $G$ under a reflection across $AB$. Let $O_G$ be the circumcenter of $G_A G_B G_C$ and let $X$ be the intersection of $AO_G$ with $BC$ and $Y$ denote the intersections of $AG$ with $BC$. Compute $XY$.",fractions,"Let $ABC$ be a triangle with $AB = 13$, $BC = 14$, and $CA = 15$. Let $G$ denote the centroid of $ABC$, and let $G_A$ denote the image of $G$ under a reflection across $BC$, with $G_B$ the image of $G$ under a reflection across $AC$, and $G_C$ the image of $G$ under a reflection across $AB$. Let $O_G$ be the circumcenter of $G_A G_B G_C$ and let $X$ be the intersection of $AO_G$ with $BC$ and $Y$ denote the intersections of $AG$ with $BC$. Let $s$ be the length of segment $XY$. If $s$ can be expressed as $m/n$, where $m$ and $n$ are relatively prime positive integers, find $m + n$.",
330,,BMT 2019 Geometry #9,2019,Geometry,BMT,7.0,,"Let $ABCD$ be a tetrahedron with $\angle ABC = \angle ABD = \angle CBD = 90^\circ$ and $AB = BC$. Let $E, F, G$ be points on $AD, BD$, and $CD$, respectively, such that each of the quadrilaterals $AEFB, BFGC$, and $CGEA$ have an inscribed circle. Let $r$ be the smallest real number such that $\frac{\text{area}(EFG)}{\text{area}(ABC)} \le r$ for all such configurations $A, B, C, D, E, F, G$. If $r$ can be expressed as
$$
\frac{\sqrt{a} - b\sqrt{c}}{d}
$$
where $a, b, c, d$ are positive integers with $\text{gcd}(a, b) = 1$ and $c$ squarefree, find $a + b + c + d$.",aime_ready_integers,N/A,
81√35,,BMT 2019 Geometry #10,2019,Geometry,BMT,7.5,,"A 3-4-5 point of a triangle $ABC$ is a point $P$ such that the ratio $AP:BP:CP$ is equivalent to the ratio $3:4:5$. If $ABC$ is isosceles with base $BC = 12$ and $ABC$ has exactly one 3-4-5 point, compute the area of $ABC$.",roots,"A 3-4-5 point of a triangle $ABC$ is a point $P$ such that the ratio $AP:BP:CP$ is equivalent to the ratio $3:4:5$. If $ABC$ is isosceles with base $BC = 12$ and $ABC$ has exactly one 3-4-5 point, let $x$ be the area of $ABC$. If $x$ can be written in the form $m\sqrt{n}$, where $m$ and $n$ are positive integers and $n$ is not divisible by the square of any prime, find the value of $m+n$.",
3,,BmMT 2019 Individual #1,2019,Algebra,BmMT,1.0,,"If Clark wants to divide 100 pizzas among 25 people so that each person receives the same number of pizzas, how many pizzas should each person receive?",aime_ready_integers,N/A,
4,,BmMT 2019 Individual #2,2019,Counting,BmMT,1.0,,"In a group of 3 people, every pair of people shakes hands once. How many handshakes occur?",aime_ready_integers,N/A,
5,,BmMT 2019 Individual #3,2019,Algebra,BmMT,1.0,,"Dylan and Joey have 14 costumes in total. Dylan gives Joey 4 costumes, and Joey now has the number of costumes that Dylan had before giving Joey any costumes. How many costumes does Dylan have now?",aime_ready_integers,N/A,
3,,BmMT 2019 Individual #4,2019,Counting,BmMT,1.0,,"At Banjo Borger, a burger costs 7 dollars, a soda costs 2 dollars, and a cookie costs 3 dollars. Alex, Connor, and Tony each spent 11 dollars on their order, but none of them got the same order. If Connor bought the most cookies, how many cookies did Connor buy?",aime_ready_integers,N/A,
12,,BmMT 2019 Individual #5,2019,Geometry,BmMT,1.0,,"Joey, James, and Austin stand on a large, flat field. If the distance from Joey to James is 30 and the distance from Austin to James is 18, what is the minimal possible distance from Joey to Austin?",aime_ready_integers,N/A,
40,,BmMT 2019 Individual #6,2019,Algebra,BmMT,1.0,,"If the first and third terms of a five-term arithmetic sequence are 3 and 8, respectively, what is the sum of all 5 terms in the sequence?",aime_ready_integers,N/A,
8√2,,BmMT 2019 Individual #8,2019,Geometry,BmMT,1.0,,"If the side length of square A is 4, what is the perimeter of square B, formed by connecting the midpoints of the sides of A?",roots,"Square A has a side length of 4. Square B is formed by connecting the midpoints of the sides of A. Let $x$ be the perimeter of square B. If $x$ can be written as the form $m\sqrt{n}$, where $m$ and $n$ are positive integers and $n$ is not divisible by the square of any prime, find the value of $m+n$.",
615,,BmMT 2019 Individual #9,2019,Number Theory,BmMT,1.0,,"The Chan Shun Auditorium at UC Berkeley has room number 2050. The number of seats in the auditorium is a factor of the room number, and there are between 150 and 431 seats, inclusive. What is the sum of all of the possible numbers of seats in Chan Shun Auditorium?",aime_ready_integers,N/A,
4,,BmMT 2019 Individual #10,2019,Number Theory,BmMT,1.5,,"Krishna has a positive integer $x$. He notices that $x^2$ has the same last digit as $x$. If Krishna knows that $x$ is a prime number less than 50, how many possible values of $x$ are there?",aime_ready_integers,N/A,
3,,BmMT 2019 Individual #11,2019,Number Theory,BmMT,1.5,,"Jing Jing the Kangaroo starts on the number 1. If she is at a positive integer $n$, she can either jump to $2n$ or to the sum of the digits of $n$. What is the smallest positive integer she cannot reach no matter how she jumps?",aime_ready_integers,N/A,
√3,,BmMT 2019 Individual #12,2019,Geometry,BmMT,1.5,,"Sylvia is 3 units directly east of Druv and runs twice as fast as Druv. When a whistle blows, Druv runs directly north, and Sylvia runs along a straight line. If they meet at a point a distance $d$ units away from Druv’s original location, what is the value of $d$?",roots,"Sylvia is 3 units directly east of Druv and runs twice as fast as Druv. When a whistle blows, Druv runs directly north, and Sylvia runs along a straight line. Let $x$ be the distance in units from Druv’s original location to the point where they meet. If $x$ can be written as $\sqrt{n}$, where $n$ is not divisible by the square of a prime, find $n$.",
5/2,,BmMT 2019 Individual #13,2019,Algebra,BmMT,1.5,,"If $x$ is a real number such that $\sqrt{x} + \sqrt{10} = \sqrt{x + 20}$, compute $x$.",fractions,"Let $s$ be a real number such that $\sqrt{s} + \sqrt{10} = \sqrt{s + 20}$. If $s$ can be expressed as $m/n$, where $m$ and $n$ are relatively prime positive integers, find $m + n$.",
20,,BmMT 2019 Individual #14,2019,Counting,BmMT,2.0,,"Compute the number of rearrangments of the letters in LATEX such that the letter T comes before the letter E and the letter E comes before the letter X. For example, TLEAX is a valid rearrangment, but LAETX is not.",aime_ready_integers,N/A,
16,,BmMT 2019 Individual #15,2019,Geometry,BmMT,2.0,,How many integers $n$ greater than 2 are there such that the degree measure of each interior angle of a regular $n$-gon is an even integer?,aime_ready_integers,N/A,
1806,,BmMT 2019 Individual #16,2019,Counting,BmMT,2.5,,"Students are being assigned to faculty mentors in the Berkeley Math Department. If there are 7 students and 3 mentors and each student has exactly one mentor, in how many ways can students be assigned to mentors given that each mentor has at least one student?",large_integers,"In the Mathematics Department at Berkeley University, a group of seven students is to be assigned to three faculty mentors. Each student must be assigned to exactly one mentor, and each mentor must supervise at least one student. Let n be the total number of ways the students can be assigned to the mentors. Find the remainder when n is divided by 1000.",
11/8,,BmMT 2019 Individual #17,2019,Geometry,BmMT,3.0,,Karthik has a paper square of side length 2. He folds the square along a crease that connects the midpoints of two opposite sides. He takes the resulting rectangle and folds it such that one of its vertices lands on the vertex that is diagonally opposite. Find the area of Karthik’s final figure.,fractions,"Karthik has a paper square with side length 2. He folds the square along a crease connecting the midpoints of two opposite sides, forming a rectangle. He then folds this rectangle such that one of its vertices lands on the vertex that is diagonally opposite. Let $A$ be the area of the figure resulting from Karthik's final fold. If $A$ can be expressed as $m/n$, where $m$ and $n$ are relatively prime positive integers, find $m + n$.",
625,,BmMT 2019 Individual #18,2019,Counting,BmMT,3.0,,"Sally is inside a pen consisting of points $(a, b)$ such that $0 \le a, b \le 4$. If she is currently on the point $(x, y)$, she can move to either $(x, y + 1)$, $(x, y - 1)$, or $(x + 1, y)$. Given that she cannot revisit any point she has visited before, find the number of ways she can reach $(4, 4)$ from $(0, 0)$.",aime_ready_integers,N/A,
3√3,,BmMT 2019 Individual #19,2019,Geometry,BmMT,3.0,,"An ant sits on the circumference of the circular base of a party hat (a cone without a circular base for the ant to walk on) of radius 2 and height $\sqrt{5}$. If the ant wants to reach a point diametrically opposite of its current location on the hat, what is the minimum possible distance the ant needs to travel?",roots,"An ant is positioned on the circumference of the circular base of a cone (without a circular base for the ant to walk on) with a radius of 2 and a height of $\sqrt{5}$. The ant aims to reach a point on the circumference of the base that is diametrically opposite to its present location. Let $x$ be the minimum possible distance the ant needs to travel to reach its destination. If $x$ can be written in the form of $m\sqrt{n}$, where $m$ and $n$ are positive integers and $n$ is not divisible by the square of any prime number, find the value of $m + n$.",
21/2,,BmMT 2019 Individual #20,2019,Algebra,BmMT,4.0,,"If
$$
f(x) = \frac{219x + 220}{x^2 + 220x + 220},
$$
find the value of $f(1) + f(2) + f(4) + f(8) + \dots + f(2^{19}) + f(2^{20})$.",fractions,"Let $s$ be the value of $f(1) + f(2) + f(4) + f(8) + \dots + f(2^{19}) + f(2^{20})$ for the function $f(x) = \frac{219x + 220}{x^2 + 220x + 220}$. If $s$ can be expressed as $m/n$, where $m$ and $n$ are relatively prime positive integers, find $m + n$.",
390,,BMT 2020 Algebra #1,2020,Algebra,BMT,2.0,,"Marisela is putting on a juggling show! She starts with 1 ball, tossing it once per second.
Lawrence tosses her another ball every five seconds, and she always tosses each ball that she has
once per second.
(Marisela tosses her first ball at the 1st second, and starts tossing the second
ball at the 6th second. Tosses at the 60th second also count.) Compute the total number of
tosses Marisela has made one minute after she starts juggling.",aime_ready_integers,N/A,
202,,BMT 2020 Algebra #2,2020,Algebra,BMT,2.5,,Let $a$ and $b$ be the roots of the polynomial $x^{2}+2020x+c.$ Given that $\frac{a}{b}+\frac{b}{a}=98$ compute $\sqrt{c}$.,aime_ready_integers,N/A,
2023,,BMT 2020 Algebra #3,2020,Algebra,BMT,3.0,,"The graph of the degree 2021 polynomial $P(x)$, which has real coefficients and leading coefficient
1, meets the x-axis at the points $(1,0),(2,0),(3,0),...,(2020,0)$ and nowhere else.
The mean
of all possible values of $P(2021)$ can be written in the form $a!/b$, where $a$ and $b$ are positive
integers and $a$ is as small as possible.
Compute $a+b.$",large_integers,"The graph of the degree 2021 polynomial $P(x)$, which has real coefficients and leading coefficient
1, meets the x-axis at the points $(1,0),(2,0),(3,0),...,(2020,0)$ and nowhere else.
The mean
of all possible values of $P(2021)$ can be written in the form $a!/b$, where $a$ and $b$ are positive
integers and $a$ is as small as possible. Let $n$ be the integer formed by the last three digits of $a!/b$ in base 10.
Find the value of $n$.",
143,,BMT 2020 Algebra #4,2020,Algebra,BMT,3.5,,"Let $\varphi$ be the positive solution to the equation
$$x^{2}=x+1.$$
For $n\ge0$ let $a_{n}$ be the unique integer such that $\varphi^{n}-a_{n}\varphi$ is also an integer.
Compute
$$\sum_{n=0}^{10}a_{n}.$$",aime_ready_integers,N/A,
47,,BMT 2020 Algebra #5,2020,Algebra,BMT,4.5,,"Let $f:\mathbb{R}^{+}\rightarrow\mathbb{R}^{+}$ be a function such that for all $x,y\in\mathbb{R}^{+}$, $f(x)f(y)=f(xy)+f(\frac{x}{y})$
where $\mathbb{R}^{+}$
represents the positive real numbers.
Given that $f(2)=3$ compute the last two digits of
$f(2^{2^{2020}})$",aime_ready_integers,N/A,
329,,BMT 2020 Algebra #6,2020,Algebra,BMT,5.0,,"Given that $\binom{n}{k}=\frac{n!}{k!(n-k)!}$ the value of
$$\sum_{n=3}^{10}\frac{\binom{n}{2}}{\binom{n}{3}\binom{n+1}{3}}$$
can be written in the form $\frac{m}{n}$ where $m$ and $n$ are relatively prime positive integers.
Compute
$m+n$",aime_ready_integers,N/A,
77,,BMT 2020 Algebra #7,2020,Algebra,BMT,6.0,,"Let $a$ , $b$ , and $c$ be real numbers such that $a+b+c=\frac{1}{a}+\frac{1}{b}+\frac{1}{c}$ and $abc=5$ .
The value of
$$(a-\frac{1}{b})^{3}+(b-\frac{1}{c})^{3}+(c-\frac{1}{a})^{3}$$
can be written in the form $\frac{m}{n}$ , where $m$ and $n$ are relatively prime positive integers .
Compute
$m+n$",aime_ready_integers,N/A,
4,,BMT 2020 Algebra #8,2020,Algebra,BMT,6.5,,"Compute the smallest real value $C$ such that the inequality
$$x^{2}(1+y)+y^{2}(1+x)\le\sqrt{(x^{4}+4)(y^{4}+4)}+C$$
holds for all real $x$ and $y$.",aime_ready_integers,N/A,
113,,BMT 2020 Algebra #9,2020,Algebra,BMT,7.0,,"There is a unique unordered triple (a, b, c) of two-digit positive integers a, b, and c that satisfy
the equation
$$a^{3}+3b^{3}+9c^{3}=9abc+1.$$
Compute $a+b+c.$",aime_ready_integers,N/A,
157,,BMT 2020 Algebra #10,2020,Algebra,BMT,7.5,,"For $k\ge1$, define $a_{k}=2^{k}.$ Let
$$S=\sum_{k=1}^{\infty}cos^{-1}\left(\frac{2a_{k}^{2}-6a_{k}+5}{\sqrt{(a_{k}^{2}-4a_{k}+5)(4a_{k}^{2}-8a_{k}+5)}}\right)$$
Compute $\lfloor 100S \rfloor$.",aime_ready_integers,N/A,
96,,BMT 2020 Discrete #1,2020,Counting,BMT,1.5,,"How many permutations of the set \{B, M, T, 2, 0\} do not have B as their first element?",aime_ready_integers,N/A,
3,,BMT 2020 Discrete #2,2020,Counting,BMT,2.0,,"Haydn picks two different integers between 1 and 100, inclusive, uniformly at random. The probability that their product is divisible by 4 can be expressed in the form $\frac{m}{n}$ , where m and n are relatively prime positive integers. Compute $m+n$",aime_ready_integers,N/A,
50,,BMT 2020 Discrete #3,2020,Number Theory,BMT,2.5,,Compute the remainder when 98! is divided by 101.,aime_ready_integers,N/A,
82,,BMT 2020 Discrete #4,2020,Counting,BMT,3.5,,"Three lights are placed horizontally on a line on the ceiling. All the lights are initially off. Every second, Neil picks one of the three lights uniformly at random to switch: if it is off, he switches it on; if it is on, he switches it off. When a light is switched, any lights directly to the left or right of that light also get turned on (if they were off) or off (if they were on). The expected number of lights that are on after Neil has flipped switches three times can be expressed in the form $\frac{m}{n}$ where m and n are relatively prime positive integers. Compute $m+n$.",aime_ready_integers,N/A,
2024,,BMT 2020 Discrete #5,2020,Counting,BMT,4.0,,"Let P be the probability that the product of 2020 real numbers chosen independently and uniformly at random from the interval [-1, 2] is positive. The value of $2P-1$ can be written in the form $(\frac{m}{n})^{b},$ where m, n and b are positive integers such that m and n are relatively prime and b is as large as possible. Compute $m+n+b$",large_integers,"Let P be the probability that the product of 2020 real numbers chosen independently and uniformly at random from the interval [-1, 2] is positive. The value of $2P-1$ can be written in the form $(\frac{m}{n})^{b},$ where m, n and b are positive integers such that m and n are relatively prime and b is as large as possible. Denote by n the sum of m, n and b. Find the remainder when n is divided by 1000.",
2,,BMT 2020 Discrete #6,2020,Counting,BMT,3.5,,"Let N be the number of non-empty subsets T of $S=\{1,2,3,4,...,2020\}$ satisfying max(T) > 1000. Compute the largest integer k such that $3^{k}$ divides N.",aime_ready_integers,N/A,
15,,BMT 2020 Discrete #7,2020,Number Theory,BMT,5.0,,"Compute the number of ordered triples of positive integers (a, b, c) such that $a+b+c+ab+bc+ac=abc+1$.",aime_ready_integers,N/A,
27,,BMT 2020 Discrete #8,2020,Counting,BMT,6.5,,"Dexter is running a pyramid scheme. In Dexter's scheme, he hires ambassadors for his company, Lie Ultimate. Any ambassador for his company can recruit up to two more ambassadors (who are not already ambassadors), who can in turn recruit up to two more ambassadors each, and so on (Dexter is a special ambassador that can recruit as many ambassadors as he would like). An ambassador's downline consists of the people they recruited directly as well as the downlines of those people. An ambassador earns executive status if they recruit two new people and each of those people has at least 70 people in their downline (Dexter is not considered an executive). If there are 2020 ambassadors (including Dexter) at Lie Ultimate, what is the maximum number of ambassadors with executive status?",aime_ready_integers,N/A,
76,,BMT 2020 Discrete #9,2020,Counting,BMT,6.5,,"For any point $(x,y)$ with $0\le x<1$ and $0\le y<1$, Jenny can perform a shuffle on that point, which takes the point to $(\{3x+y\},\{x+2y\})$ where $\{a\}$ denotes the fractional or decimal part of a (so for example, $\{\pi\}=\pi-3=0.1415...)$. How many points p are there such that after 3 shuffles on p, p ends up in its original position?",aime_ready_integers,N/A,
54,,BMT 2020 Discrete #10,2020,Number Theory,BMT,8.0,,"Let $\psi(n)$ be the number of integers $0<r<n$ such that there exists an integer that satisfies $x^{2}+x\equiv r(mod~n)$. Find the sum of all distinct prime factors of
$$\sum_{i=0}^{4}\sum_{j=0}^{4}\psi(3^{i}5^{j}).$$",aime_ready_integers,N/A,
100,,BMT 2020 Geometry #1,2020,Geometry,BMT,2.0,,"A Yule log is shaped like a right cylinder with height 10 and diameter 5. Freya cuts it parallel to its bases into 9 right cylindrical slices. After Freya cut it, the combined surface area of the slices of the Yule log increased by $a\pi$. Compute a.",aime_ready_integers,N/A,
3,,BMT 2020 Geometry #2,2020,Geometry,BMT,3.0,,"Let O be a circle with diameter $AB=2$ Circles $O_{1}$ and $O_{2}$ have centers on $\overline{AB}$ such that O is tangent to $O_{1}$ at A and to $O_{2}$ at $B,$ and $O_{1}$ and $O_{2}$ are externally tangent to each other. The minimum possible value of the sum of the areas of $O_{1}$ and $O_{2}$ can be written in the form $\frac{m\pi}{n}$ where m and n are relatively prime positive integers. Compute $m+n.$",aime_ready_integers,N/A,
5,,BMT 2020 Geometry #3,2020,Geometry,BMT,3.0,,"Right triangular prism ABCDEF with triangular faces ABC and ADEF and edges $\overline{AD}$, $\overline{BE},$ and $\overline{CF}$ has $\angle ABC=90^{\circ}$ and $\angle EAB=\angle CAB=60^{\circ}$ Given that $AE=2$ the volume of ABCDEF can be written in the form$\frac{m}{n},$ where m and n are relatively prime positive integers. Compute $m+n$.",aime_ready_integers,N/A,
156,,BMT 2020 Geometry #4,2020,Geometry,BMT,3.0,,"Alice is standing on the circumference of a large circular room of radius 10. There is a circular pillar in the center of the room of radius 5 that blocks Alice's view. The total area in the room Alice can see can be expressed in the form $\frac{m\pi}{n}+p\sqrt{q},$ where m and n are relatively prime positive integers and p and q are integers such that q is square-free. Compute $m+n+p+q$. (Note that the pillar is not included in the total area of the room.)",aime_ready_integers,N/A,
3031,,BMT 2020 Geometry #5,2020,Geometry,BMT,3.5,,"Let $A_{1}=(0,0)$, $B_{1}=(1,0)$, $C_{1}=(1,1)$, $D_{1}=(0,1)$. For all $i>1$, we recursively define
$A_{i}=\frac{1}{2020}(A_{i-1}+2019B_{i-1})$,
$B_{i}=\frac{1}{2020}(B_{i-1}+2019C_{i-1})$,
$C_{i}=\frac{1}{2020}(C_{i-1}+2019D_{i-1})$,
$D_{i}=\frac{1}{2020}(D_{i-1}+2019A_{i-1})$ ,
where all operations are done coordinate-wise. If $[A_{i}B_{i}C_{i}D_{i}]$ denotes the area of $A_{i}B_{i}C_{i}D_{i}$, there are positive integers a, b, and c such that
$\sum_{i=1}^{\infty}[A_{i}B_{i}C_{i}D_{i}]=\frac{a^{2}b}{c},$
where b is square-free and c is as small as possible.
Compute the value of $a+b+c.$",large_integers,"Let $A_{1}=(0,0)$, $B_{1}=(1,0)$, $C_{1}=(1,1)$, $D_{1}=(0,1)$. For all $i>1$, we recursively define
$A_{i}=\frac{1}{2020}(A_{i-1}+2019B_{i-1})$,
$B_{i}=\frac{1}{2020}(B_{i-1}+2019C_{i-1})$,
$C_{i}=\frac{1}{2020}(C_{i-1}+2019D_{i-1})$,
$D_{i}=\frac{1}{2020}(D_{i-1}+2019A_{i-1})$ ,
where all operations are done coordinate-wise. If $[A_{i}B_{i}C_{i}D_{i}]$ denotes the area of $A_{i}B_{i}C_{i}D_{i}$, there are positive integers a, b, and c such that
$\sum_{i=1}^{\infty}[A_{i}B_{i}C_{i}D_{i}]=\frac{a^{2}b}{c},$
where b is square-free and c is as small as possible. Denote by $n$ the value of $a+b+c$. Find the remainder when $n$ is divided by $1000$.",
252,,BMT 2020 Geometry #6,2020,Geometry,BMT,4.0,,"A tetrahedron has four congruent faces, each of which is a triangle with side lengths 6, 5, and 5. If the volume of the tetrahedron is V, compute $V^{2}$.",aime_ready_integers,N/A,
89,,BMT 2020 Geometry #7,2020,Geometry,BMT,4.5,,"Circle has radius 10, center O, and diameter $\overline{AB}$. Point C lies on such that $AC=12.$ Let P be the circumcenter of $\triangle AOC$. Line $\overleftrightarrow{AP}$ intersects at Q, where Q is different from A. Then the value of $\frac{AP}{AQ}$ can be expressed in the form$\frac{m}{n}$ where m and n are relatively prime positive integers. Compute m + n.",aime_ready_integers,N/A,
629,,BMT 2020 Geometry #8,2020,Geometry,BMT,5.5,,"Let triangle $\triangle ABC$ have $AB=17$, $BC=14$ CA 12. Let $M_{A}$, $M_{B}$, $M_{C}$ be midpoints of $\overline{BC}$, $\overline{AC}$ and $\overline{AB}$ respectively. Let the angle bisectors of A, B, and C intersect $\overline{BC}$, $\overline{AC}$ and $\overline{AB}$ at P, Q, and R, respectively. Reflect $M_{A}$ about AP, $M_{B}$ about $\overline{BQ}$, and $M_{C}$ about $\overline{CR}$ to obtain $M_{A}^{\prime}$ $M_{B}^{\prime}$ $M_{C}^{\prime}$, respectively. The lines $\overleftrightarrow{AM_{A}^{\prime}}$ $BM_{B}^{\prime}$ , and $\overleftrightarrow{CM_{C}^{\prime}}$ will then intersect $BC,$ $\overline{AC}$ and
$\overline{AB}$ at D, E, and F, respectively. Given that $\overline{AD},$ $\overline{BE}$ and $\overline{CF}$ concur at a point K inside the triangle, in simplest form, the ratio [KAB]: [KBC]: [KCA] can be written in the form p:q:r, where p, q and r are relatively prime positive integers and [XYZ] denotes the area of AXYZ.
Compute $p+q+r$.",aime_ready_integers,N/A,
2029,,BMT 2020 Geometry #9,2020,Geometry,BMT,7.0,,"The Fibonacci numbers $F_{n}$ are defined as $F_{1}=F_{2}=1$ and $F_{n}=F_{n-1}+F_{n-2}$ for all $n>2.$ Let A be the minimum area of a (possibly degenerate) convex polygon with 2020 sides, whose side lengths are the first 2020 Fibonacci numbers $F_{1},F_{2},...,F_{2020}$ (in any order). A degenerate convex polygon is a polygon where all angles are $\le180^{\circ}$. If A can be expressed in the form
$\frac{\sqrt{(F_{a}-b)^{2}-c}}{d}$ where a , b , c and d are positive integers , compute the minimal possible value of
$a+b+c+d$",large_integers,"The Fibonacci numbers $F_{n}$ are defined as $F_{1}=F_{2}=1$ and $F_{n}=F_{n-1}+F_{n-2}$ for all $n>2.$ Let A be the minimum area of a (possibly degenerate) convex polygon with 2020 sides, whose side lengths are the first 2020 Fibonacci numbers $F_{1},F_{2},...,F_{2020}$ (in any order). A degenerate convex polygon is a polygon where all angles are $\le180^{\circ}$. If A can be expressed in the form
$\frac{\sqrt{(F_{a}-b)^{2}-c}}{d}$ where a , b , c and d are positive integers, denote by $n$ the minimal possible value of
$a+b+c+d$. Find the remainder when $n$ is divided by $1000$.",
5362,,BMT 2020 Geometry #10,2020,Geometry,BMT,6.0,,"Let E be an ellipse where the length of the major axis is 26, the length of the minor axis is 24. and the foci are at points R and S. Let A and B be points on the ellipse such that RASB forms a non-degenerate quadrilateral, $\overleftrightarrow{RA}$ and $\ \vec{B}$ intersect at P with segment $\overline{PR}$ containing A, and $\overleftrightarrow{RB}$ and $\overleftrightarrow{AS}$ intersect at Q with segment $\overline{QR}$ containing B. Given that $RA=AS$, $AP=26,$ the perimeter of the non-degenerate quadrilateral RPSQ is $m+\sqrt{n}$, where m and n are integers. Compute $m+n$.",large_integers,"Let E be an ellipse where the length of the major axis is 26, the length of the minor axis is 24. and the foci are at points R and S. Let A and B be points on the ellipse such that RASB forms a non-degenerate quadrilateral, $\overleftrightarrow{RA}$ and $\ \vec{B}$ intersect at P with segment $\overline{PR}$ containing A, and $\overleftrightarrow{RB}$ and $\overleftrightarrow{AS}$ intersect at Q with segment $\overline{QR}$ containing B. Given that $RA=AS$, $AP=26,$ denote by $n$ the perimeter of the non-degenerate quadrilateral RPSQ. Find the remainder when $n$ is divided by $1000$.",
11,,BMT 2020 Team #1,2020,Counting,BMT,1.0,,"Julia and James pick a random integer between 1 and 10, inclusive. The probability they pick the same number can be written in the form $\frac{m}{n}$, where $m$ and $n$ are relatively prime positive integers. Compute $m + n$.",aime_ready_integers,N/A,
16,,BMT 2020 Team #2,2020,Counting,BMT,1.5,,"There are 38 people in the California Baseball League (CBL). The CBL cannot start playing games until people are split into teams of exactly 9 people (with each person in exactly one team). Moreover, there must be an even number of teams. What is the fewest number of people who must join the CBL such that the CBL can start playing games? The CBL may not revoke membership of the 38 people already in the CBL.",aime_ready_integers,N/A,
5,,BMT 2020 Team #3,2020,Geometry,BMT,1.5,,"An ant is at one corner of a unit cube. If the ant must travel on the box's surface, the shortest distance the ant must crawl to reach the opposite corner of the cube can be written in the form $\sqrt{a}$, where $a$ is a positive integer. Compute $a$.",aime_ready_integers,N/A,
103,,BMT 2020 Team #4,2020,Algebra,BMT,1.5,,Let $p(x) = 3x^2 + 1$. Compute the largest prime divisor of $p(100) - p(3)$.,aime_ready_integers,N/A,
6,,BMT 2020 Team #5,2020,Number Theory,BMT,2.0,,Call a positive integer prime-simple if it can be expressed as the sum of the squares of two distinct prime numbers. How many positive integers less than or equal to 100 are prime-simple?,aime_ready_integers,N/A,
155,,BMT 2020 Team #6,2020,Number Theory,BMT,2.5,,Jack writes whole numbers starting from 1 and skips all numbers that contain either a 2 or 9. What is the 100th number that Jack writes down?,aime_ready_integers,N/A,
1297,,BMT 2020 Team #7,2020,Counting,BMT,2.5,,"A fair six-sided die is rolled five times. The probability that the five die rolls form an increasing sequence where each value is strictly larger than the one that preceded can be written in the form $\frac{m}{n}$, where $m$ and $n$ are relatively prime positive integers. Compute $m + n$.",large_integers,"A fair six-sided die is rolled five times. Let $n$ be the probability that the five die rolls form an increasing sequence where each value is strictly larger than the one that preceded, written in the form $\frac{m}{k}$, where $m$ and $k$ are relatively prime positive integers. Find the remainder when $n$ is divided by 1000.",
4,,BMT 2020 Team #8,2020,Geometry,BMT,3.0,,"Let ABCD be a unit square and let E and F be points inside ABCD such that the line containing EF is parallel to AB. Point E is closer to AD than point F is to AD. The line containing EF also bisects the square into two rectangles of equal area. Suppose $[AEFB] = [DEFC] = 2[AED] = 2[BFC]$. The length of segment EF can be expressed as $\frac{m}{n}$, where $m$ and $n$ are relatively prime positive integers. Compute $m + n$.",aime_ready_integers,N/A,
5050,,BMT 2020 Team #9,2020,Algebra,BMT,3.0,,"A sequence $a_n$ is defined by $a_0 = 0$, and for all $n \geq 1$, $a_n = a_{n-1} + (-1)^n \cdot n^2$. Compute $a_{100}$.",large_integers,"A sequence $a_n$ is defined by $a_0 = 0$, and for all $n \geq 1$, $a_n = a_{n-1} + (-1)^n \cdot n^2$. Let $m$ be $a_{10000}$. Find the remainder when $m$ is divided by 1000.",
294,,BMT 2020 Team #10,2020,Number Theory,BMT,3.5,,"How many integers $100 \leq x \leq 999$ have the property that, among the six digits in $\left\lfloor 280 + \frac{x}{100} \right\rfloor$ and $x$, exactly two are identical?",aime_ready_integers,N/A,
2331,,BMT 2020 Team #11,2020,Number Theory,BMT,3.5,,"Compute $\sum_{x=1}^{999} \gcd(x, 10x + 9)$.",large_integers,"Denote by $n$ the value of $\sum_{x=1}^{999} \gcd(x, 10x + 9)$. Find the remainder when $n$ is divided by 1000.",
216,,BMT 2020 Team #12,2020,Algebra,BMT,3.5,,"A hollow box (with negligible thickness) shaped like a rectangular prism has a volume of 108 cubic units. The top of the box is removed, exposing the faces on the inside of the box. What is the minimum possible value for the sum of the areas of the faces on the outside and inside of the box?",aime_ready_integers,N/A,
1020605,,BMT 2020 Team #13,2020,Counting,BMT,3.5,,"Compute the expected sum of elements in a subset of $\{1, 2, 3, \ldots, 2020\}$ (including the empty set) chosen uniformly at random.",large_integers,"Denote by $n$ the expected sum of elements in a subset of the set $\{1, 2, 3, \ldots, 2020\}$ (including the empty set) chosen uniformly at random. Find the remainder when $n$ is divided by 1000.",
6,,BMT 2020 Team #19,2020,Counting,BMT,4.0,,"John is flipping his favorite bottle, which currently contains 10 ounces of water. However, his bottle is broken from excessive flipping, so after he performs a flip, one ounce of water leaks out of his bottle. When his bottle contains $k$ ounces of water, he has a $\frac{1}{k+1}$ probability of landing it on its bottom. What is the expected number of number of flips it takes for John's bottle to land on its bottom?",aime_ready_integers,N/A,
7,,BMT 2020 Team #20,2020,Geometry,BMT,4.5,,"Non-degenerate quadrilateral ABCD with $AB = AD$ and $BC = CD$ has integer side lengths, and $\angle ABC = \angle BCD = \angle CDA$. If $AB = 3$ and $B \neq D$, how many possible lengths are there for BC?",aime_ready_integers,N/A,
20,,BMT 2020 Team #21,2020,Geometry,BMT,4.0,,Let $\triangle ABC$ be a right triangle with legs $AB = 6$ and $AC = 8$. Let $I$ be the incenter of $\triangle ABC$ and $X$ be the other intersection of $AI$ with the circumcircle of $\triangle ABC$. Find $AI \cdot IX$.,aime_ready_integers,N/A,
69,,BMT 2020 Team #22,2020,Algebra,BMT,5.0,,"Suppose that $x$, $y$, and $z$ are positive real numbers satisfying
$$
\begin{cases}
x^2 + xy + y^2 = 64 \\
y^2 + yz + z^2 = 49 \\
z^2 + zx + x^2 = 57
\end{cases}
$$
Then $\sqrt[3]{xyz}$ can be expressed as $\frac{m}{n}$, where $m$ and $n$ are relatively prime positive integers. Compute $m + n$.",aime_ready_integers,N/A,
1926,,BMT 2020 Team #23,2020,Algebra,BMT,5.0,,Let $0 < \theta < 2\pi$ be a real number for which $\cos(\theta) + \cos(2\theta) + \cos(3\theta) + \cdots + \cos(2020\theta) = 0$ and $\theta = \frac{\pi}{n}$ for some positive integer $n$. Compute the sum of the possible values of $n \leq 2020$.,large_integers,Let $0 < \theta < 2\pi$ be a real number for which $\cos(\theta) + \cos(2\theta) + \cos(3\theta) + \cdots + \cos(2020\theta) = 0$ and $\theta = \frac{\pi}{n}$ for some positive integer $n$. Denote by $N$ the sum of the possible values of $n \leq 2020$. Find the remainder when $N$ is divided by $1000$.,
8078,,BMT 2020 Team #24,2020,Algebra,BMT,6.5,,"For positive integers $N$ and $m$, where $m \leq N$, define
$$
a_{m,N} = \frac{1}{\binom{N+1}{m}} \sum_{i=m-1}^{N-1} \binom{i}{m-1} \binom{N-i}{1}.
$$
Compute the smallest positive integer $N$ such that
$$
\sum_{m=1}^N a_{m,N} > 2020\frac{N}{N+1}.
$$",large_integers,"For positive integers $N$ and $m$, where $m \leq N$, define
$$
a_{m,N} = \frac{1}{\binom{N+1}{m}} \sum_{i=m-1}^{N-1} \binom{i}{m-1} \binom{N-i}{1}.
$$
Let $n$ be the smallest positive integer $N$ such that
$$
\sum_{m=1}^N a_{m,N} > 2020\frac{N}{N+1}.
$$
Find the remainder when $n$ is divided by $1000$.",
2021,,BMT 2021 General #1,2021,Algebra,BMT,1.0,,Carson and Emily attend different schools. Emily's school has four times as many students as Carson's school. The total number of students in both schools combined is 10105. How many students go to Carson's school?,large_integers,Carson and Emily attend different schools. Emily's school has four times as many students as Carson's school. The total number of students in both schools combined is 10105. Denote by $n$ the number of students who attend Carson's school. Find the remainder when $n$ is divided by 1000.,
81,,BMT 2021 General #2,2021,Algebra,BMT,1.0,,Let $x$ be a real number such that $x^{2}-x+1=7$ and $x^{2}+x+1=13$. Compute the value of $x^{4}$.,aime_ready_integers,N/A,
3,,BMT 2021 General #3,2021,Geometry,BMT,1.5,,"A scalene acute triangle has angles whose measures (in degrees) are whole numbers. What is the smallest possible measure of one of the angles, in degrees?",aime_ready_integers,N/A,
20/21,,BMT 2021 General #4,2021,Algebra,BMT,1.5,,"Moor and Samantha are drinking tea at a constant rate. If Moor starts drinking tea at 8:00am, he will finish drinking 7 cups of tea by 12:00pm. If Samantha joins Moor at 10:00am, they will finish drinking the 7 cups of tea by 11:15am. How many hours would it take Samantha to drink 1 cup of tea?",fractions,"Moor and Samantha are drinking tea at a constant rate. Moor starts drinking tea at 8:00am and finishes 7 cups of tea by 12:00pm. Samantha joins Moor at 10:00am and together they finish the remaining cups of tea by 11:15am. Let $s$ be the number of hours it takes for Samantha to drink 1 cup of tea. If $s$ can be expressed as $m/n$, where $m$ and $n$ are relatively prime positive integers, find the value of $m + n$.",
29,,BMT 2021 General #5,2021,Counting,BMT,1.5,,"Bill divides a $28\times30$ rectangular board into two smaller rectangular boards with a single straight cut, so that the side lengths of both boards are positive whole numbers. How many different pairs of rectangular boards, up to congruence and arrangement, can Bill possibly obtain? (For instance, a cut that is 1 unit away from either of the edges with length 28 will result in the same pair of boards: either way, one would end up with a $1\times28$ board and a $29\times28$ board.)",aime_ready_integers,N/A,
240π,,BMT 2021 General #6,2021,Geometry,BMT,1.5,,"A toilet paper roll is a cylinder of radius 8 and height 6 with a hole in the shape of a cylinder of radius 2 and the same height. That is, the bases of the roll are annuli with inner radius 2 and outer radius 8. Compute the surface area of the roll.",pi,"A cylindrical toilet paper roll has a radius of 8 and a height of 6, with a cylindrical hole in the middle that has a radius of 2 and the same height. In other words, the bases of the roll are annuli with an inner radius of 2 and an outer radius of 8. Let $n$ represent the total surface area of this toilet paper roll. If $n$ can be written in the form of aπ + b, where $a$ and $b$ are positive integers, find the value of $a + b$.",
101,,BMT 2021 General #7,2021,Number Theory,BMT,1.5,,"Alice is counting up by fives, starting with the number 3. Meanwhile, Bob is counting down by fours, starting with the number 2021. How many numbers between 3 and 2021, inclusive, are counted by both Alice and Bob?",aime_ready_integers,N/A,
1/8,,BMT 2021 General #9,2021,Counting,BMT,2.0,,"Rakesh is flipping a fair coin repeatedly. If T denotes the event where the coin lands on tails and H denotes the event where the coin lands on heads, what is the probability Rakesh flips the sequence HHH before the sequence THH?",fractions,"Rakesh is flipping a fair coin repeatedly. In this context, let T denote the event where the coin lands on tails and H denote the event where the coin lands on heads. Let $p$ be the probability that Rakesh flips the sequence HHH before the sequence THH. If $p$ can be expressed as $m/n$, where $m$ and $n$ are relatively prime positive integers, find $m + n$.",
10,,BMT 2021 General #10,2021,Geometry,BMT,2.0,,"Triangle $\triangle ABC$ has side lengths $AB=AC=27$ and $BC=18.$ Point D is on $\overline{AB}$ and point E
is on $\overline{AC}$ such that $\angle BCD=\angle CBE=\angle BAC.$ Compute DE.",aime_ready_integers,N/A,
3091,,BMT 2021 General #11,2021,Counting,BMT,2.5,,"Compute the number of sequences of five positive integers $a_{1},...,a_{5}$ where all $a_{i}\le5$ and the greatest common divisor of all five integers is 1.",large_integers,"Compute the number of sequences of five positive integers $a_{1},...,a_{5}$ where all $a_{i}\le5$ and the greatest common divisor of all five integers is 1. Denote by $n$ the total number of such sequences. Find the remainder when $n$ is divided by 1000.",
-3/4042,,BMT 2021 General #12,2021,Algebra,BMT,2.5,,"Let $a,$ $b,$ and $c$ be the solutions of the equation
$$
x^{3}-3\cdot2021^{2}x=2\cdot2021^{3}
$$
Compute
$$
\frac{1}{a}+\frac{1}{b}+\frac{1}{c}.
$$",fractions,"Let $a,$ $b,$ and $c$ be the solutions of the equation
$$
x^{3}-3\cdot2021^{2}x=2\cdot2021^{3}.
$$
Let $s$ be the sum of $1/a$, $1/b$, and $1/c$. If $s$ can be expressed as $m/n$, where $m$ and $n$ are relatively prime positive integers, find $m+n$.",
65/1296,,BMT 2021 General #13,2021,Counting,BMT,2.5,,A six-sided die is rolled four times. What is the probability that the minimum value of the four rolls is 4?,fractions,"A six-sided die is rolled four times. Let $p$ be the probability that the lowest value rolled is 4. If $p$ can be expressed as $m/n$, where $m$ and $n$ are relatively prime positive integers, find the value of $m + n$.",
0,,BMT 2021 General #14,2021,Algebra,BMT,3.0,,"Let $r_{1},r_{2},...,r_{47}$ be the roots of $x^{47}-1=0$ Compute
$$
\sum_{i=1}^{47}r_{i}^{2020}.
$$",aime_ready_integers,N/A,
17/4,,BMT 2021 General #15,2021,Counting,BMT,3.0,,"Benji has a $2\times2$ grid, which he proceeds to place chips on. One by one, he places a chip on one of the unit squares of the grid at random. However, if at any point there is more than one chip on the same square, Benji moves two chips on that square to the two adjacent squares, which he calls a chip-fire. He keeps adding chips until there is an infinite loop of chip-fires. What is the expected number of chips that will be added to the board?",fractions,"Benji has a $2\times2$ grid, which he proceeds to place chips on. One by one, he places a chip on one of the unit squares of the grid at random. However, if at any point there is more than one chip on the same square, Benji moves two chips on that square to the two adjacent squares, which he calls a chip-fire. He keeps adding chips until there is an infinite loop of chip-fires. Let $s$ be the expected number of chips that will be added to the board. If $s$ can be expressed as $m/n$, where $m$ and $n$ are relatively prime positive integers, find $m + n$.",
31/72,,BMT 2021 General #16,2021,Counting,BMT,3.0,,"Jason and Valerie agree to meet for game night, which runs from 4:00 PM to 5:00 PM. Jason and Valerie each choose a random time from 4:00 PM to 5:00 PM to show up. If Jason arrives first, he will wait 20 minutes for Valerie before leaving. If Valerie arrives first, she will wait 10 minutes for Jason before leaving. What is the probability that Jason and Valerie successfully meet each other for game night?",fractions,"Jason and Valerie decide to engage in a game night, which is scheduled to last from 4:00 PM to 5:00 PM. They each independently select a random time within this hour to arrive. If Jason arrives before Valerie, he will patiently wait for her for 20 minutes before deciding to leave. Conversely, if Valerie arrives before Jason, she will wait for him for 10 minutes before deciding to leave. Let $p$ be the probability that they will successfully manage to meet each other for game night. If $p$ can be expressed as $m/n$, where $m$ and $n$ are relatively prime positive integers, find the value of $m+n$.",
2,,BMT 2021 General #17,2021,Algebra,BMT,3.0,,Simplify $\sqrt[4]{17+12\sqrt{2}}-\sqrt[4]{17-12\sqrt{2}}.$,aime_ready_integers,N/A,
2√37,,BMT 2021 General #18,2021,Counting,BMT,3.5,,"In quadrilateral ABCD, suppose that $\overline{CD}$ is perpendicular to $\overline{BC}$ and $\overline{DA}$. Point E is chosen on segment $\overline{CD}$ such that $\angle AED=\angle BEC$. If $AB=6$, $AD=7$, and $\angle ABC=120^{\circ}$, compute $AE+EB$",roots,"In quadrilateral ABCD, suppose that $\overline{CD}$ is perpendicular to $\overline{BC}$ and $\overline{DA}$. Point E is chosen on segment $\overline{CD}$ such that $\angle AED=\angle BEC$. If $AB=6$, $AD=7$, and $\angle ABC=120^{\circ}$, let $x$ be the sum of lengths AE and EB. If $x$ can be written in the form $2\sqrt{n}$, where $n$ is not divisible by the square of any prime, find $n$.",
233,,BMT 2021 General #19,2021,Counting,BMT,3.5,,"How many three-digit numbers $abc$ have the property that when it is added to $cba$, the number obtained by reversing its digits, the result is a palindrome? (Note that $cba$ is not necessarily a three-digit number since before reversing, $c$ may be equal to 0.)",aime_ready_integers,N/A,
16,,BMT 2021 General #20,2021,Algebra,BMT,3.5,,"For some positive integer n
$$
(1+i)+(1+i)^{2}+(1+i)^{3}+\cdot\cdot\cdot+(1+i)^{n}=(n^{2}-1)(1-i),
$$
where $i=\sqrt{-1}$ Compute the value of n.",aime_ready_integers,N/A,
7,,BMT 2021 General #21,2021,Algebra,BMT,4.0,,There exist integers a and b such that $(1+\sqrt{2})^{12}=a+b\sqrt{2}$. Compute the remainder when ab is divided by 13.,aime_ready_integers,N/A,
2/17,,BMT 2021 General #22,2021,Counting,BMT,4.0,,"Austin is at the Lincoln Airport. He wants to take 5 successive flights whose destinations are randomly chosen among Indianapolis, Jackson, Kansas City, Lincoln, and Milwaukee. The origin and destination of each flight may not be the same city, but Austin must arrive back at Lincoln on the last of his flights. Compute the probability that the cities Austin arrives at are all distinct.",fractions,"Austin is currently at the Lincoln Airport. He plans to embark on a journey that will involve taking 5 successive flights. The destinations he may land at are randomly chosen from the following cities: Indianapolis, Jackson, Kansas City, Lincoln, and Milwaukee. While the origin and destination of each flight may not be the same city, Austin must return to Lincoln on his last flight. Let $p$ be the probability that all the cities Austin lands in during his journey are distinct. If $p$ can be expressed as $m/n$, where $m$ and $n$ are relatively prime positive integers, find the value of $m + n$.",
784,,BMT 2021 General #23,2021,Counting,BMT,4.0,,"Shivani has a single square with vertices labeled ABCD. She is able to perform the following transformations:
1. She does nothing to the square.
2. She rotates the square by 90, 180, or 270 degrees.
3. She reflects the square over one of its four lines of symmetry.
For the first three timesteps, Shivani only performs reflections or does nothing. Then for the next three timesteps, she only performs rotations or does nothing. She ends up back in the square's original configuration. Compute the number of distinct ways she could have achieved this.",aime_ready_integers,N/A,
30,,BMT 2021 General #24,2021,Algebra,BMT,4.5,,"Given that $x$ , $y$, and $z$ are a combination of positive integers such that $xyz=2(x+y+z)$, compute the sum of all possible values of $x+y+z$.",aime_ready_integers,N/A,
1/(3*2^2021),,BMT 2021 General #25,2021,Geometry,BMT,4.5,,"Let ABMT be a triangle with $BT=1$ and height 1. Let $O_{0}$ be the centroid of $\triangle BMT.$ and let $BO_{0}$ and $TO_{0}$ intersect $\overline{MT}$ and BM at $B_{1}$ and $T_{1}$, respectively. Similarly, let $O_{1}$ be the centroid of $\triangle B_{1}MT_{1}$, and in the same way, denote the centroid of $\triangle B_{n}MT_{n}$ by $O_{n}$, the intersection of $\overline{BO_{n}}$ with $\overline{MT}$ by $B_{n+1}$, and the intersection of $\overline{TO_{n}}$ with $\overline{BM}$ by $T_{n+1}$. Compute the area of quadrilateral $MBO_{2021}T$.",misc,N/A,
20,,BMT 2021 Algebra #2,2021,Algebra,BMT,2.5,,Let $f$ and $g$ be linear functions such that $f(g(2021))-g(f(2021))=20.$ Compute $f(g(2022))-$ $g(f(2022)).$ (Note: A function $h$ is linear if $h(x)=ax+b$ for all real numbers $x$.),aime_ready_integers,N/A,
9/4,,BMT 2021 Algebra #3,2021,Algebra,BMT,3.0,,"Let $x$ be a solution to the equation $\lfloor x\lfloor x+2\rfloor+2\rfloor=10$ Compute the smallest C such that for any solution $x$ , $x<C$ Here, $\lfloor m\rfloor$ is defined as the greatest integer less than or equal to m.
For example, $\lfloor3\rfloor=3$ and $\lfloor-4.25\rfloor=-5$",fractions,"Let $x$ be a solution to the equation $\lfloor x\lfloor x+2\rfloor+2\rfloor=10$. Let $C$ be the smallest number such that for any solution $x$, $x<C$. If $C$ can be expressed as $m/n$, where $m$ and $n$ are relatively prime positive integers, find $m+n$.",
1,,BMT 2021 Algebra #4,2021,Algebra,BMT,3.5,,Let $\theta$ be a real number such that $1+\sin 2\theta-(\frac{1}{2}\sin 2\theta)^{2}=0.$ Compute the maximum value of $(1+\sin \theta)(1+\cos \theta).$,aime_ready_integers,N/A,
-1/2021,,BMT 2021 Algebra #5,2021,Algebra,BMT,3.5,,"Compute the sum of the real solutions to $\lfloor x\rfloor\{x\}=2020x$ . Here , $\lfloor x\rfloor$ is defined as the greatest integer less than or equal to $z$ , and $\{x\}=x-\lfloor x\rfloor.$",fractions,"Let $s$ be the sum of the real solutions to the equation $\lfloor x\rfloor\{x\}=2020x$, where $\lfloor x\rfloor$ is the greatest integer less than or equal to $x$ and $\{x\}=x-\lfloor x\rfloor$. If $s$ can be expressed as $m/n$, where $m$ and $n$ are relatively prime positive integers, find $m+n$.",
45/8,,BMT 2021 Algebra #6,2021,Algebra,BMT,6.0,,"Let f be a real function such that for all $x\ne0,x\ne1$
$$f(x)+f(-\frac{1}{x-1})=\frac{9}{4x^{2}}+f(1-\frac{1}{x})$$
Compute $f(\frac{1}{2})$.",fractions,"Let f be a real function such that for all $x\ne0,x\ne1$
$$f(x)+f(-\frac{1}{x-1})=\frac{9}{4x^{2}}+f(1-\frac{1}{x}).$$
Let $s$ be the value of $f(\frac{1}{2})$. If $s$ can be expressed as $m/n$, where $m$ and $n$ are relatively prime positive integers, find $m + n$.",
1010,,BMT 2021 Algebra #7,2021,Algebra,BMT,4.0,,"Let $z_{1},z_{2},...,z_{2020}$ be the roots of the polynomial $z^{2020}+z^{2019}+\cdot\cdot\cdot+z+1$ Compute 

$\sum_{i=1}^{2020}\frac{1}{1-z_{i}^{2020}}\cdot$",large_integers,"Let $z_{1},z_{2},...,z_{2020}$ be the roots of the polynomial $z^{2020}+z^{2019}+\cdot\cdot\cdot+z+1$. Denote by $n$ the quantity $\sum_{i=1}^{2020}\frac{1}{1-z_{i}^{2020}}$. Find the remainder when $n$ is divided by $1000$.",
2^(1/3)/9,,BMT 2021 Algebra #8,2021,Algebra,BMT,5.5,,"Let $f(w)=w^{3}-rw^{2}+sw-\frac{4\sqrt{2}}{27}$ denote a polynomial , where $r^{2}=(\frac{8\sqrt{2}+10}{7});$ . The roots of f correspond to the sides of a right triangle. Compute the smallest possible area of this triangle.",misc,N/A,
1648,,BMT 2021 Algebra #9,2021,Algebra,BMT,7.0,,Compute the sum of the positive integers $n\le100$ for which the polynomial $x^{n}+x+1$ can be written as the product of at least 2 polynomials of positive degree with integer coefficients.,large_integers,Let $n$ be the sum of the positive integers $m\le100$ for which the polynomial $x^{m}+x+1$ can be written as the product of at least 2 polynomials of positive degree with integer coefficients. Find the remainder when $n$ is divided by 1000.,
60,,BMT 2021 Algebra #10,2021,Algebra,BMT,8.0,,"Given a positive integer n, define $f_{n}(x)$ to be the number of square-free positive integers k such that $kx\le n$.
Then, define $v(n)$ as $v(n)=\sum_{i=1}^{n}\sum_{j=1}^{n}f_{n}(i^{2})-6f_{n}(ij)+f_{n}(j^{2})$
Compute the largest positive integer $2\le n\le100$ for which $v(n)-v(n-1)$ is negative.
(Note: A square-free positive integer is a positive integer that is not divisible by the square of any prime.)",aime_ready_integers,N/A,
18,,BMT 2021 Discrete #1,2021,Counting,BMT,1.5,,Towa has a hand of three different red cards and three different black cards. How many ways can Towa pick a set of three cards from her hand that uses at least one card of each color?,aime_ready_integers,N/A,
13,,BMT 2021 Discrete #3,2021,Counting,BMT,2.0,,"How many distinct sums can be made from adding together exactly 8 numbers that are chosen from the set \{1,4,7,10\}, where each number in the set is chosen at least once? (For example, one possible sum is $1+1+1+4+7+7+10+10=41.$)",aime_ready_integers,N/A,
5/84,,BMT 2021 Discrete #4,2021,Counting,BMT,2.5,,Derek and Julia are two of 64 players at a casual basketball tournament. The players split up into 8 teams of 8 players at random. Each team then randomly selects 2 captains among their players. What is the probability that both Derek and Julia are captains?,fractions,"Derek and Julia are two of 64 players at a casual basketball tournament. The players are randomly divided into 8 teams of 8 players. Each team randomly selects 2 captains from among their players. Let $p$ be the probability that both Derek and Julia are selected as captains. If $p$ can be expressed as $m/n$, where $m$ and $n$ are relatively prime positive integers, find the value of $m + n$.",
93,,BMT 2021 Discrete #6,2021,Number Theory,BMT,4.0,,"Compute the sum of all positive integers n such that $n^{n}$ has 325 positive integer divisors. (For example, $4^{4}=256$ has 9 positive integer divisors: 1, 2, 4, 8, 16, 32, 64, 128, 256.)",aime_ready_integers,N/A,
377,,BMT 2021 Discrete #7,2021,Number Theory,BMT,5.5,,"For a given positive integer n, you may perform a series of steps. At each step, you may apply an operation: you may increase your number by one, or if your number is divisible by 2, you may divide your number by 2. Let $l(n)$ be the minimum number of operations needed to transform the number n to 1 (for example, $l(1)=0$ and $l(7)=4)$. How many positive integers n are there such that $l(n)\le12!$",aime_ready_integers,N/A,
10/19,,BMT 2021 Discrete #8,2021,Counting,BMT,5.0,,"Consider the randomly generated base 10 real number $r=0.\overline{p_{0}p_{1}p_{2}...}$ where each $p_{i}$ is a digit from 0 to 9, inclusive, generated as follows: $p_{0}$ is generated uniformly at random from 0 to 9, inclusive, and for all $i\ge0$ $p_{i+1}$ is generated uniformly at random from $p_{i}$ to 9, inclusive. Compute the expected value of r.",fractions,"Consider a base 10 real number $r=0.\overline{p_{0}p_{1}p_{2}...}$, where each $p_{i}$ is a digit from 0 to 9, inclusive, generated as follows: $p_{0}$ is selected uniformly at random from 0 to 9, inclusive, and for all $i\ge0$ $p_{i+1}$ is selected uniformly at random from $p_{i}$ to 9, inclusive. Let $s$ be the expected value of $r$. If $s$ can be expressed as $m/n$, where $m$ and $n$ are relatively prime positive integers, find the value of $m + n$.",
5,,BMT 2021 Discrete #9,2021,Number Theory,BMT,5.5,,"Let $p=101.$ The sum
$
\sum_{k=1}^{10}\frac{1}{\binom{p}{k}}
$
can be written as a fraction of the form
$
\frac{a}{p!}
$
where a is a positive integer. Compute a (mod p).",aime_ready_integers,N/A,
23/24,,BMT 2021 Discrete #10,2021,Counting,BMT,6.5,,"Let N be the number of ways to draw 22 straight edges between 10 labeled points, of which no three are collinear, such that no triangle with vertices among these 10 points is created, and there is at most one edge between any two labeled points . Compute
$
\frac{N}{9!}.
$",fractions,"Let N be the number of ways to draw 22 straight edges between 10 labeled points, of which no three are collinear, such that no triangle with vertices among these 10 points is created, and there is at most one edge between any two labeled points. Let $s$ be the ratio of N to 9 factorial. If $s$ can be expressed as $m/n$, where $m$ and $n$ are relatively prime positive integers, find the value of $m + n$.",
140,,BMT 2021 Geometry #1,2021,Geometry,BMT,2.0,,"Shreyas has a rectangular piece of paper ABCD such that $AB=20$ and $AD=21$ Given that Shreyas can make exactly one straight-line cut to split the paper into two pieces, compute the maximum total perimeter of the two pieces.",aime_ready_integers,N/A,
12+7√3,,BMT 2021 Geometry #2,2021,Geometry,BMT,2.0,,"Compute the area of the smallest triangle which can contain six congruent, non-overlapping unit circles.",roots,"Compute the area of the smallest triangle which can contain six congruent, non-overlapping unit circles. Let $x$ be the area of this triangle. If $x$ can be written in the form of $m\sqrt{n}+c$, where $m$, $n$, and $c$ are positive integers and $n$ is not divisible by the square of a prime, find $m+n+c$.",
2√37,,BMT 2021 Geometry #3,2021,Geometry,BMT,2.5,,"In quadrilateral ABCD, suppose that $\overline{CD}$ is perpendicular to $\overline{BC}$ and $\overline{DA}$. Point E is chosen on segment $\overline{CD}$ such that $\angle AED=\angle BEC$. If $AB=6$ $AD=7$, and $\angle ABC=120^{\circ}$, compute $AE+EB.$",roots,"In quadrilateral ABCD, suppose that $\overline{CD}$ is perpendicular to $\overline{BC}$ and $\overline{DA}$. Point E is chosen on segment $\overline{CD}$ such that $\angle AED=\angle BEC$. If $AB=6$, $AD=7$, and $\angle ABC=120^{\circ}$, let $x$ be the sum of the lengths of segment $AE$ and segment $EB$. If $x$ can be written in the form $m\sqrt{n}$, where $m$ and $n$ are positive integers and $n$ is not divisible by the square of any prime, find $m+n$.",
2 + 2√2 - 2√3,,BMT 2021 Geometry #4,2021,Geometry,BMT,3.0,,An equilateral polygon has unit side length and alternating interior angle measures of $15^{\circ}$ and $300^{\circ}$ Compute the area of this polygon.,misc,N/A,
56/9,,BMT 2021 Geometry #5,2021,Geometry,BMT,3.5,,"Let circles $\omega_{1}$ and $\omega_{2}$ intersect at P and Q. Let the line externally tangent to both circles that is closer to Q touch $\omega_{1}$ at A and $\omega_{2}$ at B. Let point T lie on segment $\overline{PQ}$ such that $\angle ATB=90^{\circ}$. Given that $AT=6$ $BT=8$, and $PT=4$ compute PQ.",fractions,"Let circles $\omega_{1}$ and $\omega_{2}$ intersect at P and Q. Let the line externally tangent to both circles that is closer to Q touch $\omega_{1}$ at A and $\omega_{2}$ at B. Let point T lie on segment $\overline{PQ}$ such that $\angle ATB=90^{\circ}$. Given that $AT=6$, $BT=8$, and $PT=4$, let $s$ be the length of segment $\overline{PQ}$. If $s$ can be expressed as $m/n$, where $m$ and $n$ are relatively prime positive integers, find $m + n$.",
√41,,BMT 2021 Geometry #6,2021,Geometry,BMT,3.5,,"Consider 27 unit-cubes assembled into one $3\times3\times3$ cube. Let A and B be two opposite corners of this large cube. Remove the one unit-cube not visible from the exterior, along with all six unit-cubes in the center of each face. Compute the minimum distance an ant has to walk along the surface of the modified cube to get from A to B.",roots,"Consider 27 unit-cubes assembled into one $3\times3\times3$ cube. Let A and B be two opposite corners of this large cube. Remove the one unit-cube not visible from the exterior, along with all six unit-cubes in the center of each face. Let $x$ be the minimum distance an ant has to walk along the surface of the modified cube to get from A to B. If $x$ can be written as $\sqrt{n}$, where $n$ is not divisible by the square of a prime, find $n$.",
74√3,,BMT 2021 Geometry #7,2021,Geometry,BMT,4.5,,"The line $l$ passes through vertex B and the interior of regular hexagon ABCDEF. If the distances from $l$ to the vertices A and C are 7 and 4, respectively, compute the area of hexagon ABCDEF.",roots,"In a plane, a line $l$ passes through vertex B and the interior of a regular hexagon ABCDEF. The perpendicular distances from $l$ to vertices A and C measure 7 and 4 units, respectively. Let $x$ be the area of hexagon ABCDEF. If $x$ can be written in the form $m\sqrt{n}$, where $m$ and $n$ are positive integers and $n$ is not divisible by the square of any prime, find $m + n$.",
112/15,,BMT 2021 Geometry #8,2021,Geometry,BMT,5.0,,"Let $\triangle ABC$ be a triangle with $AB=15$, $AC=13$, $BC=14,$ and circumcenter O. Let $l$ be the line through A perpendicular to segment $\overline{BC}$. Let the circumcircle of $\triangle AOB$ and the circumcircle of $\triangle AOC$ intersect $l$ at points X and Y (other than A), respectively. Compute the length of $\overline{XY}$",fractions,"In a triangle $\triangle ABC$ with $AB=15$, $AC=13$, and $BC=14,$ let $O$ be the circumcenter. Let $l$ be the line perpendicular to segment $\overline{BC}$ passing through point $A$. The circumcircles of $\triangle AOB$ and $\triangle AOC$ intersect $l$ at points $X$ and $Y$ respectively, which are not equal to $A$. Let $z$ be the length of segment $\overline{XY}$. If $z$ can be expressed as $m/n$, where $m$ and $n$ are relatively prime positive integers, find $m + n$.",
(5√3 + 12)/16,,BMT 2021 Geometry #9,2021,Geometry,BMT,5.5,,"Let ABCD be a convex quadrilateral such that $\triangle ABC$ is equilateral. Let P be a point inside the quadrilateral such that $\triangle APD$ is equilateral and $\angle PCD=30^{\circ}$ Given that $CP=2$ and $CD=3$, compute the area of the triangle formed by P, the midpoint of segment $\overline{BC}$ and the midpoint of segment $\overline{AB}$",misc,N/A,
24√2,,BMT 2021 Geometry #10,2021,Geometry,BMT,7.5,,"Consider $\triangle ABC$ such that $CA+AB=3BC.$ Let the incircle $\omega$ touch segments $\overline{CA}$ and $\overline{AB}$ at E and $F,$ respectively, and define P and Q such that segments $\overline{PE}$ and $\overline{QF}$ are diameters of $\omega$. Define the function $\mathcal{D}$ of a point K to be the sum of the distances from K to P and Q (i.e. $\mathcal{D}(K)=KP+KQ).$ Let W, X, Y, and Z be points chosen on lines $\overleftrightarrow{BC}.$ $\overleftrightarrow{CE}.$ $\overleftrightarrow{EF},$ and $\overleftrightarrow{FB}$, respectively. Given that $BC=\sqrt{133}$ and the inradius of $\triangle ABC$ is $\sqrt{14}$, compute the minimum value of $\mathcal{D}(W)+\mathcal{D}(X)+\mathcal{D}(Y)+\mathcal{D}(Z).$",roots,"Consider $\triangle ABC$ such that $CA+AB=3BC.$ Let the incircle $\omega$ touch segments $\overline{CA}$ and $\overline{AB}$ at E and $F,$ respectively, and define P and Q such that segments $\overline{PE}$ and $\overline{QF}$ are diameters of $\omega$. Define the function $\mathcal{D}$ of a point K to be the sum of the distances from K to P and Q (i.e. $\mathcal{D}(K)=KP+KQ).$ Let W, X, Y, and Z be points chosen on lines $\overleftrightarrow{BC}.$ $\overleftrightarrow{CE}.$ $\overleftrightarrow{EF},$ and $\overleftrightarrow{FB}$, respectively. Given that $BC=\sqrt{133}$ and the inradius of $\triangle ABC$ is $\sqrt{14}$, let $x$ be the minimum value of $\mathcal{D}(W)+\mathcal{D}(X)+\mathcal{D}(Y)+\mathcal{D}(Z).$ If $x$ can be written as $m\sqrt{n}$, where $m$ and $n$ are positive integers and $n$ is not divisible by the square of a prime, find $m + n$.",
5.97,,BMT 2021 Guts #1,2021,Algebra,BMT,1.5,,"The isoelectric point of glycine is the pH at which it has zero charge. Its charge is $-\frac{1}{3}$ at pH 3.55, while its charge is $\frac{1}{2}$ at pH 9.6. Charge increases linearly with pH. What is the isoelectric point of glycine?",misc,N/A,
125,,BMT 2021 Guts #2,2021,Algebra,BMT,1.5,,"The battery life on a computer decreases at a rate proportional to the display brightness. Austin starts off his day with both his battery life and brightness at 100%. Whenever his battery life (expressed as a percentage) reaches a multiple of 25, he also decreases the brightness of his display to that multiple of 25. If left at 100% brightness, the computer runs out of battery in 1 hour. Compute the amount of time, in minutes, it takes for Austin's computer to reach 0% battery using his modified scheme.",aime_ready_integers,N/A,
5,,BMT 2021 Guts #3,2021,Algebra,BMT,2.0,,Compute $\log_2 6 \cdot \log_3 72 -\log_2 9 - \log_3 8$.,aime_ready_integers,N/A,
10,,BMT 2021 Guts #4,2021,Algebra,BMT,2.0,,Compute the sum of all real solutions to $4^x - 2021 \cdot 2^x + 1024 = 0$.,aime_ready_integers,N/A,
2√7,,BMT 2021 Guts #5,2021,Geometry,BMT,2.5,,"Anthony the ant is at point A of regular tetrahedron ABCD with side length 4. Anthony wishes to crawl on the surface of the tetrahedron to the midpoint of $\overline{BC}$. However, he does not want to touch the interior of face $\triangle ABC,$ since it is covered with lava. What is the shortest distance Anthony must travel?",roots,"Anthony the ant is at point A of regular tetrahedron ABCD with side length 4. Anthony wishes to crawl on the surface of the tetrahedron to the midpoint of $\overline{BC}$. However, he does not want to touch the interior of face $\triangle ABC,$ since it is covered with lava. Let $x$ be the shortest distance Anthony must travel. If $x$ can be written as $\sqrt{n}$, where $n$ is not divisible by the square of a prime, find $n$.",
7/20,,BMT 2021 Guts #6,2021,Counting,BMT,2.5,,"Three distinct integers are chosen uniformly at random from the set
\{2021, 2022, 2023, 2024, 2025, 2026, 2027, 2028, 2029, 2030\}.
Compute the probability that their arithmetic mean is an integer.",fractions,"Select three distinct integers randomly from the set
\{2021, 2022, 2023, 2024, 2025, 2026, 2027, 2028, 2029, 2030\}. Let $p$ be the probability that the arithmetic mean of these three numbers is an integer. If $p$ can be expressed as $m/n$, where $m$ and $n$ are relatively prime positive integers, find $m + n$.",
69,,BMT 2021 Guts #7,2021,Number Theory,BMT,2.5,,"Ditty can bench 80 pounds today. Every week, the amount he benches increases by the largest prime factor of the weight he benched in the previous week. For example, since he started benching 80 pounds, next week he would bench 85 pounds. What is the minimum number of weeks from today it takes for Ditty to bench at least 2021 pounds?",aime_ready_integers,N/A,
16/5,,BMT 2021 Guts #8,2021,Geometry,BMT,3.0,,"Let $\overline{AB}$ be a line segment with length 10. Let P be a point on this segment with $AP = 2$. Let $\omega_1$ and $\omega_2$ be the circles with diameters $\overline{AP}$ and $\overline{PB}$ respectively. Let $\overleftrightarrow{XY}$ be a line externally tangent to $\omega_1$ and $\omega_2$ at distinct points X and Y, respectively. Compute the area of $\triangle XPY$.",fractions,"Let $\overline{AB}$ be a line segment with length 10. Let P be a point on this segment with $AP = 2$. Let $\omega_1$ and $\omega_2$ be the circles with diameters $\overline{AP}$ and $\overline{PB}$ respectively. Let $\overleftrightarrow{XY}$ be a line externally tangent to $\omega_1$ and $\omega_2$ at distinct points X and Y, respectively. Let $s$ be the area of $\triangle XPY$. If $s$ can be expressed as $m/n$, where $m$ and $n$ are relatively prime positive integers, find the value of $m + n$.",
56,,BMT 2021 Guts #9,2021,Counting,BMT,4.5,,"Druv has a $33 \times 33$ grid of unit squares, and he wants to color each unit square with exactly one of three distinct colors such that he uses all three colors and the number of unit squares with each color is the same. However, he realizes that there are internal sides, or unit line segments that have exactly one unit square on each side, with these two unit squares having different colors. What is the minimum possible number of such internal sides?",aime_ready_integers,N/A,
234,,BMT 2021 Guts #10,2021,Counting,BMT,4.5,,"Compute the number of nonempty subsets S of \{1, 2, 3, 4, 5, 6, 7, 8, 9, 10\} such that $\frac{\max S + \min S}{2}$ is an element of S.",aime_ready_integers,N/A,
322,,BMT 2021 Guts #11,2021,Number Theory,BMT,5.0,,Compute the sum of all prime numbers $p$ with $p \ge 5$ such that $p$ divides $(p+3)^{p-3} + (p+5)^{p-5}$.,aime_ready_integers,N/A,
1/3,,BMT 2021 Guts #12,2021,Geometry,BMT,4.5,,Unit square ABCD is drawn on a plane. Point O is drawn outside of ABCD such that lines $\overleftrightarrow{AO}$ and $\overleftrightarrow{BO}$ are perpendicular. Square FROG is drawn with F on AB such that $AF = \frac{2}{3}$; R is on $\overline{BO}$ and G is on $\overline{AO}$. Extend segment $\overline{OF}$ past $\overline{AB}$ to intersect side $\overline{CD}$ at E. Compute DE.,fractions,"In a plane, draw unit square ABCD. Place point O outside of ABCD such that lines $\overleftrightarrow{AO}$ and $\overleftrightarrow{BO}$ are perpendicular. Construct square FROG with F on AB such that $AF = \frac{2}{3}$; R is on $\overline{BO}$ and G is on $\overline{AO}$. Extend segment $\overline{OF}$ beyond $\overline{AB}$ to intersect side $\overline{CD}$ at E. Let $s$ be the length of segment DE. If $s$ can be expressed as $m/n$, where $m$ and $n$ are relatively prime positive integers, find the value of $m + n$.",
246,,BMT 2021 Guts #13,2021,Counting,BMT,4.5,,"How many ways are there to completely fill a $3 \times 3$ grid of unit squares with the letters B, M, and T, assigning exactly one of the three letters to each of the squares, such that no 2 adjacent unit squares contain the same letter? Two unit squares are adjacent if they share a side.",aime_ready_integers,N/A,
1015,,BMT 2021 Guts #14,2021,Number Theory,BMT,5.5,,"Given an integer c, the sequence $a_0, a_1, a_2, ...$ is generated using the recurrence relation $a_0 = c$ and $a_i = a_{i-1}^i + 2021a_{i-1}$ for all $i \ge 1$. Given that $a_0 = c$, let $f(c)$ be the smallest positive integer n such that $a_n - 1$ is a multiple of 47. Compute
$$
\sum_{k=1}^{46} f(k).
$$",large_integers,"Given an integer c, the sequence $a_0, a_1, a_2, ...$ is generated using the recurrence relation $a_0 = c$ and $a_i = a_{i-1}^i + 2021a_{i-1}$ for all $i \ge 1$. Given that $a_0 = c$, let $f(c)$ be the smallest positive integer n such that $a_n - 1$ is a multiple of 47. Let $m$ be the sum of $f(k)$ for all integers $k$ from $1$ to $46$. Find the remainder when $m$ is divided by $1000$.",
3/2,,BMT 2021 Guts #15,2021,Algebra,BMT,6.0,,"Compute
$$
\frac{\cos(\frac{\pi}{12}) \cos(\frac{\pi}{24}) \cos(\frac{\pi}{48}) \cos(\frac{\pi}{96}) \cdot \cdot \cdot}{\cos(\frac{\pi}{4}) \cos(\frac{\pi}{8}) \cos(\frac{\pi}{16}) \cos(\frac{\pi}{32}) \cdot \cdot \cdot}.
$$",fractions,"Let $s$ be the value of the infinite product
$$
\frac{\cos(\frac{\pi}{12}) \cos(\frac{\pi}{24}) \cos(\frac{\pi}{48}) \cos(\frac{\pi}{96}) \cdot \cdot \cdot}{\cos(\frac{\pi}{4}) \cos(\frac{\pi}{8}) \cos(\frac{\pi}{16}) \cos(\frac{\pi}{32}) \cdot \cdot \cdot}.
$$
If $s$ can be expressed as $m/n$, where $m$ and $n$ are relatively prime positive integers, find $m+n$.",
45,,BMT 2021 Guts #16,2021,Counting,BMT,5.5,,"Sigfried is singing the ABC's 100 times straight, for some reason. It takes him 20 seconds to sing the ABC's once, and he takes a 5 second break in between songs. Normally, he sings the ABC's without messing up, but he gets fatigued when singing correctly repeatedly. For any song, if he sung the previous three songs without messing up, he has a $\frac{1}{2}$ chance of messing up and taking 30 seconds for the song instead. What is the expected number of minutes it takes for Sigfried to sing the ABC's 100 times? Round your answer to the nearest minute.",aime_ready_integers,N/A,
160,,BMT 2021 Guts #17,2021,Geometry,BMT,5.0,,"Triangle $\triangle ABC$ has circumcenter O and orthocenter H. Let D be the foot of the altitude from A to $\overleftrightarrow{BC}$ and suppose $AD = 12$. If $BD = \frac{1}{4}BC$ and $\overleftrightarrow{OH} || \overleftrightarrow{BC}$, compute $AB^2$.",aime_ready_integers,N/A,
(1+√13)/4,,BMT 2021 Guts #18,2021,Algebra,BMT,5.0,,The equation $\sqrt[3]{\sqrt[3]{x - \frac{3}{8}} - \frac{3}{8}} = x^3 + \frac{3}{8}$ has exactly two real positive solutions r and s. Compute $r + s$.,misc,N/A,
(10√21)/3,,BMT 2021 Guts #22,2021,Geometry,BMT,6.0,,"In $\triangle ABC,$ let D and E be points on the angle bisector of $\angle BAC$ such that $\angle ABD = \angle ACE = 90^{\circ}$. Furthermore, let F be the intersection of $\overleftrightarrow{AE}$ and $\overleftrightarrow{BC}$ and let O be the circumcenter of $\triangle AFC$. If $\frac{AB}{AC} = \frac{3}{4}$, $AE = 40$ and $\overline{BD}$ bisects $\overline{EF}$, compute the perpendicular distance from A to $\overleftrightarrow{OF}$.",misc,N/A,
13/9,,BMT 2021 Guts #23,2021,Counting,BMT,6.5,,"Alireza is currently standing at the point (0, 0) in the $x-y$ plane. At any given time, Alireza can move from the point (x, y) to the point $(x+1, y)$ or the point $(x, y+1)$. However, he cannot move to any point of the form $(x, y)$ where $y \equiv 2x \pmod{5}$. Let $p_k$ be the number of paths Alireza can take starting from the point (0, 0) to the point $(k+1, 2k+1)$. Evaluate the sum
$$
\sum_{k=1}^{\infty} \frac{p_k}{5^k}.
$$",fractions,"Alireza is currently standing at the point (0, 0) in the $x-y$ plane. At any given time, Alireza can move from the point (x, y) to the point $(x+1, y)$ or the point $(x, y+1)$. However, he cannot move to any point of the form $(x, y)$ where $y \equiv 2x \pmod{5}$. Let $p_k$ be the number of paths Alireza can take starting from the point (0, 0) to the point $(k+1, 2k+1)$. Let $s$ be the sum of the series
$$
\sum_{k=1}^{\infty} \frac{p_k}{5^k}.
$$
If $s$ can be expressed as $m/n$, where $m$ and $n$ are relatively prime positive integers, find $m + n$.",
330,,BMT 2021 Guts #24,2021,Number Theory,BMT,7.0,,"Suppose that a, b, c, and p are positive integers such that p is a prime number and
$$
a^2 + b^2 + c^2 = ab + bc + ca + 2021p.
$$",aime_ready_integers,N/A,
17,,BmMT 2021 Individual #1,2021,Algebra,BmMT,1.0,,What is the largest number of five dollar footlongs Jimmy can buy with 88 dollars?,aime_ready_integers,N/A,
6,,BmMT 2021 Individual #2,2021,Counting,BmMT,1.0,,"Austin, Derwin, and Sylvia are deciding on roles for BMT 2021. There must be a single Tournament Director and a single Head Problem Writer, but one person cannot take on both roles. In how many ways can the roles be assigned to Austin, Derwin, and Sylvia?",aime_ready_integers,N/A,
21,,BmMT 2021 Individual #3,2021,Counting,BmMT,1.0,,"Sofia has 7 unique shirts. How many ways can she place 2 shirts into a suitcase, where the order in which Sofia places the shirts into the suitcase does not matter?",aime_ready_integers,N/A,
90,,BmMT 2021 Individual #4,2021,Number Theory,BmMT,1.0,,Compute the sum of the prime factors of 2021.,aime_ready_integers,N/A,
252,,BmMT 2021 Individual #5,2021,Geometry,BmMT,1.0,,"A sphere has volume 36 cubic feet. If its radius increases by 100%, then its volume increases by cubic feet. Compute a.",aime_ready_integers,N/A,
110,,BmMT 2021 Individual #6,2021,Algebra,BmMT,1.0,,"The full price of a movie ticket is \$10, but a matinee ticket to the same movie costs only 70% of the full price. If 30% of the tickets sold for the movie are matinee tickets, and the total revenue from movie tickets is \$1001, compute the total number of tickets sold.",aime_ready_integers,N/A,
19,,BmMT 2021 Individual #7,2021,Counting,BmMT,1.5,,Anisa rolls a fair six-sided die twice. The probability that the value Anisa rolls the second time is greater than or equal to the value Anisa rolls the first time can be expressed $\frac{m}{n}$ where m and n are relatively prime positive integers. Compute $m+n$.,aime_ready_integers,N/A,
15,,BmMT 2021 Individual #8,2021,Geometry,BmMT,1.5,,Square ABCD has side length $AB=6$ Let point E be the midpoint of $\overline{BC}$. Line segments $\overline{AC}$ and DE intersect at point F. Compute the area of quadrilateral ABEF.,aime_ready_integers,N/A,
8,,BmMT 2021 Individual #9,2021,Counting,BmMT,1.5,,"Justine has a large bag of candy. She splits the candy equally between herself and her 4 friends, but she needs to discard three candies before dividing so that everyone gets an equal number of candies. Justine then splits her share of the candy between herself and her two siblings, but she needs to discard one candy before dividing so that she and her siblings get an equal number of candies. If Justine had instead split all of the candy that was originally in the large bag between herself and 14 of her classmates, what is the fewest number of candies that she would need to discard before dividing so that Justine and her 14 classmates get an equal number of candies?",aime_ready_integers,N/A,
52,,BmMT 2021 Individual #10,2021,Number Theory,BmMT,1.5,,"For some positive integers a and b, $a^{2}-b^{2}=400.$ If a is even, compute a.",aime_ready_integers,N/A,
8,,BmMT 2021 Individual #12,2021,Algebra,BmMT,2.0,,"Nelson, who never studies for tests, takes several tests in his math class. Each test has a passing
score of $60/100$. Since Nelson's test average is at least $60/100$, he manages to pass the class. If only nonnegative integer scores are attainable on each test, and Nelson gets a different score
on every test, compute the largest possible ratio of tests failed to tests passed. Assume that for
each test, Nelson either passes it or fails it, and the maximum possible score for each test is 100.",aime_ready_integers,N/A,
241,,BmMT 2021 Individual #13,2021,Algebra,BmMT,2.5,,"For each positive integer n, let $f(n)=\frac{n}{n+1}+\frac{n+1}{n}.$ Then $f(1)+f(2)+f(3)+\cdot\cdot\cdot+f(10)$ can be
expressed as where m and n are relatively prime positive integers.
Compute $m+n.$

$\frac{m}{n}$",aime_ready_integers,N/A,
22,,BmMT 2021 Individual #14,2021,Geometry,BmMT,2.5,,"Triangle ABC has point D lying on line segment $\overline{BC}$ between B and C such that triangle
$\triangle ABD$ is equilateral. If the area of triangle ADC is the area of triangle $\triangle ABC$, then
$\frac{1}{4}$
$(\frac{AC}{AB})^{2}$ can be expressed as, where m and n are relatively prime positive integers.
Compute
$m+n.$",aime_ready_integers,N/A,
23,,BmMT 2021 Individual #15,2021,Geometry,BmMT,2.5,,"In hexagon ABCDEF, $AB=60$, $AF=40$, $EF=20,$ $DE=20$, and each pair of adjacent edges
are perpendicular to each other. The probability that a random
point inside hexagon ABCDEF is at least $20\sqrt{2}$ units away from point D can be expressed in
the form $\frac{a-b\pi}{c}$ where a, b, c are positive integers such that $gcd(a,b,c)=1$ Compute $a+b+c.$",aime_ready_integers,N/A,
40,,BmMT 2021 Individual #16,2021,Algebra,BmMT,3.0,,"The equation

$\sqrt{x}+\sqrt{20-x}=\sqrt{20+20x-x^{2}}$

has 4 distinct real solutions, $x_{1}$, $x_{2}$, $x_{3}$, and $x_{4}.$ Compute $x_{1}+x_{2}+x_{3}+x_{4}$.",aime_ready_integers,N/A,
108,,BmMT 2021 Individual #17,2021,Counting,BmMT,3.0,,"How many distinct words with letters chosen from B, M, T have exactly 12 distinct permutations,
given that the words can be of any length, and not all the letters need to be used? For example,
the word BMMT has 12 permutations. Two words are still distinct even if one is a permutation
of the other. For example, BMMT is distinct from TMMB.",aime_ready_integers,N/A,
21,,BmMT 2021 Individual #18,2021,Counting,BmMT,3.5,,"We call a positive integer binary-okay if at least half of the digits in its binary (base 2) repre-
sentation are 1's, but no two 1s are consecutive. For example, $10_{10}=1010_{2}$ and $5_{10}=101_{2}$
are both binary-okay, but $16_{10}=10000_{2}$ and $11_{10}=1011_{2}$ are not. Compute the number of
binary-okay positive integers less than or equal to 2020 (in base 10).",aime_ready_integers,N/A,
31,,BmMT 2021 Individual #19,2021,Geometry,BmMT,3.5,,"A regular octahedron (a polyhedron with 8 equilateral triangles) has side length 2. An ant starts
on the center of one face, and walks on the surface of the octahedron to the center of the opposite
face in as short a path as possible. The square of the distance the ant travels can be expressed
as $\frac{m}{n}$ where m and n are relatively prime positive integers . Compute $m+n$ .",aime_ready_integers,N/A,
17,,BmMT 2021 Individual #20,2021,Number Theory,BmMT,3.5,,"The sum of over all positive factors a of the number 360 can be expressed in the form
$\frac{m}{n}$
where m and n are relatively prime positive integers. Compute $m+n.$",aime_ready_integers,N/A,
24,,BmMT 2021 Team #1,2021,Geometry,BmMT,1.0,,"What is the area of a triangle with side lengths 6, 8, and 10?",aime_ready_integers,N/A,
256,,BmMT 2021 Team #2,2021,Algebra,BmMT,1.0,,"Let $f(n)=\sqrt{n}.$ If $f(f(f(n)))=2$, compute n.",aime_ready_integers,N/A,
5,,BmMT 2021 Team #3,2021,Algebra,BmMT,1.0,,"Anton is buying AguaFina water bottles. Each bottle costs 14 dollars, and Anton buys at least one water bottle. The number of dollars that Anton spends on AguaFina water bottles is a multiple of 10. What is the least number of water bottles he can buy?",aime_ready_integers,N/A,
3,,BmMT 2021 Team #4,2021,Counting,BmMT,1.5,,Alex flips 3 fair coins in a row. The probability that the first and last flips are the same can be expressed in the form $\frac{m}{n}$ for relatively prime positive integers m and n. Compute $m+n$.,aime_ready_integers,N/A,
2,,BmMT 2021 Team #5,2021,Number Theory,BmMT,1.5,,How many prime numbers p satisfy the property that $p^{2}-1$ is not a multiple of 6?,aime_ready_integers,N/A,
15,,BmMT 2021 Team #6,2021,Geometry,BmMT,1.5,,"In right triangle $\triangle ABC$ with $AB=5$, $BC=12$, and $CA=13$, point D lies on $\overline{CA}$ such that $AD=BD$ The length of CD can then be expressed in the form for relatively prime positive integers m and n. Compute $m+n.$",aime_ready_integers,N/A,
105,,BmMT 2021 Team #7,2021,Counting,BmMT,1.5,,"Vivienne is deciding on what courses to take for Spring 2021, and she must choose from four math courses, three computer science courses, and five English courses. Vivienne decides that she will take one English course and two additional courses that are either computer science or math, and the order of the courses does not matter. How many choices does Vivienne have?",aime_ready_integers,N/A,
10,,BmMT 2021 Team #8,2021,Geometry,BmMT,2.0,,Square ABCD has side length 2. Square ACEF is drawn such that B lies inside square ACEF. Compute the area of pentagon AFECD.,aime_ready_integers,N/A,
60,,BmMT 2021 Team #9,2021,Algebra,BmMT,2.0,,"At the Boba Math Tournament, the Blackberry Milk Team has answered 4 out of the first 10 questions on the Boba Round correctly. If they answer all p remaining questions correctly, they will have answered exactly $\frac{9p}{5}%$ of the questions correctly in total. How many questions are on the Boba Round?",aime_ready_integers,N/A,
679,,BmMT 2021 Team #10,2021,Algebra,BmMT,2.0,,"The sum of two positive integers is 2021 less than their product. If one of them is a perfect square, compute the sum of the two numbers.",aime_ready_integers,N/A,
10,,BmMT 2021 Team #11,2021,Geometry,BmMT,2.5,,"Points E and F lie on edges $\overline{BC}$ and $\overline{DA}$ of unit square ABCD, respectively, such that $BE=\frac{1}{3}$ and $DF=\frac{1}{3}$ Line segments $\overline{AE}$ and $\overline{BF}$ intersect at point G. The area of triangle EFG can be written in the form$\frac{m}{n}$ where m and n are relatively prime positive integers. Compute $m+n$",aime_ready_integers,N/A,
1,,BmMT 2021 Team #12,2021,Number Theory,BmMT,2.5,,Compute the number of positive integers $n\le2020$ for which $n^{k+1}$ is a factor of $(1+2+3+\cdot\cdot\cdot+n)^{k}$ for some positive integer k.,aime_ready_integers,N/A,
648,,BmMT 2021 Team #13,2021,Counting,BmMT,2.5,,"How many permutations of 123456 are divisible by their last digit? For instance, 123456 is divisible by 6, but 561234 is not divisible by 4.",aime_ready_integers,N/A,
2,,BmMT 2021 Team #14,2021,Number Theory,BmMT,2.5,,Compute the sum of all possible integer values for n such that $n^{2}-2n-120$ is a positive prime number.,aime_ready_integers,N/A,
13,,BmMT 2021 Team #15,2021,Geometry,BmMT,3.0,,"Triangle $\triangle ABC$ has $AB=\sqrt{10},$ $BC=\sqrt{17},$ and $CA=\sqrt{41}.$ The area of ABC can be expressed in the form for relatively prime positive integers m and n. Compute $m+n$.",aime_ready_integers,N/A,
41,,BmMT 2021 Team #16,2021,Algebra,BmMT,3.5,,"Let
$$f(x)=\frac{1+x^{3}+x^{10}}{1+x^{10}}.$$
Compute
$$f(-20)+f(-19)+f(-18)+\cdot\cdot\cdot+f(20).$$",aime_ready_integers,N/A,
100,,BmMT 2021 Team #17,2021,Counting,BmMT,4.0,,"Leanne and Jing Jing are walking around the xy-plane. In one step, Leanne can move from any point (x, y) to $(x+1,y)$ or $(x,y+1)$ and Jing Jing can move from (x , y) to $(x-2,y+5)$ or $(x+3,y-1)$ The number of ways that Leanne can move from (0,0) to (20,20) is equal to the number of ways that Jing Jing can move from (0,0) to (a, b), where a and b are positive integers. Compute the minimum possible value of $a+b.$",aime_ready_integers,N/A,
43,,BmMT 2021 Team #18,2021,Algebra,BmMT,4.0,,"Compute the number of positive integers $1<k<2021$ such that the equation
$$x+\sqrt{kx}=kx+\sqrt{x}$$
has a positive rational solution for $x$.",aime_ready_integers,N/A,
250,,BmMT 2021 Team #19,2021,Geometry,BmMT,4.5,,"In triangle $\triangle ABC$ point D lies on $\overline{BC}$ with $\overline{AD}\perp\overline{BC}$ If $BD=3AD$, and the area of $\triangle ABC$ is 15, then the minimum value of $AC^{2}$ is of the form $p\sqrt{q}-r,$ where p, q, and rare positive integers and q is not divisible by the square of any prime number. Compute $p+q+r$",aime_ready_integers,N/A,
28,,BmMT 2021 Team #20,2021,Number Theory,BmMT,5.0,,"Suppose the decimal representation of $\frac{1}{n}$ is in the form $0.p_{1}p_{2}...p_{j}\overline{d_{1}d_{2}...d_{k}}$ where $p_{1},...,p_{j},d_{1}$ $\frac{1}{n}$ $...,d_{k}$ are decimal digits, and j and k are the smallest possible nonnegative integers (i.e. it's possible for $j=0$ or $k=0)$ . We define the preperiod of $\frac{1}{n}$ to be j and the period of $\frac{1}{n}$ to be k . For example, $\frac{1}{6}=0.16666...$ has preperiod 1 and period 1, $\frac{1}{7}=0.\overline{142857}$ has preperiod 0 and period 6, and $\frac{1}{4}=0.25$ has preperiod 2 and period 0. What is the smallest positive integer n such that the sum of the preperiod and period of is 8? $\frac{1}{n}$",aime_ready_integers,N/A,
528,,BMT 2022 General #1,2022,Number Theory,BMT,1.0,,What is the sum of all two-digit odd numbers whose digits are all greater than 6?,aime_ready_integers,N/A,
20,,BMT 2022 General #2,2022,Algebra,BMT,1.0,,Define an operation as $a\diamond b=12a-10b$ Compute the value of $((((20\diamond22)\diamond22)\diamond22)\diamond22)$.,aime_ready_integers,N/A,
18,,BMT 2022 General #3,2022,Counting,BMT,1.0,,"For lunch, Lamy, Botan, Nene, and Polka each choose one of three options: a hot dog, a slice of pizza, or a hamburger. Lamy and Botan choose different items, and Nene and Polka choose the same item. In how many ways could they choose their items?",aime_ready_integers,N/A,
3,,BMT 2022 General #5,2022,Number Theory,BMT,1.0,,Compute the last digit of $(5^{20}+2)^{3}$.,aime_ready_integers,N/A,
√5,,BMT 2022 General #6,2022,Geometry,BMT,1.0,,"To fold a paper airplane, Austin starts with a square paper FOLD with side length 2. First, he folds corners Land D to the square's center. Then, he folds corner F to corner O. What is the longest distance between two corners of the resulting figure?",roots,"Austin begins with a square paper FOLD with side length 2. First, he folds corners L and D to the square's center. Then, he folds corner F to corner O. Let $x$ be the longest distance between two corners of the resulting figure. If $x$ can be written as √n, where $n$ is not divisible by the square of a prime, find $n$.",
61/36,,BMT 2022 General #7,2022,Algebra,BMT,1.5,,"Let $f(x)=x^{2}+\lfloor x\rfloor^{2}-2x\lfloor x\rfloor+1$ Compute $f(4+\frac{5}{6}).$ (Here, $\lfloor m\rfloor$ is defined as the greatest integer less than or equal to m. For example, $\lfloor3\rfloor=3$ and $\lfloor-4.25\rfloor=-5.$)",fractions,"Let $f(x)=x^{2}+\lfloor x\rfloor^{2}-2x\lfloor x\rfloor+1$. Let $s$ be the value of $f(4+\frac{5}{6})$. If $s$ can be expressed as $m/n$, where $m$ and $n$ are relatively prime positive integers, find $m + n$.",
4/9,,BMT 2022 General #8,2022,,BMT,1.5,,"Oliver is at a carnival. He is offered to play a game where he rolls a fair dice and receives \$1 if his roll is a 1 or 2, receives \$2 if his roll is a 3 or 4, and receives \$3 if his roll is a 5 or 6. Oliver plays the game repeatedly until he has received a total of at least \$2. What is the probability that he ends with \$3?",fractions,"Oliver is at a carnival. He decides to play a game where he rolls a fair dice and receives \$1 if his roll is a 1 or 2, receives \$2 if his roll is a 3 or 4, and receives \$3 if his roll is a 5 or 6. He continues to play the game until he has accumulated a total of at least \$2. Let $p$ be the probability that Oliver ends with \$3. If $p$ can be expressed as $m/n$, where $m$ and $n$ are relatively prime positive integers, find $m + n$.",
160,,BMT 2022 General #9,2022,,BMT,2.0,,"What is the measure of the largest convex angle formed by the hour and minute hands of a clock between 1:45 PM and 2:40 PM, in degrees? Convex angles always have a measure of less than 180 degrees.",aime_ready_integers,N/A,
4,,BMT 2022 General #10,2022,,BMT,2.0,,"Each box in the equation
$$
\Box\times\Box\times\Box-\Box\times\Box\times\Box=9
$$
is filled in with a different number in the list 2, 3, 4, 5, 6, 7, 8 so that the equation is true. Which number in the list is not used to fill in a box?",aime_ready_integers,N/A,
4,,BMT 2022 General #11,2022,,BMT,2.0,,"The equation
$$
4^{x}-5\cdot2^{x+1}+16=0
$$
has two integer solutions for z. Find their sum.",aime_ready_integers,N/A,
71,,BMT 2022 General #12,2022,,BMT,2.0,,"Parallelograms ABGF, CDGB and EFGD are drawn so that ABCDEF is a convex hexagon. If $\angle ABG=53^{\circ}$ and $\angle CDG=56^{\circ}$ what is the measure of $\angle EFG$, in degrees?",aime_ready_integers,N/A,
1/18,,BMT 2022 General #13,2022,,BMT,2.0,,Three standard six-sided dice are rolled. What is the probability that the product of the values on the top faces of the three dice is a perfect cube?,fractions,"Three standard six-sided dice are rolled. Let $p$ be the probability that the product of the values on the top faces of the three dice is a perfect cube. If $p$ can be expressed as $m/n$, where $m$ and $n$ are relatively prime positive integers, find $m + n$.",
11,,BMT 2022 General #14,2022,,BMT,2.0,,Compute the number of positive integer divisors of 100000 which do not contain the digit 0.,aime_ready_integers,N/A,
180,,BMT 2022 General #15,2022,,BMT,2.5,,"Sohom constructs a square $BERK$ of side length $10$. Darlnim adds points $T$, $O$, $W$, and $N$, which are the midpoints of $\overline{BE}$, $\overline{ER}$, $\overline{RK}$, and $\overline{KB}$, respectively. Lastly, Sylvia constructs square $CALI$ whose edges contain the vertices of $BERK$, such that $\overline{CA}$ is parallel to $\overline{BO}.$ Compute the area of $CALI$.",aime_ready_integers,N/A,
64,,BMT 2022 General #16,2022,,BMT,2.5,,"A street on Stanford can be modeled by a number line. Four Stanford students, located at positions 1, 9, 25 and 49 along the line, want to take an UberXL to Berkeley, but are not sure where to meet the driver. Find the smallest possible total distance walked by the students to a single position on the street. (For example, if they were to meet at position 46, then the total distance walked by the students would be $45+37+21+3=106$, where the distances walked by the students at positions 1, 9, 25 and 49 are summed in that order.)",aime_ready_integers,N/A,
160,,BMT 2022 General #17,2022,,BMT,3.0,,"Midori and Momoi are arguing over chores. Each of 5 chores may either be done by Midori, done by Momoi, or put off for tomorrow. Today, each of them must complete at least one chore, and more than half of the chores must be completed. How many ways can they assign chores for today? (The order in which chores are completed does not matter.)",aime_ready_integers,N/A,
6√3 + 4π,,BMT 2022 General #18,2022,,BMT,3.0,,"Let equilateral triangle ABC be inscribed in a circle $\omega_{1}$ with radius 4. Consider another circle $\omega_{2}$ with radius 2 internally tangent to $\omega_{1}$ at A. Let $\omega_{2}$ intersect sides $\overline{AB}$ and $\overline{AC}$ at D and E, respectively. Compute the area of the shaded region.",pi,"Let equilateral triangle ABC be inscribed in a circle $\omega_{1}$ with radius 4. Consider another circle $\omega_{2}$ with radius 2 internally tangent to $\omega_{1}$ at A. Let $\omega_{2}$ intersect sides $\overline{AB}$ and $\overline{AC}$ at D and E, respectively. Let $n$ be the area of the shaded region. If $n$ can be written in the form $a\pi + b\sqrt{3}$, where $a$ and $b$ are positive integers, find $a + b$.",
-1/8,,BMT 2022 General #19,2022,,BMT,3.5,,"Suppose we have four real numbers a, b, c, d such that a is nonzero, a, b, form a geometric sequence, in that order, and b, c, d form an arithmetic sequence, in that order. Compute the smallest possible value of $\frac{d}{a}$ (A geometric sequence is one where every succeeding term can be written as the previous term multiplied by a constant, and an arithmetic sequence is one where every succeeeding term can be written as the previous term added to a constant.)",fractions,"Consider four real numbers a, b, c, d such that a is nonzero, a and b form a geometric sequence, in that order, and b, c, and d form an arithmetic sequence, in that order. Let $r$ be the ratio of d to a. If $r$ can be expressed as $m/n$, where $m$ and $n$ are relatively prime positive integers, find $m + n$.",
43,,BMT 2022 General #20,2022,,BMT,4.0,,"The game Boddle uses eight cards numbered 6, 11, 12, 14, 24, 47, 54, and n, where $0<n<56$. An integer D is announced, and players try to obtain two cards, which are not necessarily distinct, such that one of their differences (positive or negative) is congruent to D modulo 57. For example, if $D=27$, then the pair 24 and 54 would work because $24-54\equiv27$ mod 57. Compute n such that this task is always possible for all D.",aime_ready_integers,N/A,
15√3/4,,BMT 2022 General #21,2022,,BMT,4.0,,"On regular hexagon GOBEAR with side length 2, bears are initially placed at G, B, A, forming an equilateral triangle. At time $t=0$, all of them move clockwise along the sides of the hexagon at the same pace, stopping once they have each traveled 1 unit. What is the total area swept out by the triangle formed by the three bears during their journey?",roots,"Consider a regular hexagon GOBEAR with side length 2. Initially, bears are placed at vertices G, B, and A, forming an equilateral triangle. At time $t=0$, each bear begins to move clockwise around the hexagon at a constant speed, stopping once they have each traveled a distance of 1 unit. Let $x$ be the total area swept out by the triangle formed by the three bears during their journey. If $x$ can be written in the form $\frac{m\sqrt{n}}{k}$, where $m$ and $k$ are relatively prime positive integers and $n$ is not divisible by the square of any prime, find $m+n+k$.",
397,,BMT 2022 General #22,2022,,BMT,4.5,,"Given a positive integer n, let $s(n)$ denote the sum of the digits of n. Compute the largest positive integer n such that $n=s(n)^{2}+2s(n)-2$.",aime_ready_integers,N/A,
48,,BMT 2022 General #23,2022,,BMT,4.5,,"For real numbers B, M, and T, we have $B^{2}+M^{2}+T^{2}=2022$ and $B+M+T=72$ Compute the sum of the minimum and maximum possible values of T.",aime_ready_integers,N/A,
72/5,,BMT 2022 General #24,2022,,BMT,4.0,,"Triangle ABMT has $BM=4$, $BT=6$, and $MT=8.$ Point A lies on line $\overleftrightarrow{BM}$ and point Y lies on line $\overleftrightarrow{BT}$ such that $\overline{AY}$ is parallel to $\overline{MT}$ and the center of the circle inscribed in triangle ABAY lies on $\overline{MT}.$ Compute AY.",fractions,"Triangle ABMT has $BM=4$, $BT=6$, and $MT=8.$ Point A lies on line $\overleftrightarrow{BM}$ and point Y lies on line $\overleftrightarrow{BT}$ such that $\overline{AY}$ is parallel to $\overline{MT}$ and the center of the circle inscribed in triangle ABAY lies on $\overline{MT}.$ Let $s$ be the length of segment AY. If $s$ can be expressed as $m/n$, where $m$ and $n$ are relatively prime positive integers, find $m + n$.",
111/128,,BMT 2022 General #25,2022,,BMT,5.0,,"Bayus has eight slips of paper, which are labeled 1, 2, 4, 8, 16, 32, 64, and 128. Uniformly at random, he draws three slips with replacement; suppose the three slips he draws are labeled a, $b,$ and c. What is the probability that Bayus can form a quadratic polynomial with coefficients a, $b,$ and c, in some order, with 2 distinct real roots?",fractions,"Bayus has eight slips of paper, which are labeled 1, 2, 4, 8, 16, 32, 64, and 128. Uniformly at random, he draws three slips with replacement; suppose the three slips he draws are labeled a, $b,$ and c. Let $s$ be the probability that Bayus can form a quadratic polynomial with coefficients a, $b,$ and c, in some order, with 2 distinct real roots. If $s$ can be expressed as $m/n$, where $m$ and $n$ are relatively prime positive integers, find $m + n$.",
"[674/15,2023/45)",,BMT 2022 Algebra #4,2022,Algebra,BMT,3.0,,"Find all real $x$ such that
$$\lfloor x\lceil x\rceil\rfloor=2022.$$
Express your answer in interval notation. (Here, $\lfloor m\rfloor$ is defined as the greatest integer less than or equal to m. For example, $\lfloor3\rfloor=3$ and $\lfloor-4.25\rfloor=-5$. In addition, $\lceil m\rceil$ is defined as the least integer greater than or equal to m. For example, $\lceil2\rceil=2$ and $\lceil-3.25\rceil=-3.$",misc,N/A,
6723,,BMT 2022 Algebra #6,2022,Algebra,BMT,4.0,,"The degree-6 polynomial f satisfies $f(7)-f(1)=1$, $f(8)-f(2)=16$ , $f(9)-f(3)=81$, $f(10)-f(4)=256$ and $f(11)-f(5)=625$ Compute $f(15)-f(-3)$",large_integers,"The degree-6 polynomial f satisfies $f(7)-f(1)=1$, $f(8)-f(2)=16$ , $f(9)-f(3)=81$, $f(10)-f(4)=256$ and $f(11)-f(5)=625$. Let $n$ be the value of $f(15)-f(-3)$. Find the remainder when $n$ is divided by $1000$.",
2025/2023,,BMT 2022 Algebra #7,2022,Algebra,BMT,4.5,,"Let r, s, and t be the distinct roots of $x^{3}-2022x^{2}+2022x+2022.$ Compute
$$\frac{1}{1-r^{2}}+\frac{1}{1-s^{2}}+\frac{1}{1-t^{2}}$$",fractions,"Let r, s, and t be the distinct roots of $x^{3}-2022x^{2}+2022x+2022.$ Let $p$ be the value of the expression
$$\frac{1}{1-r^{2}}+\frac{1}{1-s^{2}}+\frac{1}{1-t^{2}}$$
If $p$ can be expressed as $m/n$, where $m$ and $n$ are relatively prime positive integers, find the value of $m+n$.",
2022! + 2^2022 - 1,,BMT 2022 Algebra #8,2022,Algebra,BMT,5.0,,"Given
$$x_{1}x_{2}\cdot\cdot\cdot x_{2022}=1$$
$$(x_{1}+1)(x_{2}+1)\cdot\cdot\cdot(x_{2022}+1)=2$$
$$((x_{1}+2021)(x_{2}+2021)\cdot\cdot\cdot(x_{2022}+2021)=2^{2021},$$
compute
$$((x_{1}+2022)(x_{2}+2022)\cdot\cdot\cdot(x_{2022}+2022).$$",misc,N/A,
10,,BMT 2022 Algebra #9,2022,Algebra,BMT,5.5,,"We define a sequence $=\sqrt{3},x_{2}=-1,x_{3}=2-\sqrt{3},$ and for all $n\ge4$
$$(x_{n}+x_{n-3})(1-x_{n-1}^{2}x_{n-2}^{2})=2x_{n-1}(1+x_{n-2}^{2}).$$
Suppose m is the smallest positive integer for which $x_{m}$ is undefined. Compute m.",aime_ready_integers,N/A,
-674,,BMT 2022 Algebra #10,2022,Algebra,BMT,7.0,,"Let p, q, and r be the roots of the polynomial $f(t)=t^{3}-2022t^{2}+2022t-337.$ Given
$$x=(q-1)(\frac{2022-q}{r-1}+\frac{2022-r}{p-1})$$
$$y=(r-1)(\frac{2022-r}{p-1}+\frac{2022-p}{q-1})$$
$$z=(p-1)(\frac{2022-p}{q-1}+\frac{2022-q}{r-1})$$
compute $xyz -qrx-rpy - pqz$.",negative_integers,"Let p, q, and r be the roots of the polynomial $f(t)=t^{3}-2022t^{2}+2022t-337.$ Given
$$x=(q-1)(\frac{2022-q}{r-1}+\frac{2022-r}{p-1})$$
$$y=(r-1)(\frac{2022-r}{p-1}+\frac{2022-p}{q-1})$$
$$z=(p-1)(\frac{2022-p}{q-1}+\frac{2022-q}{r-1})$$
Denote by $n$ the value of $xyz -qrx-rpy - pqz$. Find the absolute value of $n$.",
18,,BMT 2022 Discrete #1,2022,Counting,BMT,1.5,,"For lunch, Lamy, Botan, Nene, and Polka each choose one of three options: a hot dog, a slice of pizza, or a hamburger. Lamy and Botan choose different items, and Nene and Polka choose the same item. In how many ways could they choose their items?",aime_ready_integers,N/A,
25/72,,BMT 2022 Discrete #3,2022,Counting,BMT,2.5,,"Katie and Allie are playing a game. Katie rolls two fair six-sided dice and Allie flips two fair two-sided coins. Katie's score is equal to the sum of the numbers on the top of the dice. Allie's score is the product of the values of two coins, where heads is worth 4 and tails is worth 2. What is the probability Katie's score is strictly greater than Allie's?",fractions,"Katie and Allie are playing a game. Katie rolls two fair six-sided dice and her score is equal to the sum of the numbers on the top of the dice. Allie flips two fair two-sided coins, assigning a value of 4 for heads and 2 for tails, and her score is the product of the values of the two coins. Let $p$ be the probability that Katie's score is strictly greater than Allie's. If $p$ can be expressed as $m/n$, where $m$ and $n$ are relatively prime positive integers, find $m + n$.",
932,,BMT 2022 Discrete #4,2022,Counting,BMT,3.5,,"Richard and Shreyas are arm wrestling against each other. They will play 10 rounds, and in each round, there is exactly one winner. If the same person wins in consecutive rounds, these rounds are considered part of the same ""streak"". How many possible outcomes are there in which there are strictly more than 3 streaks? For example, if we denote Richard winning by R and Shreyas winning by S, SSRSSRRRRR is one such outcome, with 4 streaks.",aime_ready_integers,N/A,
397,,BMT 2022 Discrete #5,2022,Number Theory,BMT,4.5,,"Given a positive integer n, let $s(n)$ denote the sum of the digits of n. Compute the largest positive integer n such that $n=s(n)^{2}+2s(n)-2$",aime_ready_integers,N/A,
689/45,,BMT 2022 Discrete #7,2022,Counting,BMT,5.0,,"Luke the frog has a standard deck of 52 cards shuffled uniformly at random placed face down on a table. The deck contains four aces and four kings (no card is both an ace and a king). He now begins to flip over the cards one by one, leaving a card face up once he has flipped it over. He continues until the set of cards he has flipped over contains at least one ace and at least one king, at which point he stops. What is the expected value of the number of cards he flips over?",fractions,"Luke the frog has a standard deck of 52 cards shuffled uniformly at random placed face down on a table. The deck contains four aces and four kings (no card is both an ace and a king). He now begins to flip over the cards one by one, leaving a card face up once he has flipped it over. He continues this process until the set of cards he has flipped over contains at least one ace and at least one king. Let $s$ be the expected value of the number of cards he flips over. If $s$ can be expressed as $m/n$, where $m$ and $n$ are relatively prime positive integers, find $m + n$.",
3010,,BMT 2022 Discrete #8,2022,Number Theory,BMT,5.5,,"Define the two sequences $a_{0},a_{1},a_{2},...$ and $b_{0},b_{1},b_{2},...$ by $a_{0}=3$ and $b_{0}=1$ with the recurrence relations $a_{n+1}=3a_{n}+b_{n}$ and $b_{n+1}=3b_{n}-a_{n}$ for all nonnegative integers n. Let r and s be the remainders when $a_{32}$ and $b_{32}$ are divided by 31, respectively. Compute $100r+s$.",large_integers,"Define the two sequences $a_{0},a_{1},a_{2},...$ and $b_{0},b_{1},b_{2},...$ by $a_{0}=3$ and $b_{0}=1$ with the recurrence relations $a_{n+1}=3a_{n}+b_{n}$ and $b_{n+1}=3b_{n}-a_{n}$ for all nonnegative integers n. Let r and s be the remainders when $a_{32}$ and $b_{32}$ are divided by 31, respectively. Denote by n the integer formed by placing the digits of r in the hundreds place and the digits of s in the units place. Find the remainder when n is divided by 1000.",
1355,,BMT 2022 Discrete #9,2022,Counting,BMT,6.0,,"Lysithea and Felix each have a take-out box, and they want to select among 42 different types of sweets to put in their boxes. They each select an even number of sweets (possibly 0) to put in their box. In each box, there is at most one sweet of any type, although the boxes may have sweets of the same type in common. The total number of sweets they take out is 42. Let N be the number of ways can they select sweets to take out. Compute the remainder when N is divided by $42^{2}-1$.",large_integers,"Lysithea and Felix each have a take-out box, and they want to select among 42 different types of sweets to put in their boxes. They each select an even number of sweets (possibly 0) to put in their box. In each box, there is at most one sweet of any type, although the boxes may have sweets of the same type in common. The total number of sweets they take out is 42. Denote by N the number of ways they can select sweets to take out. Find the remainder when N is divided by 1000.",
648,,BMT 2022 Discrete #10,2022,Number Theory,BMT,7.0,,"Compute the number of integer ordered pairs (a, b) such that 10! is a multiple of $a^{2}+b^{2}.$",aime_ready_integers,N/A,
114√1601,,BMT 2022 Geometry #5,2022,Geometry,BMT,3.0,,"Steve has a tricycle which has a front wheel with a radius of 30 cm and back wheels with radii of 10 cm and 9 cm. The axle passing through the centers of the back wheels has a length of 40 cm and is perpendicular to both planes containing the wheels. Since the tricycle is tilted, it goes in a circle as Steve pedals. Steve rides the tricycle until it reaches its original position, so that all of the wheels do not slip or leave the ground. The tires trace out concentric circles on the ground, and the radius of the circle the front wheel traces is the average of the radii of the other two traced circles. Compute the total number of degrees the front wheel rotates. (Express your answer in simplest radical form.)",roots,"Steve has a tricycle which has a front wheel with a radius of 30 cm and back wheels with radii of 10 cm and 9 cm. The axle passing through the centers of the back wheels has a length of 40 cm and is perpendicular to both planes containing the wheels. Since the tricycle is tilted, it goes in a circle as Steve pedals. Steve rides the tricycle until it reaches its original position, so that all of the wheels do not slip or leave the ground. The tires trace out concentric circles on the ground, and the radius of the circle the front wheel traces is the average of the radii of the other two traced circles. Let $x$ be the total number of degrees the front wheel rotates. If $x$ can be written in the form of $m\sqrt{n}$, where $m$ and $n$ are positive integers and $n$ is not divisible by the square of any prime, find the value of $m + n$.",
4√35,,BMT 2022 Geometry #7,2022,Geometry,BMT,4.5,,"In triangle $\triangle ABC$ with orthocenter H, the internal angle bisector of $\angle BAC$ intersects $\overline{BC}$ at Y. Given that $AH=4$, $AY=6$, and the distance from Y to $\overline{AC}$ is $\sqrt{15}$ compute BC.",roots,"In triangle $\triangle ABC$ with orthocenter H, the internal angle bisector of $\angle BAC$ intersects $\overline{BC}$ at Y. Given that $AH=4$, $AY=6$, and the distance from Y to $\overline{AC}$ is $\sqrt{15}$, let $x$ be the length of $\overline{BC}$. If $x$ can be written in the form $m\sqrt{n}$, where $m$ and $n$ are positive integers and $n$ is not divisible by the square of any prime, find $m+n$.",
(π^3)/4,,BMT 2022 Geometry #8,2022,Geometry,BMT,5.5,,"Anton is playing a game with shapes. He starts with a circle $\omega_{1}$ of radius 1, and to get a new circle $\omega_{2}$, he circumscribes a square about $\omega_{1}$ and then circumscribes circle $\omega_{2}$ about that square. To get another new circle $\omega_{3}$, he circumscribes a regular octagon about circle $\omega_{2}$ and then circumscribes circle $\omega_{3}$ about that octagon. He continues like this, circumscribing a $2^{n}$-gon about $\omega_{n-1}$ and then circumscribing a new circle $\omega_{n}$ about the $2^{n}$-gon. As n increases, the area of $\omega_{n}$ approaches a constant A. Compute A.",misc,N/A,
735,,BMT 2022 Geometry #9,2022,Geometry,BMT,6.5,,"Seven spheres are situated in space such that no three centers are collinear, no four centers are coplanar, and every pair of spheres intersect each other at more than one point. For every pair of spheres, the plane on which the intersection of the two spheres lies in is drawn. What is the least possible number of sets of four planes that intersect in at least one point?",aime_ready_integers,N/A,
2√21,,BMT 2022 Geometry #10,2022,Geometry,BMT,7.0,,"In triangle AABC, E and F are the feet of the altitudes from B to AC and C to $\overline{AB}$, respectively. Line $\overleftrightarrow{BC}$ and the line through A tangent to the circumcircle of ABC intersect at X. Let Y be the intersection of line $\overleftrightarrow{EF}$ and the line through A parallel to $\overline{BC}$. IF $XB=4$ $BC=8$ and $EF=4\sqrt{3}$, compute XY.",roots,"In triangle $ABC$, $E$ and $F$ are the feet of the altitudes from $B$ to $\overline{AC}$ and $C$ to $\overline{AB}$, respectively. Line $\overleftrightarrow{BC}$ and the line through $A$ tangent to the circumcircle of $\triangle ABC$ intersect at $X$. Let $Y$ be the intersection of line $\overleftrightarrow{EF}$ and the line through $A$ parallel to $\overline{BC}$. Given that $XB=4$, $BC=8$, and $EF=4\sqrt{3}$, let $x$ be the length of segment $\overline{XY}$. If $x$ can be written in the form of $m\sqrt{n}$, where $m$ and $n$ are positive integers and $n$ is not divisible by the square of any prime, find the value of $m+n$.",
264,,BMT 2022 Guts #1,2022,Number Theory,BMT,1.0,,What is the sum of all positive 2-digit integers whose sum of digits is 16?,aime_ready_integers,N/A,
7/15,,BMT 2022 Guts #2,2022,Counting,BMT,1.5,,A bag has 3 white and 7 black marbles. Arjun picks out one marble without replacement and then a second. What is the probability that Arjun chooses exactly 1 white and 1 black marble?,fractions,"A bag contains 3 white and 7 black marbles. Arjun picks out two marbles out of the bag, one after the other, without replacing them. Let $p$ be the probability that Arjun picks exactly one white and one black marble. If $p$ can be expressed as $m/n$, where $m$ and $n$ are relatively prime positive integers, find the value of $m + n$.",
21/2,,BMT 2022 Guts #3,2022,Algebra,BMT,1.5,,The polynomial $ax^{2}+bx+c$ crosses the x-axis at $x=10$ and $x=-6$ and crosses the y-axis at $y=10$ Compute $a+b+c.$,fractions,"Consider the polynomial $ax^{2}+bx+c$ which crosses the x-axis at $x=10$ and $x=-6$ and crosses the y-axis at $y=10$. Let $s$ be the sum of the coefficients $a$, $b$, and $c$. If $s$ can be expressed as $m/n$, where $m$ and $n$ are relatively prime positive integers, find $m+n$.",
5,,BMT 2022 Guts #4,2022,Number Theory,BMT,1.5,,Compute the number of primes less than 40 that are the sum of two primes.,aime_ready_integers,N/A,
24,,BMT 2022 Guts #5,2022,Algebra,BMT,2.0,,"Theo and Wendy are commuting to school from their houses. Theo travels at z miles per hour, while Wendy travels at $x+5$ miles per hour. The school is 4 miles from Theo's house and 10 miles from Wendy's house. If Wendy's commute takes double the amount of time that Theo's commute takes double the amount of time that Theo's commute takes, how many minutes does it take Wendy to get to school?",aime_ready_integers,N/A,
240,,BMT 2022 Guts #6,2022,Geometry,BMT,2.0,,Equilateral triangle ABC has side length 20. Let PQRS be a square such that A is the midpoint of $\overline{RS}$ and Q is the midpoint of $\overline{BC}$ Compute the area of PQRS.,aime_ready_integers,N/A,
√3/2,,BMT 2022 Guts #7,2022,Geometry,BMT,2.0,,"A regular hexagon is inscribed in a circle of radius 1, and all diagonals between vertices that have exactly one vertex between them are drawn. Compute the area of the hexagon enclosed by all of the diagonals.",roots,"A regular hexagon is inscribed in a circle of radius 1, and all diagonals between vertices that have exactly one vertex between them are drawn. Let $x$ be the area of the hexagon enclosed by all of the diagonals. If $x$ can be written in the form $m\sqrt{n}/k$, where $m$ and $k$ are relatively prime positive integers and $n$ is not divisible by the square of a prime, find $m + n + k$.",
2/5,,BMT 2022 Guts #8,2022,Counting,BMT,2.5,,Seven equally-spaced points are drawn on a circle of radius 1. Three distinct points are chosen uniformly at random. What is the probability that the center of the circle lies in the triangle formed by the three points?,fractions,"Seven equally-spaced points are drawn on a circle of radius 1. Three distinct points are selected randomly from these seven. We are interested in finding the probability that the center of the circle lies within the triangle formed by these three points. Let $p$ be this probability. If $p$ can be expressed as $m/n$, where $m$ and $n$ are relatively prime positive integers, find $m+n$.",
1617,,BMT 2022 Guts #9,2022,Number Theory,BMT,2.5,,Define the polynomial $f(x)=x^{4}+x^{3}+x^{2}+x+1$. Compute the number of positive integers n less than equal to 2022 such that $f(n)$ is 1 more than multiple of 5.,large_integers,Define the polynomial $f(x)=x^{4}+x^{3}+x^{2}+x+1$. Let $n$ be the number of positive integers less than or equal to 2022 such that $f(n)$ is 1 more than a multiple of 5. Find the remainder when $n$ is divided by 1000.,
405,,BMT 2022 Guts #10,2022,Number Theory,BMT,3.0,,"Compute the number of ordered pairs (a, b) of positive integers such that a and b divide 5040 but share no common factors greater than 1.",aime_ready_integers,N/A,
950,,BMT 2022 Guts #11,2022,Number Theory,BMT,3.0,,"Kylie is trying to count to 202250. However, this would take way too long, so she decides to only write down positive integers from 1 to 202250, inclusive, that are divisible by 125. How many times does she write down the digit 2?",aime_ready_integers,N/A,
25/8,,BMT 2022 Guts #12,2022,Geometry,BMT,3.5,,"Let circles $C_{1}$ and $C_{2}$ be internally tangent at point P, with $C_{1}$ being the smaller circle. Consider a line passing through P which intersects $C_{1}$ at Q and $C_{2}$ at R. Let the line tangent to $C_{2}$ at R and the line perpendicular to PR passing through Q intersect at a point S outside both circles. Given that $SR=5,$ $RQ=3,$ and $QP=2$ compute the radius of $C_{2}$.",fractions,"Let circles $C_{1}$ and $C_{2}$ be internally tangent at point P, with $C_{1}$ being the smaller circle. Consider a line passing through P which intersects $C_{1}$ at Q and $C_{2}$ at R. Let the line tangent to $C_{2}$ at R and the line perpendicular to PR passing through Q intersect at a point S outside both circles. Given that $SR=5,$ $RQ=3,$ and $QP=2$, let $r$ be the radius of $C_{2}$. If $r$ can be expressed as $m/n$, where $m$ and $n$ are relatively prime positive integers, find the value of $m + n$.",
√6 - 1,,BMT 2022 Guts #13,2022,Algebra,BMT,3.5,,"Real numbers $x$ and $y$ satisfy the system of equations $x^{3}+3x^{2}=-3y-1$ and
$y^{3}+3y^{2}=-3x-1.$
What is the greatest possible value of x?",roots,"Real numbers $x$ and $y$ satisfy the system of equations $x^{3}+3x^{2}=-3y-1$ and $y^{3}+3y^{2}=-3x-1$. Let $x$ be the greatest possible value of $x$ in this system. If $x$ can be written as $m\sqrt{n} - c$, where $m$, $n$, and $c$ are positive integers and $n$ is not divisible by the square of a prime, find $m + n + c$.",
35350,,BMT 2022 Guts #14,2022,Number Theory,BMT,4.0,,"Isaac writes each fraction $\frac{1^{2}}{300},\frac{2^{2}}{300},...,\frac{300^{2}}{300}$ in reduced form. Compute the sum of all denominators over all the reduced fractions that Isaac writes down.",large_integers,"Isaac writes each fraction $\frac{1^{2}}{300},\frac{2^{2}}{300},...,\frac{300^{2}}{300}$ in reduced form. Let $n$ be the sum of all denominators over all the reduced fractions that Isaac writes down. Find the remainder when $n$ is divided by 1000.",
